State,Season,pH_Level,Turbidity_NTU,Nitrate_mgL,Bacteria_Count_CFU,Rainfall_mm,Temp_C,Outbreak_Risk
Mizoram,Pre-Monsoon,8.102176263168332,1.8121136266561337,0.07006921658776477,749.177855074653,65.01160066383032,17.097276125373764,0
Meghalaya,Winter,6.567180402383661,2.915949043160921,43.806388013968444,574.3388723911714,37.7583883339865,32.66039882600272,0
Nagaland,Monsoon,7.579035815774823,7.004076532133682,40.01429490012133,1608.9291160269768,622.8305675278616,17.874778307720092,1
Assam,Monsoon,7.419925950625264,6.288475341061108,29.733620940186434,1979.5293739261892,563.6735913412982,25.850914489597777,1
Tripura,Pre-Monsoon,6.114133547084984,1.8349451561834973,45.546233084575945,542.9145458705073,109.43488301523907,29.664934708744056,0
Tripura,Winter,7.472579337273144,1.9165328797875794,41.78643802777143,552.8303237858287,31.608488107135,24.605208998435366,0
Tripura,Pre-Monsoon,6.56824796325955,1.1930289857195517,21.41294867332006,191.95942274852598,82.12790690555263,34.959901323546895,0
Arunachal Pradesh,Monsoon,8.369948941246108,11.44961138371992,35.413694985345835,510.16544403198685,340.60384558538385,26.317151793957013,1
Arunachal Pradesh,Post-Monsoon,6.327523681525102,2.2429181979510506,10.03608153178358,405.7330295037291,56.907028827255516,27.102731029575967,0
Meghalaya,Pre-Monsoon,6.230869652755784,1.2735085696080324,5.4779428825985965,596.1749919785032,118.46708679261747,34.9153118899335,0
Meghalaya,Monsoon,7.9028418981748585,11.101590119004632,29.704250860358687,3863.485119970169,533.5932079086974,28.091376784083895,1
Meghalaya,Winter,8.082699913066273,0.8080333210636678,0.18353629753524725,672.3362313620823,90.07165257274656,15.891873855554328,0
Assam,Winter,6.614963803234561,2.51643305939725,45.85690907832653,577.8562319852199,138.88602652381357,16.103842617588867,0
Manipur,Monsoon,6.834197522548778,10.238453823329632,25.367213299643293,1901.333172044098,589.8531607796451,26.388626638871155,1
Meghalaya,Winter,7.865562610452979,1.9901244615632696,25.548955686667647,302.4731413625166,49.52249366296305,15.349529894498914,0
Assam,Pre-Monsoon,6.811798128405287,3.1445309804461963,41.27285978494248,547.315222592711,24.9726659733592,23.991940045813934,0
Arunachal Pradesh,Winter,6.5419369909233165,3.386206277818121,5.035382006424694,346.5938127661894,141.17969001001657,17.685858014686893,0
Mizoram,Pre-Monsoon,7.438921296110783,1.0326865180321616,27.59403721276606,579.0309062373824,108.69888847856429,15.963173400676105,0
Tripura,Post-Monsoon,8.27149137564443,3.530482383411697,36.88880139874837,469.11762872875795,134.53218493399373,32.389686300444765,0
Sikkim,Pre-Monsoon,6.114671165704888,1.2399752636786845,24.989555744320885,25.337411632178796,121.67782849873979,24.796532570302098,0
Sikkim,Winter,7.147618931061325,3.829443732984125,13.403747005779376,88.24495578731486,107.48280151045311,25.31961363178734,0
Assam,Monsoon,7.04209050588889,10.001772321386575,18.899795367555683,2721.3684766493047,332.224575036176,26.212436636830994,1
Nagaland,Monsoon,8.438165383293054,6.116242441293127,14.277625499542534,1527.2663255421792,434.8797856117634,15.224562896645061,1
Manipur,Monsoon,7.084380416469566,9.95229292432947,44.755352869467714,4932.318239516153,569.622968874361,30.089833415772404,1
Manipur,Post-Monsoon,7.108336176368918,1.9687643284806093,29.855606331854307,190.27389100425341,69.23705433524049,26.169673194246904,0
Tripura,Post-Monsoon,6.606142427495953,3.7788817005807838,13.054586013112202,252.09474304099834,147.7810400742869,33.95778483007413,0
Tripura,Post-Monsoon,8.478570368655529,2.7042671371168954,29.52693701202149,771.8946663541326,135.12376346477342,28.918438851647096,0
Sikkim,Monsoon,7.5541934633492005,9.949455499517931,31.465586712638917,4587.744686442829,775.6001421885053,31.39937072721942,1
Tripura,Winter,6.097165181801686,1.0795977504862233,3.0900849538250066,31.907870860874738,61.015179059670295,33.680252802687974,0
Sikkim,Winter,6.294411467037528,3.9401843736341706,6.8932788690812705,213.46017142627025,10.229206377021391,25.7093123481421,0
Arunachal Pradesh,Winter,8.065758912315196,1.4044662914233739,22.33465162999981,348.5251436484039,111.92800641486639,25.57573200809394,0
Tripura,Pre-Monsoon,6.481744311571743,2.4000828722757297,12.35020591898352,201.1805847592612,19.97208891795795,23.91838908489634,0
Tripura,Monsoon,7.173818815751809,8.836184447343284,27.494662640821222,4950.280960094468,399.2422507543919,26.479950394307565,1
Mizoram,Pre-Monsoon,6.52137222359716,0.7931819932840122,5.338971738718157,409.50597723491444,86.52872937208807,17.892437251346973,0
Tripura,Winter,7.425052695976392,3.8249063543428754,41.038784446961145,93.88953554195827,49.59722050563421,28.22688152823096,0
Meghalaya,Winter,8.160081635778894,3.1753376396720303,7.284464223157677,164.88768479318566,16.562088442094055,19.630326507902467,0
Mizoram,Winter,7.704007511275343,0.7868949881929348,39.03669018885521,115.12726580744456,105.46656391893264,28.075840308861153,0
Arunachal Pradesh,Monsoon,7.8593323803878885,8.133252964957528,5.868361717182818,904.3759441342975,516.6654867394038,17.356086953326983,1
Manipur,Post-Monsoon,7.696340382905922,1.5260429768762682,26.429407266737208,495.3324742264314,97.22807623391834,27.515439319291723,0
Nagaland,Winter,7.143898528626904,1.029497951814868,14.457345093216556,613.4285403287909,128.94069629229688,16.347413514079747,0
Sikkim,Winter,7.017142976678304,3.976266313405101,32.49473494391309,179.7720357868621,67.65322884798016,32.89225092481439,0
Nagaland,Pre-Monsoon,8.392622085407554,2.8361980247433944,41.15644008626411,64.24337210663928,81.7096522998564,24.7133064703347,0
Mizoram,Pre-Monsoon,7.0249342077362265,2.098025534441251,4.409975803829235,73.44610964757445,39.60437540338209,26.761553808920937,0
Meghalaya,Pre-Monsoon,7.527752028594735,1.9721667530163416,41.52055080618508,737.9922690903647,81.93271024011099,30.464928048045387,0
Mizoram,Winter,6.894530894777471,1.0216711778166916,1.301029931292269,771.5758804206123,38.03973686125882,19.210453140938398,0
Meghalaya,Monsoon,6.875639513890581,7.361506068721567,35.436792855336016,3565.150797501363,574.0836499986856,28.85798992927795,1
Manipur,Post-Monsoon,7.93408361338161,3.377719462464956,5.989029663029733,195.93464405318858,45.64282928831282,25.98677352637449,0
Sikkim,Pre-Monsoon,8.490977364094077,2.439338687159965,43.26190745856836,81.878165266741,99.22101890704691,29.95707945082978,0
Mizoram,Post-Monsoon,7.674742826561221,2.323227400639066,47.26174291794334,333.84438956642686,35.526008757098126,31.783577186476673,0
Meghalaya,Pre-Monsoon,6.522807008548395,1.654067309784434,39.70403403942348,90.43550367522431,122.39159270410077,27.067924602984252,0
Arunachal Pradesh,Post-Monsoon,6.165450470871181,2.4516386744213268,6.424482981217055,456.1847932089404,73.99908477341639,17.400330206010484,0
Meghalaya,Monsoon,8.17854526635146,10.832886719074622,40.30860678035781,1190.3829312885255,338.34123331965503,30.31868414569184,1
Meghalaya,Winter,7.733628444508039,3.5062372022970862,34.63302062277126,746.6799948537231,97.59462373561786,15.98806795722702,0
Nagaland,Pre-Monsoon,7.910642182597281,3.980990368115053,28.886179350857088,271.53449667893443,23.426284248398964,29.19404887880649,0
Meghalaya,Post-Monsoon,8.346351693759127,2.9931756660399835,48.050404685264134,678.7432554078594,124.04436657502102,26.245190071990077,0
Nagaland,Winter,6.9654583079564745,2.9652938695632964,32.29510809253846,195.9476044032558,16.90467534903959,32.60351809664758,0
Manipur,Winter,6.3824222707083,2.1961491550368537,25.20810938902831,353.3103666418418,29.68201686642558,16.137117793499037,0
Assam,Pre-Monsoon,6.497865643405672,3.5686473752806522,26.1792517060562,526.8858028416073,115.67996689044749,19.21508645605067,0
Arunachal Pradesh,Winter,7.510779366171013,3.344411648828549,47.74522600911966,493.6742904021308,74.35445965603412,29.22514815468668,0
Sikkim,Monsoon,7.215837049254771,8.009956254190827,17.049032531450692,607.2380825357008,504.05958495080006,22.663565514458988,1
Mizoram,Winter,6.050621469991641,2.5307649666805863,18.185060812818477,440.0137099281636,12.235561472376999,29.812413433759133,0
Nagaland,Pre-Monsoon,6.062667471389311,2.4444809662434936,19.124481886398204,520.537034407596,105.15415983925425,21.105761484632552,0
Nagaland,Winter,6.365591449680767,1.4904082530754752,7.855822850576616,514.599074925272,92.83201171983923,23.666948481321494,0
Sikkim,Winter,8.403366533523894,3.951833205873385,37.64204247485503,728.3405637805416,26.74223768738328,30.77102017466819,0
Assam,Post-Monsoon,6.076783561260052,2.221416646653526,15.314341541069599,418.45759825337194,46.892148521052256,19.69042020361524,0
Meghalaya,Winter,6.792817762721363,0.7209141484160659,48.60140896379458,140.37772153276057,94.64521368486386,23.716768578324583,0
Tripura,Winter,6.620376769698123,0.7720608805955886,27.928885112718245,206.3318576036334,79.59273590654688,15.921703782286285,0
Meghalaya,Post-Monsoon,8.36735161436254,2.21643583436723,27.697502342076795,68.2026711272598,91.27839777285483,17.650192418749203,0
Assam,Post-Monsoon,7.911715075611772,2.730353260860031,43.019678395045325,379.6486493312089,87.50995797574257,26.135789187182972,0
Assam,Winter,6.31184278182427,1.264332397223919,20.485817320366007,145.4274712409535,54.20603578241663,23.37679932045559,0
Mizoram,Monsoon,6.350765790803686,14.431327396369252,17.79016888224043,1727.4675150435578,388.2754050481293,33.985393317927326,1
Manipur,Pre-Monsoon,7.901956205832436,3.1359476985281622,5.307244207593264,429.5414357271024,78.35300330990349,15.582440190373536,0
Arunachal Pradesh,Pre-Monsoon,6.640827837132412,2.561454400852884,30.417917134521595,304.18310986408136,121.02206627014381,16.340252412421464,0
Tripura,Pre-Monsoon,6.7101536924204055,3.274610197830051,36.31306055712383,443.81427446582717,42.94000595097396,26.343600203361888,0
Nagaland,Winter,6.039524198925143,3.01645902964609,15.359290563558236,134.5928403867326,52.41141892721719,34.22253786269064,0
Sikkim,Monsoon,6.020094077817707,11.29159365824046,5.759123430752577,3114.136532883736,495.1747152766445,28.60962800658525,1
Nagaland,Post-Monsoon,6.890956095108737,3.126557598466378,27.660452736438483,791.4526737128663,147.97034283521722,17.86047973692145,0
Arunachal Pradesh,Winter,7.26190194840047,2.028110873070172,44.20836672031621,95.11416896063116,106.57685923303814,24.5342615622179,0
Mizoram,Monsoon,6.737163421513062,6.742870992555065,28.16854137946593,915.6336295794711,491.4843217407446,25.206894079089913,1
Nagaland,Winter,7.027698017537264,3.0851418705536293,38.33793936630151,648.7265081863169,129.53242554122602,18.755821688032455,0
Arunachal Pradesh,Post-Monsoon,6.787302380964803,3.3475836555301974,20.36358055636176,108.14631718521223,144.73167133303926,34.3716907918261,0
Arunachal Pradesh,Post-Monsoon,6.060646599330461,1.3068610725489107,2.081122910725308,107.83235300587224,38.844601727340404,22.470805137230315,0
Mizoram,Pre-Monsoon,8.202120522878396,0.9329049088822352,5.014122932901543,551.6333230842038,29.566082363654285,24.17554744827285,0
Assam,Post-Monsoon,7.3450685830815505,2.0649578894060996,47.61977135058428,313.53014232255737,76.30711474485088,25.221455303697773,0
Sikkim,Post-Monsoon,6.005365895392338,1.729893182910761,20.14342797253756,263.37678836790803,41.015320770010064,21.965460182929103,0
Mizoram,Winter,6.534704782261541,3.460565930168331,45.43012446450687,791.362803507679,23.564273719320454,34.89632350147569,0
Tripura,Post-Monsoon,6.5662185991795035,1.2532031237558157,46.15220082059729,590.62161405226,60.18535298079122,33.244266778224514,0
Nagaland,Winter,8.198511493223632,2.4901218148921727,9.728374384278565,435.20911821978746,120.71368021732471,31.659460946468894,0
Mizoram,Post-Monsoon,6.838318661929404,3.1503908380748906,39.814036127974205,664.7705426174789,117.06674339733212,25.391662111116347,0
Tripura,Winter,7.47342601961479,1.4645692777805894,29.14707307486183,334.05383855638485,26.427680771875906,34.2753455899538,0
Tripura,Winter,6.03916389328155,1.8637644991762015,18.27542339178415,640.680126323668,107.3520908079837,18.87619954481297,0
Assam,Monsoon,6.162464527382915,5.810269288867811,49.449803050305725,4144.168334324212,548.4503815285569,25.40272528286271,1
Tripura,Pre-Monsoon,8.439207470130295,1.7933192841474073,45.33116872654239,755.1653115858038,148.16744704440612,34.7236779642227,0
Sikkim,Winter,8.397692842186544,2.641092433972546,11.921478598307278,27.051780463340314,142.42908481865058,23.110439035563275,0
Arunachal Pradesh,Post-Monsoon,6.061256603011652,3.647554997788041,41.337537929509395,204.98399788859172,44.86755597507964,27.66896231024986,0
Assam,Winter,7.032511830758677,0.785350806814862,2.479086840427236,237.66757844562588,37.79056714911765,18.471805223566363,0
Manipur,Post-Monsoon,6.427128479434803,2.568865193857911,41.5940691468584,709.5240866035613,76.81076157603655,16.682613182356842,0
Mizoram,Pre-Monsoon,7.24807247894976,0.6727088035422732,14.014846724926395,321.71704836231976,104.43911353644697,25.7834854467677,0
Manipur,Pre-Monsoon,6.321488165613823,1.9273584860702426,35.25307217104828,76.24998670228294,115.42659094401247,21.432825689811484,0
Nagaland,Pre-Monsoon,6.456535804479818,3.5058386504296686,16.56974037672341,766.8390633664591,41.354039298280156,25.24110891796482,0
Meghalaya,Post-Monsoon,7.688506318494103,1.8435769229168577,42.102812239906335,177.6398240692138,32.649094436232275,30.895525339619223,0
Assam,Monsoon,7.883120840823006,14.948902489517598,33.69108775348678,1280.3697875275343,537.4728360751931,19.532257126428853,1
Sikkim,Winter,7.654397126080578,1.8602938344861495,11.847322586835373,249.32291858190487,120.2624315148274,24.652740293285973,0
Mizoram,Pre-Monsoon,7.051977972738746,2.7931609066544767,38.77637116746843,320.544572373312,135.80107979478976,20.543181890455777,0
Arunachal Pradesh,Monsoon,6.840719108907992,11.672993949370051,30.07853153738639,794.1377028637903,318.39852302277035,31.61622857313571,1
Manipur,Post-Monsoon,8.225506130318296,2.27311650659201,43.65865229467411,250.85114155509677,57.95781088388481,24.949184425305184,0
Tripura,Winter,6.193009009636608,3.6162454011324874,36.99200798535926,603.3745531205025,45.236329886052204,16.06106116764243,0
Mizoram,Pre-Monsoon,7.158121580369597,3.2222880582979556,16.93250588735905,523.4033809059512,138.51528550092974,19.868729543279635,0
Meghalaya,Post-Monsoon,6.558176784424022,3.4462080860362594,40.30957052732795,281.9934054239705,99.82915644929919,34.057984406251684,0
Arunachal Pradesh,Winter,7.430096759766446,1.108498747597881,24.710725087661643,267.71647586092797,107.0355055211573,24.863980655400248,0
Sikkim,Monsoon,6.02328283395967,12.638117967247464,45.93468690798639,2753.2233377596094,648.1215463771136,23.07891436282932,1
Manipur,Monsoon,7.221884695694746,7.359758723587238,23.44450957396644,855.7292509729444,597.6268476940177,34.11052236811207,1
Tripura,Post-Monsoon,7.068273994593591,3.8194143696946354,15.716800571237599,758.7869979096389,122.34308505535532,31.74390954523131,0
Mizoram,Pre-Monsoon,7.3723270572594695,3.9853848280790865,1.4219214126656388,384.3267196301332,91.63641214589956,34.29109230289785,0
Arunachal Pradesh,Winter,8.061619043627022,2.1809585985422295,20.81810821977324,596.3689087724698,110.28570731495131,34.45968296654783,0
Nagaland,Pre-Monsoon,7.018073581189202,2.508885853188385,46.14834429749156,123.69039550160005,51.23127702598646,31.464828745980466,0
Meghalaya,Monsoon,7.573756281737785,10.042008885475674,34.452307536847194,2136.436031966007,373.1485269432858,19.698571421767298,1
Meghalaya,Winter,7.172226947443308,1.666426524424812,5.473079096940825,241.28119729327938,123.67339809731678,20.374997100682997,0
Meghalaya,Pre-Monsoon,7.175092605714177,0.5340930764962012,17.049360844537816,218.7453591400201,101.1081411528428,23.919183041019025,0
Meghalaya,Pre-Monsoon,6.856812245870073,1.6944953402579888,38.043205035328185,27.50111616358532,23.022293435800872,29.7612924479214,0
Assam,Monsoon,7.104825225399779,8.620811826737462,47.307153849627184,1342.9743176402958,394.2233835790199,17.5324893634112,1
Sikkim,Post-Monsoon,6.733407358323068,3.0333240052952863,5.288275304481377,262.05141170171765,29.231780399338493,24.81574740284024,0
Mizoram,Pre-Monsoon,6.050187667809123,0.741671400881106,30.53676495858762,560.0566464012928,138.56113566496612,19.464195301397872,0
Manipur,Monsoon,6.226019978700503,13.46010837624218,16.13975004574418,2813.6149423855973,568.8317745226327,15.840061725055287,1
Mizoram,Pre-Monsoon,6.618826746284552,2.5164053837875815,21.688601150175845,409.39921910569035,138.46053285380177,27.18918108593416,0
Meghalaya,Winter,6.544556526612367,1.6220956089698326,12.232918728796605,142.6421527062392,113.9010136893265,26.83550376007252,0
Sikkim,Post-Monsoon,8.148334476374592,0.8788625619098986,43.179304514868086,22.9057927699592,100.98351645625618,34.06514519192574,0
Nagaland,Post-Monsoon,6.526597587460944,2.6034137780263356,35.16250027572207,433.0514023077537,101.90817775213854,23.87691233149022,0
Meghalaya,Winter,6.024464778736572,1.8201511317543164,21.829264359307622,530.4715418006712,127.07088553112273,18.477479661925603,0
Sikkim,Monsoon,7.390989849584412,13.523186199316731,16.883051516778337,4721.077076991431,387.4575562413587,20.981703930663578,1
Meghalaya,Monsoon,8.016671735324781,7.2300917158992934,12.182706650151804,3705.5561072739765,479.21517283418785,21.166256630067544,1
Mizoram,Post-Monsoon,8.209955101828227,2.3800521196104993,45.49852802676988,171.7998304811973,14.903713652466813,26.593162298795335,0
Tripura,Monsoon,8.39349369854467,11.47049050369639,29.032727234335354,1165.8511954658784,622.4345786026622,28.295539776887892,1
Assam,Post-Monsoon,8.43623213707609,2.4290707104686415,35.73119553490311,277.4891023432151,48.96713959876698,30.049857999711023,0
Assam,Winter,8.353314806365022,3.8780395018920215,23.418464656329924,203.92038920783196,147.04134572133285,20.318714641395093,0
Manipur,Winter,7.104349338844105,1.747138114453042,19.75445505342784,353.86189673365897,114.38766709645422,16.562293854836938,0
Assam,Post-Monsoon,8.000675456633616,0.7895492936751412,12.107854150396925,675.606376281836,19.66686594757476,27.897341429099495,0
Mizoram,Monsoon,8.30282659907641,6.046173964432136,8.11272184999744,4177.240316832453,369.53054529985366,24.228694938915048,1
Meghalaya,Winter,7.223751904881462,0.6476692979851092,7.9120341867576105,321.5070180193932,18.98281560364646,32.5623927253648,0
Manipur,Winter,7.839699435814409,2.558045557007859,39.46240517626408,508.27964640875894,38.976272437429174,20.185801090431745,0
Tripura,Post-Monsoon,8.371998454488338,2.230093549369965,5.36887371019556,562.3847999118781,148.26173712596358,17.9629969075002,0
Assam,Monsoon,6.116440368352056,12.836296106051877,18.37625338666436,2581.6663394895177,585.8127630233635,29.401174216075802,1
Mizoram,Monsoon,8.223809747976125,11.073764540650306,7.805093594462198,4444.641744490802,305.6043535244863,20.489679496321052,1
Mizoram,Monsoon,8.28102924673966,14.105951909077854,29.87741638583653,1867.536170853327,661.4041062934444,30.97802676369877,1
Assam,Monsoon,7.791590640007667,8.124115082553637,38.458557895066555,3602.9804306949886,447.83619801448526,32.622187941540886,1
Assam,Post-Monsoon,6.779118525158167,3.4383864590844895,11.46437959307382,46.17180029678014,126.08402609826891,30.301234512604537,0
Nagaland,Monsoon,7.256649992191508,6.468899461673956,18.177896872529114,2853.6385072940857,410.9517286667657,26.1493296447483,1
Mizoram,Winter,7.4009830360105795,3.7759450504372776,38.132572630036535,544.714929527926,24.265463361656355,33.68905208028896,0
Tripura,Post-Monsoon,7.204074693713228,2.9638340857898413,41.947053082051156,689.3119095700902,96.018425614378,28.018662473416477,0
Manipur,Winter,6.3839738503742405,0.9447518561405805,3.6457467422315757,97.41912379859646,81.91575494296085,18.766397120790213,0
Sikkim,Monsoon,7.960781104667277,12.31621188160774,32.22440210791446,2238.9791525696946,681.0826851298257,34.74983038247326,1
Arunachal Pradesh,Pre-Monsoon,8.333035047922078,2.677156673583956,15.31880773805519,788.8635630540942,51.94076555491231,15.78227605058779,0
Tripura,Post-Monsoon,7.178400128332404,2.5392394013808994,1.4508854784223535,342.28175810331516,90.0853867452177,24.963305803269904,0
Arunachal Pradesh,Monsoon,7.106839024688024,12.380911076728008,1.5959629940048958,2452.6163106915683,508.37845792236294,26.757990206378857,1
Tripura,Monsoon,7.411216881442172,8.262096500494987,15.727246109344224,2096.608765269658,566.0865847001453,26.91443364300209,1
Assam,Winter,6.672379622753746,2.447979632659069,3.4476261361342297,572.8384409624338,133.4311159239469,27.55249089218494,0
Tripura,Monsoon,7.531308162285855,14.781327832672076,17.671718540986813,2742.062261946312,755.7132032985417,16.845327441029482,1
Manipur,Monsoon,6.2034601969161285,10.1825482406223,39.238870547528556,3174.321700330289,363.00297841348595,33.21989200991152,1
Manipur,Monsoon,7.163999975541903,12.358610578941317,36.83859339448299,1668.3876502598405,336.45062534585946,16.80918325797223,1
Nagaland,Pre-Monsoon,7.835053660241776,2.630858930607999,6.578195229945516,326.719296392914,47.403090762337854,30.205099183807626,0
Meghalaya,Winter,6.430326573676401,1.2661461629520268,12.233682834195243,11.018878144710106,41.631944943501466,33.61925574958127,0
Nagaland,Post-Monsoon,8.010018967056471,1.275609022016897,32.11906242019014,202.99536940210518,25.532512101371644,18.86348662659008,0
Meghalaya,Pre-Monsoon,6.949552285835004,1.8252869104075182,6.782590033902442,653.3644293058346,147.08734501327814,17.483558361940283,0
Manipur,Pre-Monsoon,7.17484498169745,3.9787477250982963,22.658722511701875,547.2341801421137,77.95389855118432,20.62327738382229,0
Tripura,Winter,7.6360571464496,2.3701766943758065,48.550436080836526,644.443556829667,12.028660259100757,30.14973843250523,0
Assam,Monsoon,6.2788479654992955,7.269593224728452,39.261145913907676,715.7210264249159,661.7764094894285,22.319245242643497,1
Tripura,Post-Monsoon,6.5628683355492505,1.7106280612404938,45.06508659814975,597.0460165759727,147.16116944413454,20.380342858142146,0
Arunachal Pradesh,Winter,7.037170263975118,2.081589953095493,2.2815874815199146,755.3996106567428,112.14300415864018,21.910770752103026,0
Sikkim,Pre-Monsoon,7.604979912342174,2.645842457266514,22.210620690463067,414.2072004736003,118.31816418420512,30.213226029691395,0
Arunachal Pradesh,Pre-Monsoon,8.360744717655983,2.6458566686847607,10.641623096511271,135.2711148859409,22.244656267755357,27.944339355263487,0
Arunachal Pradesh,Winter,6.9291514628786315,3.8063507750850873,35.27040456588783,375.36733326028195,95.38338745243914,15.909868635819874,0
Manipur,Post-Monsoon,6.365127798629165,1.0697791120067184,32.90641035762595,628.1871776070648,122.33297889291504,24.501126792842104,0
Tripura,Monsoon,6.652008540021624,10.267560317267378,16.589674887842857,941.6766428301728,310.59822056664945,30.651965817128044,1
Manipur,Winter,6.667767762522254,0.8240760130388252,12.910651062925194,295.51173923025846,130.37120643444334,33.54184647406337,0
Arunachal Pradesh,Monsoon,8.488055713907965,13.395527235097227,34.89438812459668,4699.896089384374,700.5088613605751,26.20853324469467,1
Manipur,Post-Monsoon,7.5274763406189,0.6947117650783485,39.97940944639188,785.4856736935345,147.88478640085117,18.62251991669881,0
Mizoram,Winter,8.229354774494233,2.4086587857183828,38.23663644455259,665.1136093565723,130.4490917928842,21.048986640290583,0
Arunachal Pradesh,Pre-Monsoon,8.290743385210973,2.7899397843755676,11.706966593453583,425.71691803879565,115.55543173783481,28.57146133189379,0
Sikkim,Monsoon,6.398679242290805,12.682413423712173,41.05935947990345,566.2185084482296,640.0205364743384,22.730793793982397,1
Tripura,Monsoon,7.363014993621613,7.821007710499157,40.211056842647714,3467.009324255073,708.3582868775627,22.373698881589767,1
Nagaland,Pre-Monsoon,8.107601835653703,3.6489541415324305,35.4536112553024,792.6524713475717,149.74039804898555,17.44237525735885,0
Assam,Winter,6.884919755768006,1.1917865214989396,28.206979041625964,426.59882747316095,100.27136526537127,23.201348156349617,0
Tripura,Monsoon,7.4495213994195595,11.458588485783201,49.1652567517011,3579.0393557529064,681.5378701108197,29.542239565206494,1
Assam,Pre-Monsoon,7.519356135099832,3.1031030531386388,45.29817367812181,79.41077784215355,115.682974237726,29.478050962959806,0
Manipur,Pre-Monsoon,6.417904529536353,3.5987894493905026,23.56327791183273,135.18317581211662,119.8009652813282,30.093980229024076,0
Nagaland,Pre-Monsoon,8.423595612225245,1.630672001667837,46.36727607549509,39.871777227835146,126.99852603863442,16.627142457762794,0
Assam,Winter,6.5397923038157995,3.9630468789134876,48.98363180946583,728.8637469418813,13.36891744241444,21.875739501625446,0
Mizoram,Post-Monsoon,7.494831772901065,1.8945995755392635,0.5888769204780098,411.0051654239569,19.089031667687188,29.191373532891596,0
Arunachal Pradesh,Winter,6.4973388492137145,1.323885416003071,48.80655203128881,58.55582263710991,93.75043738564366,34.84089186339166,0
Manipur,Winter,7.4370901751698355,1.8983080166690829,14.001917516835643,459.21571227255214,126.62598436826099,32.18497560984723,0
Manipur,Pre-Monsoon,6.016761177297548,3.2331810085582675,2.106895587855723,339.95619435077515,122.3630220764215,18.901077946268448,0
Arunachal Pradesh,Post-Monsoon,7.332151021284672,3.046645305856542,23.44904517798755,61.342746968085166,71.0182559426556,28.78523187412119,0
Nagaland,Post-Monsoon,7.931824655969272,0.6931329007980287,33.90282083885643,233.95269445375413,45.21026746083764,22.155703446623303,0
Mizoram,Monsoon,6.937428034017756,5.7121935980124325,3.8022283069922724,4606.203430586816,788.7094158952127,24.871085781177758,1
Assam,Winter,7.3143476050858505,1.1445006511831202,11.631165196819504,634.5640598923931,88.72861313514613,34.29820222223492,0
Mizoram,Monsoon,6.3434120491732,13.106018961594385,49.657843843846216,870.919693459466,460.38829153248537,31.4488185737446,1
Arunachal Pradesh,Pre-Monsoon,7.169078478865824,1.1110856803306177,24.19799777843588,499.9028292040255,107.198729106848,20.527522058815464,0
Sikkim,Winter,7.516503793324613,0.5878112659450416,15.518047530517581,70.94434506362566,101.10989013724398,22.201233062499128,0
Nagaland,Monsoon,7.796208736412763,9.949252676397949,41.37143146657748,3154.09053629204,371.63683001799905,29.73389688795929,1
Mizoram,Monsoon,7.045716088739733,10.85663624150191,18.7512953921486,752.1643861005006,630.6810481150303,27.058869185996606,1
Tripura,Monsoon,8.000934329553445,13.265346889783858,2.892516856659866,2298.8598788819027,641.8788751038337,25.10306714703424,1
Sikkim,Pre-Monsoon,7.883676978808629,1.6411128854973027,39.83147594163657,108.0851325900361,35.89467778260618,27.51603589525384,0
Meghalaya,Post-Monsoon,6.238304834994543,2.6048312781962593,43.59358370360124,669.4160274601782,120.62751111939399,34.13519975670078,0
Manipur,Winter,6.840567348127026,2.600661458522545,29.211727192529906,616.1843681676007,98.41989061860336,16.874244197248448,0
Nagaland,Pre-Monsoon,6.257737604593482,1.957216559066702,45.31633449819073,602.4806764789279,103.1866364010288,26.761200994265465,0
Tripura,Winter,7.838172750636627,1.0108536011921467,9.17184958381067,554.3705861537661,134.6656609456137,18.355568682562648,0
Manipur,Post-Monsoon,8.44057814485893,2.787884491231324,9.16996225635492,171.81832929986376,55.55214050837746,26.780925884418536,0
Tripura,Monsoon,6.3039823498992416,12.055977965670191,27.472675909266826,1245.0963925588762,460.50035612457623,18.323403177041417,1
Nagaland,Monsoon,7.096290499875387,13.139816944890741,22.599331293275267,1009.9795643659908,663.8342856138463,15.528726479529812,1
Arunachal Pradesh,Monsoon,7.992405460171811,14.294032483180624,43.518096147072434,2223.450411114152,740.7565570232882,34.025407463480704,1
Nagaland,Pre-Monsoon,7.878133038986416,0.8107107814365411,0.9731035013536948,408.4625192815194,73.9398345985496,31.337455816471646,0
Meghalaya,Pre-Monsoon,7.160910881643418,2.9743492561271303,6.622120443262514,352.3048882065441,132.5470407026061,29.74565096986793,0
Sikkim,Monsoon,6.697783889693864,11.57848376525379,15.700924243542607,3341.0290538614554,632.308281435844,18.234585706096127,1
Mizoram,Post-Monsoon,6.608646901724985,3.74093001117188,24.701297628908826,54.18221549316552,53.31566543876579,27.79637835051065,0
Mizoram,Pre-Monsoon,7.603140078118588,1.3172551498343195,8.396312968405951,298.47711404010465,45.609290570468836,18.297626748217844,0
Arunachal Pradesh,Post-Monsoon,7.573665910980934,0.7703908913503266,43.61607280672534,493.9236576133156,101.85290319262813,27.201613345607747,0
Mizoram,Post-Monsoon,6.706942572931185,2.8437860408358904,49.88860641655975,115.09520559502073,89.21278849682732,24.9212691629879,0
Mizoram,Post-Monsoon,6.26271872344137,0.6445365566064025,17.36693298244892,14.336284821785028,115.71239432165643,32.06527964229913,0
Meghalaya,Pre-Monsoon,8.270059488251531,1.4405758773842896,28.59385402380142,693.4877111536895,12.336160064273326,29.273130388791976,0
Nagaland,Monsoon,7.96710669257927,12.001923051490202,28.251121850030486,3120.9348385179137,652.72325439887,25.859098640345245,1
Mizoram,Winter,8.400146109277,1.9094769418976318,46.94773079306912,630.3725252565944,141.66713180508157,22.697127124987507,0
Manipur,Winter,7.217272684574661,1.4539901790283813,20.39334486800056,176.18533067752654,21.63562754037062,19.710371915596426,0
Manipur,Winter,7.829037520981959,1.9118165037931147,12.921160284324873,527.4007927346846,110.39830566727512,31.78859576968936,0
Meghalaya,Post-Monsoon,7.877257898671329,0.8403343893543804,34.69095142302986,427.6569720962228,76.95502457869043,19.03715745336217,0
Nagaland,Pre-Monsoon,7.97021022373686,1.0886599757012774,28.52930775912152,712.5262036167243,142.62092456645803,34.204385633132645,0
Assam,Pre-Monsoon,7.758034783997589,2.108883896142949,15.749931749170438,75.73425579497338,102.31815564489632,20.21853730094206,0
Manipur,Winter,6.182609287251216,0.5442466438987263,32.62926073076544,582.1553568536988,40.89253182256783,31.3823720869905,0
Tripura,Post-Monsoon,7.844383357479237,3.1592624485366425,7.541671428396341,34.17527480962909,55.42765854181816,26.082086847149785,0
Manipur,Post-Monsoon,7.561962226262029,3.404021234055409,44.73481840262076,680.2531990297961,74.08170183399646,16.36162913469329,0
Mizoram,Winter,6.6924478189309795,2.950426520016459,12.734474670497203,148.61762226676052,72.50448750962903,23.195805931991103,0
Meghalaya,Winter,6.827871606715293,1.2573518235047527,31.933548505090975,521.2538518557656,44.22721609402819,32.033150497454244,0
Sikkim,Winter,7.6994063824217776,1.3231320841869565,11.80538776538641,523.856713806801,90.51937644139547,27.60348825250505,0
Meghalaya,Winter,6.039255098362194,1.4400143528976947,39.58335918696959,29.240434993909215,66.82534379934282,32.10576783005509,0
Sikkim,Pre-Monsoon,7.227656488775913,3.486532012052151,33.27683503528472,662.0809032995185,124.75754871111155,21.64048993926391,0
Mizoram,Winter,6.233554662129694,1.3857074576350281,2.836243516187503,167.8534698031302,85.50707707504837,25.872072424810817,0
Arunachal Pradesh,Post-Monsoon,7.736902395283771,0.9813455095875463,5.855529218260536,513.8041351374086,24.415248090329875,26.109002564571913,0
Manipur,Pre-Monsoon,7.339947990318372,1.252958867837096,0.11019221519414923,594.0078814921029,26.416444155554476,21.3104822512232,0
Sikkim,Pre-Monsoon,6.364764144607642,2.4046982879117342,31.643880096896343,164.4284314547939,77.09020455755349,27.409096501004594,0
Tripura,Winter,7.544112704522081,2.6025904726361913,36.562877742899566,456.15791790765866,116.17681987787742,17.30193654972461,0
Nagaland,Pre-Monsoon,8.471729927618247,0.9281619733190356,22.539298296395504,326.185380223365,119.72798425249064,21.976566603950644,0
Assam,Post-Monsoon,8.21544513659209,3.4174347619359993,47.490068248368466,295.733127946865,100.46697290248291,33.55298694370178,0
Nagaland,Winter,7.747660264481054,0.5896836626453354,38.65087676710726,583.8354349537618,34.054499398866525,28.23090069569313,0
Meghalaya,Post-Monsoon,8.06785940478623,3.232672870372504,27.643011248501963,324.70711519946406,45.478079634992206,30.331788453514463,0
Assam,Pre-Monsoon,7.2828606080845715,1.5617275797325034,8.754537214023845,77.6928680089086,116.35417653739037,15.349631653362275,0
Sikkim,Monsoon,6.222177218700988,10.878524268639081,8.730111296469294,3212.183751128295,666.5634518889767,34.42515460307694,1
Tripura,Pre-Monsoon,6.03532500542215,3.2074719113629753,5.899262930439525,181.62475473688093,60.381903733667244,32.40966374549602,0
Manipur,Monsoon,6.202535583702354,13.444470275229353,29.509509423558374,1368.0545819730962,338.4944957026103,25.09472718509644,1
Mizoram,Monsoon,8.338421867536454,13.127388369924248,13.82341711454419,506.9744106285611,512.2320580790772,16.808675310570525,1
Tripura,Post-Monsoon,6.332992195312981,1.4226940201152471,31.93570486927057,697.5010092486561,54.71260811992228,23.080760683199966,0
Nagaland,Winter,6.830302378160162,0.5259338799727307,40.29104182158025,759.406506133911,66.96146997764339,22.137991631267855,0
Sikkim,Pre-Monsoon,6.338710940443302,1.7130507452565413,10.723007137925789,589.4000920771887,46.75502118031626,17.301704357028473,0
Arunachal Pradesh,Post-Monsoon,7.213873378543275,3.4780854771037,27.317193891278595,97.05315771972369,41.04673639416539,19.841055581313924,0
Tripura,Monsoon,7.020192495177771,14.153398941517457,20.00209468481944,3790.8525081352236,552.8116308093461,26.047401519617086,1
Assam,Monsoon,7.469735206313754,12.360748818317981,19.824266328367045,1651.929969243775,548.0889070879545,19.0853553071659,1
Tripura,Winter,6.383538505262622,2.59983575067066,46.48008076531224,173.58113989960273,132.0776756962497,16.422645934660537,0
Manipur,Monsoon,7.297934831298152,9.11923134513768,18.317947422231118,4161.6280526583105,544.964644980028,17.84422512610544,1
Manipur,Winter,7.495659947433168,3.925831096679403,10.128128753613296,206.0729443573783,142.81912617740196,30.27764506244516,0
Sikkim,Winter,7.8654312538109155,3.9635537619488748,40.71329991146849,756.6874633768622,24.138225751037012,33.656044696284845,0
Assam,Winter,6.745990622812812,1.32346106388552,4.262765524528511,193.557571305581,141.1734487304015,24.135812257772923,0
Nagaland,Post-Monsoon,6.736000108558982,2.811183667943354,1.0194536891352524,493.59201061432987,111.17896945437603,27.250940955174052,0
Nagaland,Monsoon,7.634332436569372,7.688590753521586,1.0850780743811017,3523.6367988221746,437.1155185800325,21.90438668806196,1
Mizoram,Post-Monsoon,6.5776839665984,2.397555146115699,9.495387000209888,717.5667969601421,12.836572943097766,24.380042177359705,0
Manipur,Winter,6.1410414644963405,1.2165341847460547,0.5074882805904957,14.1128591811751,33.46363265423959,20.05239089411262,0
Meghalaya,Post-Monsoon,7.618576251634356,0.7917816869753758,42.500919845661954,391.47867921625294,141.51524935041215,27.44883651365548,0
Nagaland,Monsoon,7.099136687994503,11.355503228239126,34.66756416757569,4503.721791975853,715.5134448169224,24.802856169980565,1
Mizoram,Pre-Monsoon,6.319056055876498,1.7481486623646083,27.812528087452844,751.2029607416208,126.24034712910354,30.579267796106613,0
Sikkim,Monsoon,7.983622699918627,12.008991662108901,17.765607197336113,4648.20203179277,480.67119638319525,34.50038961275339,1
Arunachal Pradesh,Post-Monsoon,7.203625903131103,0.9041857530422088,49.27996984661947,734.9185938245087,140.14449964422718,23.131673442052463,0
Arunachal Pradesh,Monsoon,7.3349697873346855,9.574375045442437,25.84010175506864,2582.25960023351,477.17723534503733,18.215469219942,1
Arunachal Pradesh,Pre-Monsoon,6.766209662860315,2.816505889348911,29.941393132386107,82.29032415356237,43.31261246250314,24.651352746916757,0
Nagaland,Post-Monsoon,8.042758668679857,1.2656764020142492,16.689195003010727,242.79850562544408,123.10619683804737,24.41976091978075,0
Nagaland,Pre-Monsoon,8.012796767532699,3.014380190810513,4.183020763479223,67.78343445158646,46.4157521894943,28.71527500246677,0
Arunachal Pradesh,Monsoon,7.461563293689296,11.487225894457907,17.460845175744893,1134.9994467064148,478.81405488168116,17.622525605506976,1
Nagaland,Winter,7.7509581621317665,1.1140764648515342,1.9450168296039128,719.881464851134,118.85358077065227,29.170063218881193,0
Mizoram,Winter,7.67687367168762,1.429834320257869,16.205898433333154,314.94562053785813,24.279669337176152,20.453179948404287,0
Meghalaya,Post-Monsoon,7.684931621978086,2.381843240606668,8.814392316915226,679.4491841039564,51.34632026469323,15.296156199456274,0
Nagaland,Monsoon,7.836043908241645,7.916052337644418,29.676525569930583,2690.322919218334,590.6022123856417,32.96484160906499,1
Nagaland,Pre-Monsoon,6.138270761914525,2.146773713430702,11.542966598250048,322.3438704923726,95.66577459710562,23.62730712659635,0
Arunachal Pradesh,Monsoon,6.477381561345744,12.465464025056146,23.020142462783994,3954.9333210735817,601.5712927553582,18.818715514137814,1
Manipur,Monsoon,6.748142884586797,6.197556062402124,40.36352861144366,2809.889510587503,316.9950707906909,33.77909481234599,1
Manipur,Monsoon,7.424493756929541,7.978041293304225,18.834470234473986,1356.7209231309307,621.2298601764581,34.36383107294122,1
Tripura,Winter,7.596956458285127,1.2620066808936077,4.441920537251737,524.5622809515557,15.011692005297856,26.98326031706831,0
Sikkim,Post-Monsoon,6.570901140297021,0.8034908421022153,6.347981630784777,466.60558710624355,56.68861140659502,33.4875920672192,0
Meghalaya,Post-Monsoon,7.36145289413998,1.2068775468227797,13.538507491987584,110.92651221961995,115.6162692833303,28.781900397272267,0
Sikkim,Pre-Monsoon,6.923726503331881,0.7950289301573659,2.8729273860721047,451.9461954513021,20.32834982933786,27.192631076166457,0
Arunachal Pradesh,Monsoon,6.114257396514668,6.448429155483943,47.37388740780356,629.0259413792015,561.7354775501726,33.20268685425163,1
Manipur,Monsoon,7.40388358840225,10.116365707524455,14.700907222679598,1904.2829135204895,480.9812962124929,28.166951268677817,1
Mizoram,Pre-Monsoon,7.043253362639659,1.6328024192693786,34.6221162286441,664.7583401403663,26.78643220460712,17.70041549073887,0
Assam,Monsoon,6.787843778220389,7.406803315764855,19.665217604169662,4452.629074432246,591.9031995318458,20.222332628933998,1
Nagaland,Post-Monsoon,7.322463355081693,2.142409117553555,48.43057446852942,603.6272659312923,27.11306658811165,18.850745172871097,0
Manipur,Monsoon,8.077641382013791,13.020398439507398,7.5379160808585315,1787.8178351119486,654.3723827848042,32.92425820667241,1
Manipur,Post-Monsoon,6.313304167246559,1.4926607754601688,20.259445693529727,532.6614277251499,50.08830597575423,18.711994144886567,0
Nagaland,Pre-Monsoon,8.165157026548243,3.8393966838793,16.543937994057462,217.37125986162494,20.188273679792637,29.52834475134771,0
Nagaland,Post-Monsoon,8.431138358293376,3.289765417590115,42.38244075069073,376.6580664952566,77.53755466939188,25.62301401821237,0
Tripura,Post-Monsoon,6.905056748156212,1.7018663185775424,3.087052728337053,747.3979287784093,109.16877118413086,19.575173053065402,0
Mizoram,Pre-Monsoon,6.026645559228493,3.9908172059989737,26.340674092035353,296.4314474717721,107.59582612054935,15.745877858191273,0
Arunachal Pradesh,Pre-Monsoon,8.38144628300369,1.311076287621781,30.361306105837826,604.6777052980896,105.50557758110705,32.01208249689064,0
Arunachal Pradesh,Monsoon,6.128672047347157,14.875100371032527,1.1630177819591359,4872.519668593083,780.1898202209441,23.471106260095453,1
Nagaland,Post-Monsoon,6.013148145994726,3.7293470340493324,27.1824033840327,794.548127975742,66.89409033703632,22.51448588036558,0
Nagaland,Monsoon,8.077431881072545,11.236409105779344,10.327404297187758,1531.917601044426,624.3574613512777,27.858817704669246,1
Mizoram,Winter,8.141110155210459,1.1933179084708718,44.967727870387414,265.8309616517098,144.90408954540194,19.0636442907919,0
Meghalaya,Post-Monsoon,6.266673943243867,3.4935957939481885,13.527218494857118,517.3456327230037,58.19231656623426,33.54633945132454,0
Nagaland,Monsoon,8.418707417277282,8.125039741861917,11.943706989441388,4460.52377658417,346.9660865743487,26.868289795844,1
Meghalaya,Winter,6.370138538256975,1.953816041667224,49.415661848080504,591.3419874581988,49.476049524385665,30.830565598559446,0
Assam,Monsoon,8.035358825576905,5.60828789562751,1.1962368984867133,2590.959475571264,508.6716303990105,22.648557520954302,1
Arunachal Pradesh,Pre-Monsoon,8.207550074370717,3.3902875261895256,41.778018245646074,226.17326658349262,40.625828097480834,29.49264213687954,0
Sikkim,Winter,7.360477088627892,1.0084515929779352,16.571646510698468,722.8024296370903,131.0689540691272,15.777785888042251,0
Sikkim,Winter,7.900334353536963,3.6606898538362453,49.201421925163835,140.54481967101583,96.1221902585771,28.418463011841283,0
Mizoram,Winter,7.872668867097242,3.9425118875792533,7.680707972797535,450.96968513723806,89.54678753086205,30.242457427466576,0
Tripura,Post-Monsoon,6.604756784026158,3.9927562120190427,29.080166033324478,381.68410606431127,84.82381826301983,24.46977202921144,0
Manipur,Post-Monsoon,7.801346290737911,0.9009114865259337,20.681524152152797,201.83835958595793,15.886455816817879,24.510128478112783,0
Assam,Winter,7.7051533250572035,2.1938783810363893,5.491364170946161,290.9938584669896,106.65238171064686,26.284691656181742,0
Mizoram,Winter,7.495571927099597,2.372101124918521,43.42930897382598,627.7747189190276,58.23259814961434,18.61111428718008,0
Assam,Winter,7.161962514119589,1.6974289485441556,27.68397647022123,620.7075511492558,68.44927381530555,31.579484628056363,0
Tripura,Winter,7.598171938516019,1.5301254205742842,41.53170754299087,700.2092889736803,54.93160738739026,26.567683949140402,0
Nagaland,Winter,7.617683135274391,3.1857214271214476,23.11921942533603,14.646995253928381,73.31326482034834,30.83980650256827,0
Meghalaya,Winter,8.346891166293357,2.89403627462971,18.5396581154487,379.24803384843756,73.26761135022826,17.427292741277245,0
Mizoram,Post-Monsoon,7.514242159241,3.2945759226256612,49.05303514700891,612.0520593404123,128.4926741901387,28.72522473899395,0
Assam,Winter,8.402552192258392,3.1463758058787077,11.36711036388413,615.5238722653116,66.52787732864756,33.93950717384156,0
Sikkim,Post-Monsoon,6.373548215503832,2.8141246597285274,11.32118512665991,89.6109503539766,89.64349207469871,28.145667818260097,0
Manipur,Pre-Monsoon,7.996291428839671,1.4832033478268478,3.9657935226964702,602.9705380389902,147.06880363420984,19.724091286353563,0
Nagaland,Post-Monsoon,7.559013519356478,1.2048833175236298,10.127758112422386,236.24857589667036,18.218640152087044,31.369827425179942,0
Assam,Post-Monsoon,8.479893539637375,3.471985252223388,19.648963574330253,40.69319354881482,73.79725428830773,30.27643899494117,0
Mizoram,Winter,7.8277937833498505,1.1380538553983386,43.37972037679975,56.008363450195056,36.213325296639034,24.04104616861376,0
Mizoram,Monsoon,6.001185173372828,11.334645275497701,18.054677315446945,2904.005856936695,311.48647948836515,19.928987583550708,1
Meghalaya,Post-Monsoon,7.417703904289116,0.7152492660143377,8.605433750592978,428.71656251140496,117.04595963323342,21.610245777289215,0
Assam,Pre-Monsoon,6.3304174577838515,3.775476482183585,20.83544375371164,142.80043611469517,114.1324955783181,27.22929225308178,0
Arunachal Pradesh,Monsoon,7.080468665768446,14.416930845872937,3.053434356272855,1069.834452157017,613.5654565069624,25.318717104272153,1
Arunachal Pradesh,Winter,7.391442547508535,3.986103265868746,5.6485786405643275,749.5030699012797,97.31019485050655,33.95484569771017,0
Assam,Winter,6.778272818565129,2.359058139549271,47.47548998526042,248.8278051517034,27.49157595734262,33.974859500476455,0
Meghalaya,Pre-Monsoon,6.705478995423795,3.848092828081711,7.450312597158904,580.7916747986927,41.22609243154075,29.636397656873214,0
Nagaland,Pre-Monsoon,7.79223373243068,3.807559073616521,22.78230455660257,73.13134537022304,26.92997946236735,30.42130217521482,0
Manipur,Pre-Monsoon,8.426619768409791,2.7743223838365294,16.267464959849505,44.231552688013586,36.61200359966952,18.93848884512869,0
Mizoram,Post-Monsoon,7.942201454753714,0.7524956260478453,33.159976868932134,344.0219987839808,135.22642753490703,17.26035571250181,0
Arunachal Pradesh,Pre-Monsoon,6.80873989181384,3.3048835583459213,31.001352636951395,309.4847005513794,66.31988059465857,20.065427632710872,0
Sikkim,Winter,6.783516059930514,2.368747816874734,30.095793959591187,565.0178044799341,133.5063012900044,25.166260929045322,0
Tripura,Monsoon,7.7066452873499145,10.317275063737473,46.7794989485104,2554.5072489828917,371.35934056125336,18.47326720324421,1
Meghalaya,Post-Monsoon,6.633045840390318,2.000684290883727,41.835413733318944,103.7879749778196,119.98552705689636,18.942344877161943,0
Mizoram,Pre-Monsoon,7.496775468470671,2.5187402441068754,15.44327283236646,457.1135065338356,140.90379638283298,18.425335300248584,0
Meghalaya,Winter,7.888392681869555,1.1168578841286567,19.15477462536952,112.08135325205552,31.139161342835553,16.190690043931408,0
Tripura,Post-Monsoon,6.205781589671203,1.6548511469852105,4.829646582172348,473.6697399476777,12.977067562224553,18.191936678997784,0
Mizoram,Winter,7.393444270165869,2.8372267856519127,44.15001829961337,173.9171435718441,134.34364707354575,20.45118032243408,0
Assam,Winter,6.986819266855953,3.5579140383274774,49.138363035584696,552.5129335881345,76.49418130263695,16.651371470267186,0
Meghalaya,Post-Monsoon,7.1224860676760695,3.467531986139225,31.913204059879163,73.5436797352749,147.11062810055682,34.11823570125914,0
Mizoram,Monsoon,6.451714128501235,11.069708430283047,18.48865016459884,2550.0493082081134,628.7367743552521,31.268540052610103,1
Assam,Winter,7.1276417951208355,2.8962178544214163,36.65452113775332,422.56441009616356,97.01740895338268,32.07661259205012,0
Sikkim,Winter,7.086340982338616,3.47407993911249,29.74976503771677,114.6994303119155,19.74183805793878,27.8105880140125,0
Assam,Post-Monsoon,7.410847646507906,2.7619291523927636,10.770499007291601,150.95371380805435,101.95286501386134,19.596442857693763,0
Manipur,Post-Monsoon,8.189826927852984,3.740127785628812,33.806471735431174,497.7772613045031,40.577397754313466,29.663822006351737,0
Nagaland,Pre-Monsoon,6.5080384546104755,3.0236148605117403,20.901819591648096,489.8935655438227,140.0315851140155,21.12684736392112,0
Meghalaya,Pre-Monsoon,7.888627675676442,1.8373888138200107,27.359728499370146,478.5524674702152,66.22457028573302,26.142685661077273,0
Meghalaya,Pre-Monsoon,6.4230947765498785,1.405800661724551,5.168855742852174,664.5501360546605,129.84898352849655,32.669274407966554,0
Manipur,Winter,7.267582133659019,1.5878828579254713,2.2087013740695607,177.53633351306988,118.93545312913409,30.039664393500072,0
Assam,Monsoon,7.231792911648533,9.36825668665097,41.44651451172456,869.6130712693691,441.81346028933797,31.374821129112526,1
Mizoram,Post-Monsoon,6.397498437586785,0.9444498630414988,42.24512702912858,235.2146048452415,96.528986390823,32.21933104699111,0
Manipur,Post-Monsoon,6.975275306062226,2.125940141641593,9.23864177173807,336.233882843966,113.8154121143831,30.1488158131348,0
Mizoram,Monsoon,7.920596170589278,14.49161187222898,19.212998868672383,2054.870917160829,474.41913028548146,20.83846552751282,1
Arunachal Pradesh,Pre-Monsoon,6.440511027587055,2.1036519514027896,43.37342443160549,196.88874048436517,136.03274605264056,27.739302564412313,0
Nagaland,Winter,7.060493113396892,0.8668094568524385,23.471856851245022,285.8137293809762,43.454099260504975,29.422084134181734,0
Manipur,Monsoon,7.130123112708757,6.857943153331123,36.558599526524524,2258.005373110069,319.93436027073597,23.681490297696534,1
Meghalaya,Post-Monsoon,6.4864486980206415,0.6987777893689693,47.595299339949584,447.7698603072291,60.0212404357716,20.540422450933015,0
Meghalaya,Pre-Monsoon,6.263980146916725,3.4736577920545857,33.16374431912072,436.47394536873037,126.83696875776701,24.160660881492163,0
Sikkim,Winter,6.274614830624379,2.4569597826547245,17.134595524952733,15.615229222538002,19.004564005664804,23.3822494534418,0
Meghalaya,Pre-Monsoon,8.099472925333673,0.5297206040829281,37.028788803573285,709.8502374291356,149.2374983394671,32.161620594404525,0
Tripura,Winter,7.6411082644133685,2.3405855537629305,14.846141419978903,762.1766378545577,121.48143480489726,33.62417637380423,0
Mizoram,Monsoon,6.987477898823852,8.199923082787032,49.6328223930916,1885.2429702202396,385.5385735446945,18.83296832628271,1
Meghalaya,Pre-Monsoon,8.179390846363336,0.6170160440326583,7.8578768545105255,710.8786378339042,36.42382026333061,22.441294219689027,0
Sikkim,Monsoon,6.101908488340726,7.648472722453059,49.75398133289955,1537.8511875353356,379.2985462806594,27.896433878936914,1
Nagaland,Post-Monsoon,7.707248646760187,2.8267805887292248,6.094827769916944,695.0293867048968,51.467006945302884,28.931330927558587,0
Meghalaya,Winter,6.9610230313793195,2.45170036471433,15.708694756487562,795.4818450010888,87.20762850463484,16.423372705327765,0
Sikkim,Pre-Monsoon,6.878601306497748,2.1464715161212706,12.047918315823342,137.09439181878605,64.7005284830049,24.846109083213207,0
Mizoram,Post-Monsoon,6.768912941515006,0.5452590881512425,43.25233174286851,503.02238390269684,31.46135314892217,18.509476531783157,0
Mizoram,Monsoon,7.328651430443532,11.586801247773,44.11387088930332,910.0216537862673,702.4766652422403,31.248434985604867,1
Tripura,Pre-Monsoon,7.256080213014699,3.4428338560101754,36.61080422381749,674.7736890700174,73.2207129691153,20.01394456901646,0
Manipur,Monsoon,6.4908940294368485,5.0911972033280914,6.718531977796416,882.83030321712,500.0846512483601,24.219507605291582,1
Assam,Monsoon,7.036790389414122,11.454558694423628,47.33705178733793,4824.347508447604,656.4233102362638,18.174716742958065,1
Nagaland,Monsoon,7.233265486233925,11.703345276194959,42.766813893133794,3089.180781707549,530.8725036631669,34.76154882837441,1
Nagaland,Pre-Monsoon,7.851974134683115,0.8989691220509712,48.85678434106322,606.3405644043593,45.7100473810869,17.14904912664928,0
Nagaland,Post-Monsoon,6.070077778699468,1.8981970155163586,37.42778681616825,126.93898093544925,66.23614526046237,22.207451164995064,0
Manipur,Post-Monsoon,8.006036575863844,3.3199962104791707,37.40603676156298,136.13581332163025,129.61597060066296,19.347891113010643,0
Nagaland,Post-Monsoon,8.321300620056087,1.0083323560190438,24.110484024008084,531.2021718079104,83.70681682427694,19.60082692343702,0
Mizoram,Winter,6.368916830808334,3.709594148808552,6.453557769077056,36.652109643958156,50.24553688544564,15.405315398145586,0
Mizoram,Winter,6.3245643736467105,2.365444995120817,49.17002223898212,760.6018701852947,82.47220601047943,24.169226477846113,0
Arunachal Pradesh,Winter,7.951203032055265,0.761508070471981,32.78722903489114,117.70700897347311,103.69755829187766,24.486747229334345,0
Sikkim,Pre-Monsoon,7.372409427907016,1.0965764979401382,30.921319696186462,271.23418686815154,82.19545774601083,15.519675438659775,0
Nagaland,Monsoon,7.005939920824582,14.486888179168897,19.28028692622743,4382.859583567541,322.0584283635471,34.58177322174389,1
Nagaland,Post-Monsoon,6.701860512568836,1.6544541297019362,42.84523174303844,671.4716607113506,21.76574724918985,25.069293675898876,0
Manipur,Post-Monsoon,6.054314874071657,2.4118565003777364,25.355095460713944,178.74886245023973,63.2392251897787,32.20322658759227,0
Sikkim,Pre-Monsoon,8.005263408684863,2.561236199590111,10.977289873664104,761.9746623165978,98.98982612186782,27.963127885215396,0
Meghalaya,Pre-Monsoon,7.814619549869706,1.34330424030914,22.0206332446647,316.52321608561215,88.4909726582546,31.591589744436593,0
Arunachal Pradesh,Monsoon,7.828238137371673,13.297583754138763,31.706551028045695,829.9343655447203,518.0728247702402,17.234105006253483,1
Arunachal Pradesh,Monsoon,8.212070137165131,10.987475332205651,14.53309915937065,768.4057400049805,462.3674226619029,32.420060409995784,1
Nagaland,Post-Monsoon,7.514341864784161,1.6906114441119013,41.95029794593157,729.3108570889266,141.0198574117437,26.661668963458993,0
Tripura,Post-Monsoon,7.587679364387433,3.904025158605645,15.299413173694482,448.8696512653674,97.59814137793725,34.10156308851334,0
Meghalaya,Monsoon,7.52099301207373,14.072231844623238,37.10797350722406,3903.0522170803815,578.6791203127647,23.07452813833548,1
Manipur,Monsoon,6.886197599910199,5.826605174091924,19.475043032136707,2455.6042835414632,751.9645407757316,27.961956351957603,1
Mizoram,Monsoon,7.846858699730914,6.262120879848537,33.72286681024781,4098.537150768572,487.74742449250334,29.301845711323967,1
Tripura,Monsoon,6.57191410804779,9.52438976939473,6.244865982283892,1145.3762905061972,408.84385503584366,31.15744129973616,1
Tripura,Winter,7.550595779166952,3.32845137930412,23.528228652239957,482.78158034064535,53.049825815063095,31.073040453955286,0
Assam,Winter,7.6239837927300655,2.3793532223034957,8.756254783625595,331.71182177707624,92.63711119120603,20.81887107906553,0
Nagaland,Pre-Monsoon,8.4150587713304,1.5106015473451502,15.509806068364378,35.43345413591953,145.79966642043905,26.066994031644136,0
Assam,Pre-Monsoon,8.418713888203234,1.1868543581695343,49.01822751555235,228.52338549478313,55.36990758057918,30.97887077026066,0
Nagaland,Winter,6.550861762684572,2.7286429353684336,42.69613034591685,32.403725888001325,62.531029625256785,33.25011523716719,0
Arunachal Pradesh,Post-Monsoon,7.662126651239598,2.0593524263859964,20.13654325947853,547.8791921196561,123.13968328578854,16.8712418522385,0
Tripura,Winter,8.055340749561957,2.1282845456588353,33.94531196352828,600.8685279859287,21.738728809609302,21.795339102237513,0
Sikkim,Winter,7.493417751796179,3.335266040680544,48.56716021180068,12.641571407428504,127.16539550968216,17.907360763432884,0
Assam,Pre-Monsoon,7.948705825821797,3.618361134971577,5.525859195447214,227.9533266331332,142.52044208208682,21.384963979087985,0
Mizoram,Monsoon,6.976635623760569,7.222395516927723,24.071797222946994,2082.5110436681575,416.32480565412266,25.48909290116584,1
Mizoram,Monsoon,6.129358126769695,14.04368886778246,7.868155428282419,2288.1629662440982,388.76138641219205,31.155610031090617,1
Nagaland,Post-Monsoon,7.638183828428838,3.1095896576098703,1.3015528589514547,101.40145225542435,95.48900010375664,27.300322189376505,0
Nagaland,Post-Monsoon,7.760798189836514,2.8772285584061734,4.773931171224033,481.95528865244927,81.39783014636387,17.758998849197912,0
Tripura,Pre-Monsoon,7.140580454994133,3.7353394079642155,41.104001765538214,181.91903294658246,130.84493598603206,33.66762215796045,0
Meghalaya,Winter,8.195973120891814,1.767732084508922,6.972863718357608,254.9356016437697,59.03583704517146,22.696515100317065,0
Arunachal Pradesh,Monsoon,7.184969161404112,11.329857728014929,42.97304290346473,1122.1630055362145,643.542915758486,29.397765270018787,1
Mizoram,Post-Monsoon,7.31914776126434,1.2623500737813016,13.683870308638586,93.17539661001604,147.52542366847484,15.371931378841344,0
Arunachal Pradesh,Monsoon,6.080361255519015,14.358213937838345,25.29798901661442,614.9169574266117,382.6025376569015,30.74543448933128,1
Arunachal Pradesh,Monsoon,6.142018985714288,14.137568544807642,4.039959051518499,2459.5967517705485,561.0349947030289,27.70167653053074,1
Assam,Pre-Monsoon,7.438200052726063,3.693141539595181,0.7022168649202076,289.26714631563675,120.00515592998666,22.049318589340444,0
Mizoram,Post-Monsoon,7.20546860922386,2.394417494994483,0.5321935262601052,400.46947383199597,39.84581198513253,17.12854484428027,0
Sikkim,Monsoon,7.691893099268722,5.318335422224041,29.296327210686968,1471.4820182526646,547.9800727691456,22.71018749393462,1
Tripura,Winter,8.328265681390931,1.923467800774107,40.58587591928831,126.94296847866522,47.91581347564134,22.610274941347704,0
Meghalaya,Pre-Monsoon,6.5168202627529075,0.9214792788857042,29.319652486833963,438.70400096554187,35.56846758102405,32.32705166595384,0
Sikkim,Winter,8.380979089512927,0.5615549971946698,13.508165805146765,682.3973321926834,131.34289466194488,17.538308668778594,0
Assam,Post-Monsoon,7.900745287862287,1.7741166027068103,30.12092523242842,652.8398838316516,125.38541897538116,22.43949260678319,0
Meghalaya,Pre-Monsoon,7.610224830093617,2.2182560346527493,31.62001607266075,114.04378811624414,96.52085742191369,19.26950064470139,0
Manipur,Post-Monsoon,6.1380366735083465,0.5476729522869508,16.133434931854516,166.26265902759806,144.86405618385905,16.75312182917381,0
Mizoram,Pre-Monsoon,6.131227365892201,3.82243335233871,4.181069217192529,547.1928109279562,20.622140300031166,30.316172721319376,0
Tripura,Post-Monsoon,7.333410986330572,2.3380264890449185,41.37604654302689,226.40825068366456,69.06730084106067,33.662575559838714,0
Manipur,Post-Monsoon,6.529583323978356,3.895656283119439,44.87231796792343,135.91955592712367,108.769590517602,17.585571474557366,0
Sikkim,Pre-Monsoon,6.073467655130752,3.783362138765257,33.47000336775202,177.7616864938654,84.55486898123038,18.171285072619465,0
Arunachal Pradesh,Post-Monsoon,7.6948950106393,3.818553281272234,4.388693586252823,763.927150655698,68.31491556368476,21.053561702975486,0
Meghalaya,Pre-Monsoon,6.339832712686055,3.970750831364187,44.142740752479895,475.3662880553198,141.21909487359707,30.990686022217446,0
Sikkim,Pre-Monsoon,8.240714017614316,1.404070098852106,36.25870509952095,82.17455486565842,101.11077209573575,20.586038582517386,0
Mizoram,Winter,7.277181113015761,3.021760441091254,4.554561490459863,16.050045630771585,25.780833878597463,31.912845036866912,0
Manipur,Post-Monsoon,7.14004074006393,2.5610222310156567,19.957843196065454,773.4488073862143,86.2894438320785,15.285538451865401,0
Assam,Post-Monsoon,8.429146980923978,2.7508233715357413,18.050597712775936,733.5540046710008,87.59321097013287,26.272370533463466,0
Nagaland,Pre-Monsoon,8.376552390859018,3.8663315200633095,39.13402719770814,460.66206319525963,57.18849437764579,33.88724321175985,0
Mizoram,Monsoon,6.46835851210566,8.087065106001017,6.149360807818782,1184.394979399306,349.2652664619535,26.374509570349893,1
Nagaland,Pre-Monsoon,8.276045222711009,3.750632636491706,3.4331178885581792,607.2113108471029,127.74190381855631,32.46960045968997,0
Assam,Monsoon,7.923850038312998,5.811639688323931,36.27763657044392,1924.8571817245645,713.5708068397796,24.176857803008577,1
Mizoram,Post-Monsoon,6.5366303585141985,1.6711780257410855,23.330505871094864,98.50913941999306,12.750766189574495,15.605990471079433,0
Tripura,Monsoon,6.9392292127720925,11.855038902079157,0.5278302180896532,1774.0811954633687,648.3893592395649,28.97717782867958,1
Sikkim,Monsoon,6.567466226154773,5.783258768493248,38.12277225187374,4539.681029295045,454.43404504677005,19.883937864395794,1
Mizoram,Post-Monsoon,8.42647976357507,3.157022598555664,7.3788071502403465,650.7346132247054,105.57814140422872,28.42391036275057,0
Arunachal Pradesh,Pre-Monsoon,7.592992084994739,1.5772364338011642,42.36089131314649,44.69303723580598,137.61160529682337,26.396817871819728,0
Assam,Winter,7.491687617341469,3.918930066497598,0.6737295225096807,80.70802264332208,12.449302608444325,27.024610262031395,0
Arunachal Pradesh,Monsoon,6.242860142548661,14.043915821828044,25.917504501046935,2544.561235816229,397.05526600864744,20.78569004461358,1
Meghalaya,Monsoon,7.088460077614109,13.963719696917305,37.05104222370184,4157.65841506982,647.5292386154566,33.75880035353967,1
Arunachal Pradesh,Winter,7.892287617797342,2.9517904084060023,18.000388189018267,527.0253343659405,102.95972449055769,21.022864621226347,0
Tripura,Post-Monsoon,6.839205943846974,2.923802062550263,18.374365499974033,597.0048101051395,145.79878090781506,18.067497862458076,0
Sikkim,Monsoon,6.369007400029458,6.178380269296058,24.654918487422943,3817.4058395660527,311.56345999138387,33.18728083382133,1
Arunachal Pradesh,Post-Monsoon,8.002822362687336,2.7660135327187456,40.03220114412262,746.3406053500961,119.09435498760182,22.79776538891153,0
Assam,Winter,7.428625656032441,1.4294389070586124,16.855229152704933,125.61644615166605,91.48313873453101,34.23251420001187,0
Arunachal Pradesh,Pre-Monsoon,6.250408809007154,3.0115253750255704,40.83868213759121,175.42826599708192,60.454784785935004,18.82679435149008,0
Meghalaya,Post-Monsoon,7.65582411768563,0.6895485074610855,23.360995959028674,231.94050292607588,110.8538740951995,20.911407957353294,0
Manipur,Pre-Monsoon,6.806880325488317,0.5316462381522111,25.45587266807663,637.3202634313379,87.08692636094676,23.931295408229627,0
Nagaland,Winter,7.650404878660476,2.612283237562139,43.60132734826108,164.77095332635594,73.81108206875136,26.27134438559753,0
Sikkim,Monsoon,6.979667852950782,14.342335609914885,16.03404923809235,3061.7381723595304,382.7776498797807,25.26482931616598,1
Tripura,Post-Monsoon,7.587608043372578,1.9620277620435127,47.41243988636793,507.9069339838974,36.34983942798064,15.56454374413809,0
Tripura,Monsoon,8.13025006372047,13.11206412394514,26.172801872492002,4977.608422347049,632.3016704477059,18.451235856722114,1
Tripura,Winter,7.242193988427047,2.5166479467622818,12.513982141979374,779.7698003942743,137.35911540347516,30.3064782214364,0
Tripura,Post-Monsoon,8.17051543398144,1.9560932950030272,38.17446104351501,122.17382141356816,58.462226963930284,15.103784588335909,0
Mizoram,Winter,6.141867743200622,3.621351053866488,6.6778334089167055,268.056327206928,121.4975002549648,20.115716441480913,0
Nagaland,Pre-Monsoon,7.265002305924811,2.9476390027581605,7.056188950128134,141.2300739926216,58.88186824278101,18.67973092343927,0
Tripura,Pre-Monsoon,7.185320267322657,1.818117596431113,10.695082299584529,61.21309459600275,48.945176364291164,18.263663652947844,0
Sikkim,Pre-Monsoon,6.641483943921814,2.0067007030206185,48.650534946196274,698.4414705830109,135.19260453780896,26.42627105359631,0
Sikkim,Pre-Monsoon,7.751508506398178,1.9506632672016833,15.78011406682609,738.3690189877034,88.44456837719183,29.80075697501211,0
Sikkim,Winter,8.405428929097287,1.7683603707728726,16.121085436161792,122.30970846040273,134.94261260661557,25.016260333966727,0
Manipur,Monsoon,6.698301917895321,10.517688524428824,22.98962370709442,1666.1227925568194,546.0260500934426,27.53282178538708,1
Meghalaya,Pre-Monsoon,6.751685978373631,3.8656790308729545,29.630688375355007,268.9678588319403,133.7854339655047,22.751840757493646,0
Meghalaya,Pre-Monsoon,8.065653652678133,2.818296112290319,40.63653370244062,635.8064859042048,148.59734609980484,32.56770926288388,0
Meghalaya,Monsoon,6.45405311944735,11.611868999418066,22.760366175257168,2990.090634632831,576.5593660745925,34.049604228932836,1
Sikkim,Winter,8.04634400360259,3.6181412490145757,38.494560519402434,719.1544919172363,149.73620278433415,21.592827701449437,0
Manipur,Winter,8.357473819245431,0.7577459575696852,19.926802481780374,791.0249802845565,62.15767705374103,24.922724983672452,0
Assam,Pre-Monsoon,7.441666895389485,2.5191607676383576,25.69739953049797,50.9760022121991,96.29801465950878,21.183935592561465,0
Arunachal Pradesh,Winter,7.915896895685276,0.7023065959942303,20.695097386710486,401.4605907143886,26.38470431714517,16.33370376732674,0
Arunachal Pradesh,Pre-Monsoon,7.628092894719108,3.028040038990975,46.462861202520465,92.67468620038368,76.82131883094776,31.464150830400392,0
Assam,Pre-Monsoon,8.06300986572009,2.6898707785323523,25.558153917946402,172.24748829489522,74.7903626575528,26.238700371167035,0
Assam,Monsoon,6.832647726492305,5.566758830532437,15.755700947134333,2807.605830136214,337.8126105110136,31.649134508978953,1
Mizoram,Pre-Monsoon,7.752109859589591,3.895173888823468,32.16459460346361,99.00101769045715,34.03417774799392,25.591055535099173,0
Meghalaya,Post-Monsoon,7.083158340920947,0.8933000778276889,41.354817722174374,756.5274803230731,106.71698682742652,32.69069440780666,0
Sikkim,Pre-Monsoon,6.622280307106377,1.094096375916356,4.020925071704584,588.1013267090528,98.82091578495894,17.3898928215247,0
Meghalaya,Winter,7.441838440879717,0.9471770162292859,35.56223782058094,209.63434237063075,84.46444233782024,29.308057726719333,0
Tripura,Post-Monsoon,7.813707549897231,3.791764469876476,15.891345240776229,560.5167628271012,50.70301460702006,20.794308295439894,0
Assam,Pre-Monsoon,6.764038896554862,3.714030024733845,34.66115584616159,719.5829744075211,99.54572566144543,33.826175924534795,0
Arunachal Pradesh,Post-Monsoon,8.41065366500125,3.1262653804330442,4.210019340063564,144.2180664227504,44.00500282039783,33.09117903295415,0
Meghalaya,Pre-Monsoon,7.382934922876698,2.7420544898672707,18.578376980955657,596.2082067027129,71.06044999863371,31.59331331376125,0
Meghalaya,Winter,7.354319916614889,1.9189715972577064,18.208532962349764,205.04949519061404,35.95757959510533,29.229773690698728,0
Assam,Pre-Monsoon,6.523920463290049,2.7402359736239905,28.276238231957286,784.7828887298712,135.21434924513545,15.55267304037304,0
Nagaland,Pre-Monsoon,7.7336806272918475,2.229393012001286,36.55576489071372,262.2606021170784,98.27035225241217,30.715949003947983,0
Mizoram,Monsoon,8.152946159366547,7.867818686290084,9.674016874263147,4193.297123352128,341.46448505061466,23.16863119342564,1
Nagaland,Pre-Monsoon,6.4943868641729265,0.5070534618749177,46.83602971462428,440.68655333262825,109.92521754206803,31.414684034835652,0
Manipur,Monsoon,7.406790083309986,6.170804104944057,23.311235138662163,4874.300158977651,698.3942203682186,22.610907816598107,1
Meghalaya,Winter,7.462835311631247,3.48207117926049,47.289361413696625,753.3652289628257,91.30439062037672,26.53556869743739,0
Nagaland,Monsoon,8.470612507302985,8.276369992534477,49.00950905740607,1233.889272522326,578.915337371862,33.99977028299728,1
Mizoram,Monsoon,6.92403120760228,10.9046165215976,2.3611520524529475,2674.671038770249,448.3571062185772,26.441338862381148,1
Tripura,Winter,7.73298121620847,1.2937947717528162,37.50164001597304,615.8131373715056,93.23156850307586,34.558379276203,0
Nagaland,Post-Monsoon,6.256899436034656,3.03008795644864,44.84781198076071,220.11105250329544,52.50944615112818,33.37386606755234,0
Assam,Monsoon,6.998361555695006,5.849775300837315,3.055865082401371,4205.50479192976,365.70360580940593,16.897257843020995,1
Mizoram,Monsoon,6.570141117519052,12.645799858445564,17.05707063080455,4077.723466128552,700.6244181361083,23.43805166987302,1
Assam,Winter,6.153161711132536,0.908774921852687,24.584464124592575,339.6943580716032,43.50754040859283,25.33256745305749,0
Meghalaya,Post-Monsoon,8.246914071026056,1.0149008237820811,34.41561044149087,185.40045059971465,29.502540579699595,26.860035084734417,0
Nagaland,Winter,6.5891358764241215,1.176766042375247,6.9329223851492925,697.1028090727133,87.92201666968974,27.2753085605755,0
Assam,Winter,6.118989345519896,2.0715270678415845,42.73150910620347,654.4343691760274,60.93085224541698,17.72244558339374,0
Mizoram,Post-Monsoon,6.805564445026561,3.6401302721509694,26.559606332068775,608.5050510867317,31.65046465903292,22.067848506957183,0
Tripura,Pre-Monsoon,6.860765523513449,1.0239897294990632,28.518602038005387,561.213885056217,99.3804757447076,21.348754333744438,0
Nagaland,Monsoon,6.968407545325125,7.209882102637347,10.851182699751805,4511.199833119834,778.6460138489492,21.10891761805755,1
Arunachal Pradesh,Pre-Monsoon,6.849208664977396,2.314799449229003,37.87922686201301,329.69046962511135,111.50019542544048,15.003001313930751,0
Tripura,Winter,8.049867493759228,0.7234457251062333,35.41079356267316,299.23310140324617,34.57300394969607,20.101952854150625,0
Sikkim,Monsoon,7.900731441555606,11.544136304167656,46.49467688455049,1601.5007960383027,341.7658196595873,26.48597472175748,1
Tripura,Pre-Monsoon,6.466119735215821,3.7472795005986925,29.8840747668182,174.59451486613997,68.6167964573687,15.435695823229123,0
Meghalaya,Post-Monsoon,7.290088796965048,3.1717863057295284,35.33665906518917,143.67301005435905,112.2432056213369,31.800191153205397,0
Manipur,Monsoon,8.329346974199893,11.815260066829966,49.83365172326918,772.8624814889863,784.1432371455526,15.283395845830732,1
Sikkim,Monsoon,8.427055353634758,11.732577380630476,14.469322519496513,2960.1590038829536,614.370812241667,15.47198634275772,1
Assam,Post-Monsoon,8.378897911259283,1.8395924043582168,46.690280925753946,363.7604752583747,89.12819921082955,31.008043542845435,0
Assam,Winter,6.57194350481894,1.7401365020753787,35.138273341441376,154.03108013475355,23.85695126266,24.425041090647696,0
Meghalaya,Pre-Monsoon,7.6371274029054295,2.6745464188703076,16.595284921976084,50.4230707192141,84.17222724122747,28.092925725395585,0
Manipur,Pre-Monsoon,6.31637774158683,3.1762834566603764,7.145103487365157,451.3084506409656,42.9636895020084,21.90532781448141,0
Assam,Monsoon,7.39933378556143,11.260362968883681,0.6658191102308475,2660.8069974888763,744.7850324875033,16.196903381102224,1
Assam,Pre-Monsoon,6.369911754922849,2.0549281944620867,9.044467366857,80.21057618223406,35.994183238430935,31.017991061569777,0
Arunachal Pradesh,Pre-Monsoon,6.710454019409217,3.264931080834676,9.073414521745532,692.1793946683264,28.822515549543045,15.895215411804106,0
Tripura,Pre-Monsoon,6.8647523229519924,1.170441359103398,41.053766068052134,766.9548008748042,106.51782709408171,21.954907674603447,0
Nagaland,Winter,7.511237780177181,3.985939661505449,22.477624357634856,542.7492283588953,144.75325079969068,16.781929418506852,0
Sikkim,Monsoon,6.5804967964981005,10.627692027417066,18.89920055284369,923.7024954187491,704.2932212534569,17.33447130802579,1
Meghalaya,Winter,7.90924473435883,1.6595731892340353,6.617226450968849,257.0907181243118,139.9483376183148,23.97484232804227,0
Arunachal Pradesh,Winter,7.034286060665162,2.489351077003274,45.24959423588055,166.07134100816552,62.09018520959006,22.373241085379664,0
Sikkim,Pre-Monsoon,6.159170928756002,3.8757952780720943,6.930358237531021,633.9382163619616,13.647563924372484,31.464744043603606,0
Manipur,Post-Monsoon,8.499137210228438,3.9772732552579173,10.296961966798035,365.0306256602063,143.68415383187119,27.115138057660616,0
Tripura,Winter,7.080162618251111,2.54629240346735,15.70733660238547,193.2312118814545,103.51904547644226,23.586752693203845,0
Sikkim,Pre-Monsoon,6.334493494564641,3.524629899336256,9.287368254770756,267.0736837882535,102.74494607624398,33.07967937586485,0
Assam,Winter,6.168156127110746,1.4681104451932192,43.25313218929551,249.50858036682354,10.230334989454883,15.663587624267848,0
Mizoram,Pre-Monsoon,8.39911359379527,3.6931806904908546,32.302212801312265,579.0437082265798,117.55562632025301,19.70596746852296,0
Sikkim,Post-Monsoon,7.563972037084538,1.8676922940533756,49.621719755125,276.154444866607,141.80252143415822,17.136785007904457,0
Mizoram,Pre-Monsoon,6.006788535821065,2.6547719745359464,39.33974364344079,649.0765124971161,11.28204790073701,24.923756605470338,0
Arunachal Pradesh,Post-Monsoon,6.5225917227799375,0.6597119254521143,10.666469050030326,314.9780741312185,124.28891628959073,29.5940880953057,0
Meghalaya,Post-Monsoon,8.048492977349932,1.804576189759707,47.54299489834938,703.3689038451572,107.13126348050393,21.844118544116817,0
Tripura,Monsoon,6.553533324487642,7.606948261143708,3.040340994727997,4546.728835987518,727.891154374955,33.848797492481665,1
Tripura,Winter,7.85939535056667,3.5354648058814346,48.16680205578892,18.85348605835106,67.84264857375328,32.208420707819045,0
Assam,Winter,6.535715387579751,3.532121296779445,34.441353992595026,767.3004821022358,140.03408834683523,31.854205228754125,0
Tripura,Winter,7.350731307874759,2.607172343314935,22.800399838372808,797.6392989899481,71.02605797997768,24.323048924285935,0
Meghalaya,Winter,6.898423563982857,2.1783829512781683,5.860435555658938,646.5258709832034,92.3725827769538,30.174735425400677,0
Arunachal Pradesh,Winter,6.234180088772717,1.868602158761048,24.222284015739028,716.2015055980785,95.83140182950663,31.05707706204248,0
Nagaland,Winter,7.389390334925603,2.317378725426727,25.816997425155584,713.4239528247278,100.24206360937565,26.04941434571294,0
Mizoram,Monsoon,6.9009611369748365,9.341297138989987,36.15961225977562,4296.167473807763,743.2025714621151,25.930625918278352,1
Assam,Monsoon,7.154918414468611,9.228380779715938,44.790054245898254,3390.2402739708314,687.0877648084006,29.99500464956813,1
Sikkim,Post-Monsoon,8.317106136821897,3.7455299509771027,19.17933901224752,320.8543655100411,122.1312687282374,28.83429784579885,0
Meghalaya,Winter,7.068724492704575,0.9254775833112295,8.386362683357934,489.51909323673254,15.065471429685191,32.499283932802214,0
Tripura,Monsoon,6.955806232352809,6.040525280815436,26.53717474794808,736.0880308796281,643.2379937230755,26.036058753693187,1
Sikkim,Monsoon,6.050706467150546,12.18666977610171,15.733530806281127,3493.2731268126117,665.5337004837206,23.095337416492665,1
Mizoram,Pre-Monsoon,7.8819082760796855,3.9274452076075814,19.63641653986156,372.22977305646447,37.53214602297027,15.1912563028982,0
Mizoram,Pre-Monsoon,6.514085724051826,2.5416919884401494,42.94891519839102,674.3913524063871,12.537874987963116,25.31585308359852,0
Manipur,Monsoon,6.632708152268403,12.485125454900135,29.929699932405256,2341.074551277965,791.4412025750833,24.317361095209257,1
Manipur,Winter,6.954543149182031,3.8004231559866537,3.818069678591973,761.1305312099998,33.66224600995213,34.7886503940873,0
Assam,Monsoon,6.915742688960408,10.86894316192623,24.457154139563798,692.1749218087135,463.22252003554405,22.67089676479901,1
Manipur,Pre-Monsoon,7.602113777459163,2.7319358933430604,47.11970215697111,330.10854126629494,16.518384200179078,21.680792488442258,0
Sikkim,Winter,6.67845225987114,0.6794679388569516,43.13160798325313,331.2487068057038,142.1269062923925,22.313805367685106,0
Manipur,Post-Monsoon,7.3306150675881785,0.7248072798512633,26.905767315129246,171.48695551124766,82.37973605751284,30.76287700682606,0
Sikkim,Winter,7.579466312533969,0.6443820469615102,11.044931740479031,625.6898459927188,115.41290080314903,24.905500563127827,0
Sikkim,Post-Monsoon,7.21699655223418,3.321564754891029,5.242784967994196,63.05717057591156,110.29519347574488,16.89741284966314,0
Nagaland,Monsoon,6.787578891127685,6.414879656204291,34.484522780054625,4531.675201322072,670.6310616184475,31.085498680159414,1
Tripura,Monsoon,6.6764777669979045,9.16738456590493,16.073495446937997,2033.2158696196957,534.8968596202301,30.8062684065054,1
Mizoram,Post-Monsoon,6.506890032261528,3.709904007164099,33.16315180312147,308.95349336012,102.07226789615976,30.840618508455925,0
Assam,Winter,7.380844527651638,2.841079556710634,18.741724985548064,775.7965465002837,149.8804497352674,25.18718218602881,0
Assam,Pre-Monsoon,8.316240180174963,1.2391733600188704,38.61433844646693,452.15281322589817,136.01361058539004,21.3452981172096,0
Nagaland,Monsoon,7.502192672300444,10.37587424591986,30.76906097411773,1889.712941240267,459.7586397655848,33.165174719812114,1
Meghalaya,Winter,7.890943873927586,3.166900246998395,31.929339923611412,155.54387086301935,137.14353786568705,34.294919674331766,0
Manipur,Post-Monsoon,7.211332696519132,3.032531796132488,0.8097828659125672,751.4924168479636,35.048106516543356,26.36037407471599,0
Nagaland,Winter,6.713965370020128,3.3977663127569047,19.15546313154512,630.518988209069,111.28694667891324,28.75024412593875,0
Sikkim,Post-Monsoon,7.116322238225908,1.8481272148075065,42.695559990901046,103.9993623432975,18.09628965120945,23.630239647649432,0
Assam,Post-Monsoon,7.048684180385093,1.259050308475075,23.762814477401495,31.752396002319426,146.4179163677166,24.77220541059867,0
Arunachal Pradesh,Post-Monsoon,6.777518110532099,2.910385297920059,11.08094813035988,711.8400149909273,40.329894642885684,19.57877281975767,0
Nagaland,Pre-Monsoon,7.907177022909492,2.278128829823232,42.085250672623324,357.07145549051677,43.68085195755779,21.389271163120927,0
Nagaland,Winter,6.79596239952639,0.5486975233991767,0.6202444206448998,516.4673226603652,25.991701120576128,32.72843515394763,0
Sikkim,Post-Monsoon,7.564313828497012,3.194275063551427,26.85351421510121,724.1409450318894,128.242227132533,31.60797699569421,0
Arunachal Pradesh,Monsoon,6.322629067814223,9.909477524656301,40.71816266082249,510.42425112735197,566.8141045013124,22.10752176160218,1
Tripura,Winter,6.081853221588477,2.966395866021305,47.03712329201415,411.8050265465774,86.18000523704961,22.410105672012914,0
Manipur,Monsoon,7.91325881780945,8.382535647242323,4.868193869694521,1829.7641111097976,641.2043670511755,30.457761256173207,1
Tripura,Monsoon,7.450472635370897,10.96980401475555,37.784882114974835,4095.788976820799,502.95830744297,20.675705529682833,1
Assam,Post-Monsoon,6.19703340972092,1.1152706638727512,14.74425745555087,37.59875641784075,147.18601073175603,21.65918512885621,0
Manipur,Monsoon,7.7124156749433155,11.723350589641582,24.802480477774424,916.0522704915966,671.1171221993716,30.74737962898522,1
Nagaland,Post-Monsoon,6.027582888809117,3.6802156389392398,30.344443632521433,404.5600322528042,72.26852639435006,23.851793150777635,0
Meghalaya,Post-Monsoon,6.420396367762788,1.3084560650928767,22.630748919740657,507.0213307776248,40.38584886109648,18.961681507757287,0
Assam,Monsoon,7.695726613264816,10.716762434366181,5.018028924449059,516.0778708465804,334.1982183489581,32.12158028977248,0
Arunachal Pradesh,Post-Monsoon,7.9894599434983595,1.157624692778717,17.62093548247622,362.8106869914028,114.59616635789817,22.009435968891665,0
Manipur,Monsoon,6.561041551085463,13.1303777655907,11.07851714297956,1471.9960863314036,606.1056793215193,33.56032329791712,1
Manipur,Monsoon,7.110325884301787,11.881643405893687,5.882499214435921,1126.956220260919,471.8676147532179,22.448082094124537,1
Tripura,Pre-Monsoon,8.24907295157598,2.4102404804206614,11.975777711729767,434.6835094245092,148.88920951520387,15.77084791662405,0
Meghalaya,Winter,6.808059265513704,0.622599633844009,23.602897454309023,62.533839738124,80.96173780773543,15.417885555709711,0
Tripura,Post-Monsoon,6.030404675289847,3.09609294773479,25.03168532215549,639.952059519236,63.48017099906461,32.59596076530602,0
Meghalaya,Post-Monsoon,7.760898899192508,0.8170335677098294,21.335379519730434,102.28217863642179,34.85369964340463,29.677785137523504,0
Mizoram,Pre-Monsoon,8.320328014190704,1.0018491261508176,39.05928193060866,685.4740249484829,18.553815398005057,27.74192326097586,0
Tripura,Winter,6.36358114729004,1.6555517281205612,30.13409719767371,331.3597578774504,120.92153182292807,21.283246451312216,0
Assam,Post-Monsoon,8.488540260952082,3.494553527014533,36.44108275099528,390.3458027479507,37.30776986003559,31.95785600178469,0
Meghalaya,Winter,8.025946101220592,1.5707615809625333,0.28390481022377845,523.6688332618851,103.28688815357542,15.493003164566053,0
Tripura,Pre-Monsoon,6.0190139623207335,3.3653512357812465,19.833886535105076,568.1775800123341,122.70850267858881,28.49379533831604,0
Meghalaya,Post-Monsoon,6.113244741902445,2.5297534299164197,1.16351851683828,41.043924292718856,75.81135581033823,30.586433566551978,0
Tripura,Pre-Monsoon,6.181535268308174,2.359765925419355,6.6688712073881105,369.7273525034945,55.39031365325983,23.8315378326515,0
Meghalaya,Post-Monsoon,6.818612255401835,2.520404765971373,40.85383904814712,245.5963957715616,18.04956086825151,32.96862571010337,0
Assam,Post-Monsoon,8.300250030406058,1.70615763897015,20.236152801709373,770.1758933934419,36.08415739599225,28.184192532712924,0
Meghalaya,Monsoon,7.014024678949033,10.799274181454084,15.951878669832913,2347.4810038419128,532.2045998785431,18.65325896258902,1
Manipur,Winter,7.76289123428265,1.1929003981162822,33.87655857187275,478.0779434834469,88.18125510956618,23.132275348610214,0
Manipur,Post-Monsoon,8.360191777634752,2.841087382108868,40.87433902953046,198.25718831227854,109.90533634430979,34.77590100718375,0
Manipur,Monsoon,7.352290670795332,11.529767687594326,45.81215342049886,4547.65194699331,312.25087818985725,22.964820472145398,1
Meghalaya,Post-Monsoon,7.466159678472253,1.232400507873436,30.901260163862897,348.2649754439905,145.71991741984186,18.61717311724224,0
Sikkim,Pre-Monsoon,7.6829253427862145,3.820747572535861,44.96577741685405,395.2525097128949,64.27709931696462,22.21726726884134,0
Sikkim,Post-Monsoon,8.147945055774683,2.6009820463890367,20.548314304916115,417.07693072135936,57.868246963968375,23.053872169751237,0
Arunachal Pradesh,Winter,7.437022894445767,2.6106199243348844,43.22800075658797,449.79990241980306,14.373560481861814,23.25760094545389,0
Sikkim,Winter,6.276709748084429,3.3900884023885607,31.642488059818042,443.82067984585615,81.99129814257003,23.979185959299798,0
Nagaland,Pre-Monsoon,7.684113098286847,0.5416487637650909,22.088441410546526,461.45254659128267,43.48147813770472,15.96708206539458,0
Meghalaya,Winter,7.616501216824187,3.294034510901282,13.88021774873841,158.00369109724718,80.64120861105755,33.79005054138459,0
Mizoram,Monsoon,8.206016928046978,7.464848003241402,21.13077714799829,1471.679023153596,705.8781581904209,33.70118483910407,1
Tripura,Post-Monsoon,7.81539830139176,2.2493280059031795,36.35997706991051,209.946103995921,65.01703927386332,26.8375881876552,0
Assam,Post-Monsoon,7.021252087601831,2.9042115484342435,28.49617938391855,318.53913951913995,32.12254755207269,27.83121831555333,0
Assam,Winter,8.128344189181933,1.5077531401956195,3.0273074332460403,566.7786662450311,97.71790804982557,16.262634475855503,0
Mizoram,Post-Monsoon,8.351401320224836,2.742802055279144,45.43396838488437,546.2361833884471,76.91954674684575,32.63538574841972,0
Arunachal Pradesh,Pre-Monsoon,7.37614796337409,3.134660534599612,21.66585136133644,280.8129306247313,138.92091327261227,31.291985359570546,0
Tripura,Post-Monsoon,7.627901097709407,0.740113535701746,43.82385498224849,513.2841551957005,92.79022336487633,19.43693391240581,0
Assam,Post-Monsoon,8.12209916859377,3.822939218837721,46.70085637130244,720.9283576215169,43.34142141245433,21.550489267011486,0
Sikkim,Monsoon,6.070171081511759,10.787232511528693,32.050424483765255,976.4442069827694,532.6396935752321,32.77905762642027,1
Manipur,Winter,7.035315176411011,2.7426421648952486,0.15016717974775662,573.473988488791,110.68473162120095,32.47865370460623,0
Tripura,Monsoon,6.801406818223685,7.1702011303452196,38.00748687640099,3525.501292399781,506.3025023959267,26.54756492928909,1
Arunachal Pradesh,Monsoon,8.126314800658587,10.973160928486971,24.866456398378183,1131.324104391375,399.2729525356913,23.56507446315544,1
Sikkim,Winter,8.079994508112032,3.8960291566037215,33.97778041588436,568.5956105213372,70.9667640399624,18.125782115498605,0
Nagaland,Pre-Monsoon,6.07406694037917,3.23584340021131,14.372934947236022,251.12262666723888,109.02390588012345,33.19837230874647,0
Arunachal Pradesh,Pre-Monsoon,7.096153512787809,3.114400998703277,22.644918310101637,499.0667242010179,107.13034901452701,29.349274643284026,0
Assam,Winter,7.945163815738743,2.5301482804402284,43.690724950521904,400.3217025103481,55.69227939775074,32.18783746305778,0
Arunachal Pradesh,Pre-Monsoon,7.6241079286809805,3.921246829777233,21.601821196962106,702.5131305461209,131.12336023339572,22.41299362780078,0
Manipur,Monsoon,7.378523366323772,12.442031406994843,46.90886072886823,4906.695737726645,524.5191347989702,23.126759220842583,1
Meghalaya,Monsoon,7.7769576940421405,5.727537366009968,44.08012573515497,3992.0118737332723,595.9457828428406,28.06105875562282,1
Mizoram,Pre-Monsoon,7.697461868592007,2.6994098731829097,13.97812547136253,236.90481373321978,125.80469619497974,24.412787158400086,0
Arunachal Pradesh,Winter,6.990235624229478,1.4522644294163172,15.603151097157225,35.372915198956946,82.38966644460372,30.38241199378595,0
Assam,Pre-Monsoon,7.9576079309620695,3.1970849013015017,17.183300132998113,23.591881355090194,121.96307394805295,33.940924697308546,0
Arunachal Pradesh,Pre-Monsoon,7.813158411449839,3.2781092152295517,0.4396915572135007,416.7248293965969,90.695292588213,24.46901778015524,0
Nagaland,Pre-Monsoon,8.477814755717697,0.6587061587466685,1.0049702850992548,694.007714033321,106.43373276463701,15.129556707616782,0
Nagaland,Post-Monsoon,8.143952414774244,2.5803188966373227,11.622790515652081,346.95017775877,102.73055788758228,23.688926356738662,0
Mizoram,Monsoon,7.3035376307436195,5.023963226307513,36.31422200628971,1596.3219204592426,603.6958498254891,26.561441075210904,1
Manipur,Pre-Monsoon,6.43607913657733,0.9165845616309858,14.506839097847473,335.9219945517596,114.42662608282797,27.536955291895023,0
Nagaland,Monsoon,6.154140922065167,10.390260177492152,26.336088664241203,1343.8841087822157,762.02800589355,18.450819768949028,1
Nagaland,Post-Monsoon,7.931784356939862,2.0164196890209753,32.077066443901366,38.12341712192555,23.557418151761887,34.146119124781706,0
Sikkim,Post-Monsoon,6.568766515914949,0.7446388816220288,0.14008679050771522,544.4940997227993,133.9702384038315,23.651050588909456,0
Meghalaya,Post-Monsoon,6.488540549187814,1.5665719406015781,13.790658976153674,183.5967139974102,110.76558981506409,23.945726007616564,0
Mizoram,Winter,8.31313359068685,1.415482493302936,14.540971817595045,27.307539769634857,76.29409428793831,26.096591801890163,0
Manipur,Post-Monsoon,8.190083721022294,3.947135730961406,23.360102207625705,744.3056129345402,110.87338301585913,23.511089201572712,0
Arunachal Pradesh,Monsoon,6.488465693682922,12.497039655159044,25.92838234086054,1704.5401633740244,638.7810583489218,22.262143488850477,1
Tripura,Winter,7.089611111992478,0.9533919338540331,35.803992862635354,167.2429165964896,92.39682908824955,26.03734613927883,0
Manipur,Post-Monsoon,6.111162364726128,2.108127896256043,42.182750664301764,595.5707809133344,98.44868786200523,22.15163152399386,0
Tripura,Monsoon,8.499117365605331,7.807700365578922,29.90046565171371,1180.8346370282893,791.432506805354,33.340395314370966,1
Assam,Post-Monsoon,7.046167946787775,2.678510372372077,49.542782690853606,208.6778545434807,50.55992401374319,20.660280155580246,0
Arunachal Pradesh,Winter,6.705376664456082,0.5611870243514738,48.841847434432154,213.88653549773258,26.325521118630448,18.063141245606214,0
Meghalaya,Monsoon,8.323793926051284,8.813972057510483,45.3097244291337,644.2560829526583,365.6608819299437,24.15502272125041,0
Nagaland,Pre-Monsoon,6.071362807396582,2.3966675824286874,25.232831126970545,278.98500373152837,87.972681692783,30.06051033390353,0
Arunachal Pradesh,Pre-Monsoon,8.07530927757124,1.7623223255560372,14.426242620237806,708.6980474885432,23.950806770717158,34.538310045205606,0
Manipur,Monsoon,8.168919417645636,6.7457751114411195,43.44944160887229,1628.4838257824356,670.4841173942825,31.63585750547912,1
Manipur,Monsoon,6.74758233055364,11.038035437049427,14.54601943880774,4152.998042798163,597.32065744753,25.03322239280714,1
Tripura,Pre-Monsoon,6.750783927387576,3.711556796911164,22.614262690298936,605.3098947557203,74.39213688421668,25.671963102551793,0
Arunachal Pradesh,Monsoon,7.461129042398975,9.917334769398186,11.070873719430468,619.8797798362928,509.7914372599945,27.859296851522714,1
Sikkim,Monsoon,7.6370102744143,12.098065565978112,14.990403601327174,3595.069779125541,422.759683465762,25.6405185206014,1
Meghalaya,Monsoon,6.3704934128161534,7.55204010206601,15.059894488951919,2008.5176142921318,754.4882168301349,34.32751656067245,1
Nagaland,Winter,7.547192579664773,2.037590710936785,46.825627405111696,686.112183359814,139.55261831001877,26.815214948370706,0
Arunachal Pradesh,Winter,7.794961678472934,2.3980439509246563,44.72295326229642,662.2451736556221,117.05057413290581,33.26649376846711,0
Nagaland,Post-Monsoon,7.662943535823654,3.891454274496417,22.22507014594927,443.32562208935263,103.5415097117822,29.17420248553597,0
Meghalaya,Pre-Monsoon,7.777387450023621,3.7720456119361154,15.799972212123127,443.07123642155904,13.39745726163962,27.953828287472913,0
Tripura,Post-Monsoon,6.340399617228674,1.3043139724423534,0.9926923954296119,134.17918474430576,146.11839131533063,25.731401993541397,0
Nagaland,Pre-Monsoon,8.211876825587904,3.595907024406715,47.56870603283595,540.4934924655026,92.66944949686986,21.177462273984446,0
Tripura,Pre-Monsoon,7.8002044764142795,2.069563756323185,20.37702580942299,25.08070854314712,134.4408574257845,18.531665585901855,0
Meghalaya,Monsoon,6.715309646901664,6.328758606224324,49.97574216823022,653.6098123396683,504.5901261333587,33.94082789931713,1
Arunachal Pradesh,Post-Monsoon,7.898653302758529,0.8581811323762442,31.881962167207767,335.9449314292705,35.518513406561055,30.36338605232097,0
Sikkim,Winter,6.417670350166948,3.508536628622581,48.60430535971307,285.0333163877016,126.06007015907797,33.22840887380836,0
Sikkim,Monsoon,7.778188922516307,6.1398133644509585,47.78262749025725,1076.1932385568239,609.1740137911572,32.00447250045193,1
Sikkim,Monsoon,7.440289663695226,7.040652887578265,36.99034113865508,4636.31109423709,651.6168545521673,23.208199546648103,1
Sikkim,Pre-Monsoon,7.214212789760863,3.312990502132533,2.046969160234813,515.2999055391399,23.62258672723793,15.40676504236014,0
Arunachal Pradesh,Monsoon,7.172363482363806,9.823930988243688,39.31351886375673,4557.829480521921,358.45394240168446,30.359694521270473,1
Tripura,Post-Monsoon,8.287574176407901,0.8618010739071265,9.61007287090554,635.7527610022927,114.43304538086579,24.911917705632696,0
Meghalaya,Post-Monsoon,7.39293736434596,0.5522177000318663,25.623785497044622,476.94533476102004,48.56210659587202,21.151995246829806,0
Assam,Winter,8.439004037516764,2.9956236155102545,17.319018615461847,504.76331437342884,80.2216356049245,20.992281811155102,0
Arunachal Pradesh,Monsoon,6.7671439179335255,10.273840755804642,23.17532873094962,2316.569859770626,746.9191367987687,32.178564440117626,1
Assam,Post-Monsoon,7.9787867767266745,2.8955792044524524,20.80436333726596,212.7569723802753,101.54859148231225,20.260471249531207,0
Sikkim,Monsoon,6.117225171369241,12.570372246537907,15.195174033929426,2958.9544378632454,636.1837578734458,26.243532200229716,1
Nagaland,Post-Monsoon,6.054377164224385,3.4915233235092575,16.98733263842735,291.0652762667259,76.15297993156832,26.122700141087016,0
Meghalaya,Post-Monsoon,6.791586216256343,3.709324953279076,6.957651191321668,579.695314165745,54.49807983238707,30.41874126891159,0
Arunachal Pradesh,Post-Monsoon,6.513852024605731,3.595206870974979,43.290238740047734,140.95891597250258,95.88610741901643,18.857282669531326,0
Sikkim,Winter,6.412508605018081,2.663742312909859,15.789260328218207,234.52067172647278,94.93398843829387,16.494946303860548,0
Sikkim,Pre-Monsoon,6.097036355366087,1.4524426059593858,35.394593577432,290.32729414613027,108.28818280252861,32.629048326420914,0
Manipur,Monsoon,7.619218118246366,5.681181354568746,42.32769413771463,4389.843508074045,765.1789003457152,27.93542166228793,1
Nagaland,Pre-Monsoon,7.0811362927099735,1.8086555405746532,29.022634033514166,711.7776009724853,149.9484240798627,31.711456363133117,0
Meghalaya,Winter,6.352864206333591,3.9877974414091293,23.001007741783834,388.6307845775069,72.19189718799531,29.638127564771494,0
Mizoram,Monsoon,6.254169600171692,6.02428872195691,8.637861262499879,1946.2791666462829,347.00831580671377,24.683987805429304,1
Mizoram,Monsoon,7.778784601364633,7.968781645269994,6.64617744564997,3058.3225548600667,781.0889935935206,17.67653416065128,1
Tripura,Monsoon,8.170806005568338,14.545912487083934,43.814196892516755,4919.513113604385,726.5424649851379,15.530110068776896,1
Nagaland,Winter,7.105695638784748,0.8616398935606304,23.36595968476501,137.17591401353098,40.12740064399371,20.933282873052406,0
Arunachal Pradesh,Monsoon,8.286593772913388,10.793444638121272,45.04933006398478,3516.8229778821715,560.9202666256564,19.520457109697695,1
Manipur,Pre-Monsoon,7.406591406670043,3.3806483160990064,0.49287872280325273,583.0076192946296,99.42395923974325,17.974444728535413,0
Assam,Post-Monsoon,7.320103767007394,1.4056453635367119,18.96991328815764,487.16057790155867,52.201930705096494,28.252470270787605,0
Manipur,Pre-Monsoon,8.316810575798979,2.1282643723096317,14.347836493970012,234.4640414725277,91.83836442541208,33.69149353295032,0
Manipur,Post-Monsoon,8.129404626290896,1.4882782149868794,22.90641770068208,73.18863424890338,126.9275404977228,30.162920405857474,0
Tripura,Post-Monsoon,8.250065835714576,2.108413099811184,48.69811564550833,27.30073653425832,12.914107131134829,26.186978247895087,0
Manipur,Winter,6.408369237866738,1.4425828038377186,33.46174324245254,754.061244761706,100.18643280331044,24.36740193734877,0
Meghalaya,Pre-Monsoon,7.045704062635183,1.578729505579665,38.884414827683536,591.8051196238614,96.345463185754,34.54033973991005,0
Meghalaya,Monsoon,7.4303283697955385,5.147336176077554,7.5071777660624175,2004.360847031613,443.9397601968951,32.55339475883375,1
Arunachal Pradesh,Monsoon,7.036389982608706,9.348533221235034,48.395756450240626,1760.5814966882167,325.89742702687886,33.300287574056064,1
Assam,Winter,6.215384275178664,1.4943743652004906,34.32882933552717,126.5885687779687,148.4851106431642,21.120130327753152,0
Manipur,Post-Monsoon,7.379354623560286,2.9884783161132096,49.95560359611132,434.22660034608924,78.52104534615867,25.611268974248183,0
Arunachal Pradesh,Pre-Monsoon,6.679354526224949,2.133372947907257,49.367023156955575,438.3651916467583,16.766209572092674,31.402833973239662,0
Meghalaya,Monsoon,7.800325903501339,14.53640767854048,40.244647013999206,1267.4179136695952,409.8526347174955,31.119375199688193,1
Arunachal Pradesh,Winter,8.266332368782775,0.7186450119593859,43.52335733737721,214.2415035700833,73.51038677069401,23.75913257156773,0
Manipur,Pre-Monsoon,7.4177711651094445,1.8637970515501356,24.051150825823626,564.2744535198652,143.51508867230504,22.468474941078902,0
Meghalaya,Winter,6.276252989929027,1.1104928462012493,17.73625621821847,575.6386786802952,47.42559411499685,30.03596913399567,0
Sikkim,Pre-Monsoon,7.400921293031162,3.0449028804307456,7.5952437613203525,392.2619865730352,55.36582437002062,24.352434032720907,0
Nagaland,Monsoon,7.028702499373278,9.36077494083261,7.322152847840075,1562.6116568979908,734.2075253320362,31.619128706669606,1
Mizoram,Winter,7.5013560164984,1.8542338519354742,9.15171626306469,205.21747294543633,43.332911115066544,27.003699869256607,0
Nagaland,Winter,7.526655436186941,2.6045655476957417,15.356915470583433,733.2890493899879,44.04819007053833,29.904574244002855,0
Sikkim,Pre-Monsoon,6.5589992889551265,0.854492562666842,2.2679067622528692,239.86862774874092,103.28276181642485,16.467038559619517,0
Assam,Pre-Monsoon,7.199259222658111,2.0832781626120713,2.2722975708845183,265.02389372122974,127.7520690606691,30.142850599318344,0
Arunachal Pradesh,Monsoon,6.003144885714299,5.491379255407768,7.970232244282988,2856.798815999198,590.2140039779121,32.630513745977034,1
Mizoram,Pre-Monsoon,8.151047648160096,3.988113807444309,48.30049321113166,344.0431633172441,43.55954536561741,19.807534629473373,0
Nagaland,Post-Monsoon,7.7471884337190255,2.4925806729418416,46.18500968055187,768.857407917439,49.06943546324949,26.248510829061892,0
Assam,Pre-Monsoon,8.299804280486764,3.6001947115436455,2.4837396767910414,139.6105446018684,105.05131586376092,33.82802633513175,0
Tripura,Post-Monsoon,7.758753032466239,2.714355037234334,12.034438678541004,509.2640160555135,78.42525481555415,30.987762648320697,0
Mizoram,Monsoon,7.25876764748468,8.24998758420454,5.292837008168427,1177.7810645819425,782.6118626870139,18.49939050613028,1
Sikkim,Pre-Monsoon,8.430802341820284,2.7305454342570314,45.74131975154117,86.56781900456389,105.79019968650502,19.865641500459937,0
Arunachal Pradesh,Winter,7.938586558153463,3.669936201429702,47.057651332511625,92.75856865467004,18.11639978517262,32.922590613591105,0
Meghalaya,Pre-Monsoon,7.5361591226528555,2.4265709995715308,13.542385585044126,500.10900899959205,92.87992700126877,33.873118591550686,0
Sikkim,Pre-Monsoon,6.458572394939729,2.387614219781532,49.43804190915013,772.253311173214,58.55083656485873,31.42029674095221,0
Mizoram,Pre-Monsoon,6.91013090653156,1.9683998841753994,24.556648780468095,733.3196444605392,46.20914125436016,28.124834145766737,0
Sikkim,Pre-Monsoon,7.987003543988775,3.722926102253988,20.744624773223887,287.64479712768326,139.8924012826105,28.943156914595228,0
Assam,Monsoon,7.296892638380893,14.405834919629644,33.02167223096146,2038.9211307784124,749.2664959244837,16.172075360980223,1
Arunachal Pradesh,Monsoon,7.529034239726961,10.284114147578583,33.51509194676207,3818.23419000057,705.8806320673891,31.016173389968436,1
Assam,Post-Monsoon,6.068967300077698,3.9524501383631954,19.505858429012875,695.2804472817514,21.461556963437147,28.34580015757198,0
Arunachal Pradesh,Post-Monsoon,8.382817868442272,1.7521604476600654,7.202411151449745,476.3270434749246,130.24713987593174,24.335584728332073,0
Meghalaya,Winter,6.1188128449236014,3.732031610582066,44.72363036146476,414.6854124957445,84.98298455154928,30.138632455216907,0
Sikkim,Monsoon,8.008029854525944,14.332382586321389,5.454430557468659,3444.634564539871,591.5177117260712,19.482345173623187,1
Manipur,Post-Monsoon,8.353971157584475,3.4422571330725202,13.796794269268492,689.9947820356473,20.956770537692098,23.431457500940905,0
Meghalaya,Pre-Monsoon,7.85206851576825,1.4446121918293382,36.66293637697164,223.97064293589355,101.93777798260797,22.922108498067203,0
Sikkim,Monsoon,8.382725877394039,5.171748187421963,8.494175394674802,3827.8995468778767,726.5722600399674,33.763148559778344,1
Sikkim,Monsoon,8.123683629341745,12.880123131554203,0.4319931542601019,1293.840382526203,450.34153644776575,31.378097120259326,1
Tripura,Monsoon,6.649517534193617,8.540964801103405,34.75969994054737,2933.146625878838,551.8522115067307,15.104724936396593,1
Manipur,Winter,7.615126279039551,2.2839686665167487,4.88310044557056,648.9170892080701,99.7657060295934,21.23180738889317,0
Sikkim,Winter,6.014580383560985,2.1936157212503105,42.80051624335483,490.852476157019,23.530246622279158,34.51137295955469,0
Arunachal Pradesh,Monsoon,6.2829939731895,12.955174115134579,14.425492138831991,1407.7622972824734,481.45227802559094,19.605878460249734,1
Assam,Pre-Monsoon,6.627400271673933,2.5147309279169794,18.493431509260667,762.951351035709,88.12748877631314,33.748542797581194,0
Assam,Post-Monsoon,7.675585131224141,3.6011364680810067,13.613866546086683,741.5327266154484,113.14503309125992,17.068653411441893,0
Meghalaya,Monsoon,8.023873242764893,11.146425900828914,24.222966423625493,952.8215575363608,659.5481849004368,19.91596926874664,1
Sikkim,Post-Monsoon,6.185663615052374,3.605677252716581,21.752747210637285,264.85609887486663,75.57787467722913,32.974129884239964,0
Tripura,Pre-Monsoon,6.5378959460762385,0.5326406325078233,30.611252102617158,96.13249198440793,65.38519159687979,29.2673661709913,0
Manipur,Post-Monsoon,8.050210047036144,1.9111010178812264,5.23234470865595,784.2424851270487,33.12023157842172,16.64511407684102,0
Arunachal Pradesh,Winter,6.294759967972389,0.7774127466671013,35.34257867130944,199.49530537884579,93.37311897549705,18.27164838500259,0
Mizoram,Monsoon,6.317133635530963,9.921778838770159,29.611149842133283,1857.699199706036,706.1826735025438,20.798559308398985,1
Sikkim,Post-Monsoon,8.144473788879331,0.6244080667242643,30.802738452705935,325.6832841497555,35.358163163670355,21.479157308550388,0
Assam,Monsoon,6.608608850455154,14.711668208231206,11.340331268422055,3542.104163382186,370.3703912379175,34.42639290144713,1
Arunachal Pradesh,Winter,8.316097413507046,0.7678022320388058,19.743702352774122,475.79507412588094,100.00671451962513,26.758612638997963,0
Nagaland,Pre-Monsoon,6.302530648947135,0.7577837349363065,49.321259874054284,452.36286201239426,72.56050816766174,28.537304203170603,0
Arunachal Pradesh,Winter,8.108271434355855,2.341303564240353,23.086280425319462,404.8380723707993,112.5382748124834,23.111025012886095,0
Manipur,Monsoon,7.767042146048658,12.987596926952705,13.340495416484899,2943.119364964289,768.0659415043021,32.42991544346042,1
Meghalaya,Monsoon,6.932125074746142,7.903693463204105,3.725904552634085,3417.7868472570535,611.1525992428607,21.947061988728745,1
Arunachal Pradesh,Post-Monsoon,6.933910882714859,3.8516919819095654,32.92541438683805,376.33419751904603,64.13779618701143,18.844957752661166,0
Mizoram,Pre-Monsoon,6.269304642559634,0.9127457214159347,2.7557368932326742,637.4631347043095,19.312606138383725,29.54446192989608,0
Tripura,Post-Monsoon,8.030066779910424,1.919016931575508,20.018295175543198,60.50430375608641,137.0317059524677,16.38219270580645,0
Sikkim,Post-Monsoon,7.065735494495449,3.748567791110138,47.92263970396786,451.9609794846366,72.60717617614687,31.70224263487341,0
Tripura,Pre-Monsoon,6.30864035403835,2.10237520162989,40.56892686092821,791.8877669631696,80.2251924707816,17.77970204536657,0
Tripura,Monsoon,7.0587750155920155,10.00964118076699,21.613556615354103,2599.6781096958234,328.35689358857417,32.810505323070416,1
Arunachal Pradesh,Monsoon,7.777510426369215,10.199340227498073,18.895376949772043,1464.4313789185926,578.8318533271095,32.986971325530526,1
Mizoram,Winter,7.13538876782153,3.6180057501611325,36.819374564568044,287.15890908252345,138.84986873614568,31.12457490616552,0
Tripura,Monsoon,6.538214938197861,5.451689555366838,24.360247233597104,1609.9054814228625,308.79554986453286,26.1232271052977,1
Assam,Monsoon,8.427360818778759,10.65875866041674,31.083122303389892,1370.9206760617021,743.2824212009061,28.88138452803215,1
Assam,Pre-Monsoon,7.451455999828232,1.9047246589570594,9.359507621518986,33.4328737271925,99.3771312755141,22.173009408112872,0
Mizoram,Post-Monsoon,7.723466816770061,3.7471214618865543,49.902319734911174,719.1810709938288,91.02635192624649,29.52906501474921,0
Assam,Monsoon,8.462799128814833,5.456019185126696,5.956732043047635,2827.7021606433905,696.9334660794226,18.97529992458739,1
Tripura,Winter,6.106810256042292,3.8923650577793976,24.331016397692963,645.6406444399151,44.61741308768661,21.038682356037995,0
Assam,Post-Monsoon,6.231579892531489,3.987730671706564,9.020932785852798,313.9388614768179,53.59161074885978,29.22701106384632,0
Arunachal Pradesh,Winter,7.1937420666044405,2.946890878018075,15.851759983547714,55.21916738328411,102.76180249395748,34.5367905752157,0
Meghalaya,Post-Monsoon,7.553043806302066,1.8034626751224363,26.50160311202918,482.9649963671752,99.4101583736347,18.881186764483104,0
Nagaland,Winter,7.433023417331839,2.091696256896765,43.31793902162042,576.137845309481,108.66353695963373,34.88731739150373,0
Manipur,Winter,6.093007735489055,0.9784717798154094,24.02176864242611,722.6177285437537,31.685091440907378,17.132107959438336,0
Mizoram,Post-Monsoon,7.516261582326193,0.5872665266499137,48.67821682152854,36.91143449136004,77.41151963723816,29.724529910808506,0
Tripura,Winter,7.850977812838296,3.4166065149101854,46.81135749887592,475.76205689905527,114.928820229149,15.376340400908406,0
Tripura,Post-Monsoon,8.055193272015956,3.1502285557438565,38.47766214659184,13.286871736672321,146.60603019271082,15.059914307601268,0
Mizoram,Pre-Monsoon,6.846745333330319,3.6195536972348354,39.063611757400636,180.7210001659063,45.480301536841985,28.557919939512743,0
Arunachal Pradesh,Winter,8.414659334778042,1.8249049228837153,20.425291201734648,415.1431981567039,42.92854682034107,18.5744082716908,0
Manipur,Post-Monsoon,7.711989356290919,2.3393316141122744,21.632729876331226,797.9648250866646,64.36296501582491,28.577454468097038,0
Tripura,Post-Monsoon,7.589127776744683,0.692260293860919,47.11407568625947,604.431854765491,102.53156399453817,32.20470905473309,0
Tripura,Pre-Monsoon,7.087553280472363,1.370886174762405,48.56160583515401,748.5680206444188,122.38810051047537,17.909901551380763,0
Arunachal Pradesh,Post-Monsoon,6.2371064682355355,3.5711970610567576,20.29776264169033,268.99178413901535,75.32701867221884,19.923171031089396,0
Nagaland,Monsoon,7.571173625942457,14.408249609268026,37.16416864725462,732.7326653008608,576.1782293865788,27.897116948598963,1
Manipur,Post-Monsoon,6.168855514216903,0.9824183471022052,22.66771948747448,363.7756280143836,130.43726581225934,34.38649655371151,0
Assam,Winter,7.764463034505041,2.727870951680674,49.35636170766891,138.58196065058334,100.74401034886321,25.50796511041852,0
Mizoram,Post-Monsoon,7.831393300514544,0.8318699692447213,6.930262888208954,68.51961951805862,98.13062434418565,26.31340725109295,0
Tripura,Post-Monsoon,7.632533072195413,1.859288302926727,21.880111690151644,695.1594303347065,74.62418680938809,28.497521993654793,0
Mizoram,Pre-Monsoon,7.483121189289573,0.5507895594034018,49.285168908670165,54.37977737971072,57.15776219688908,19.697658815717144,0
Meghalaya,Post-Monsoon,7.654480129701221,2.3396816367488475,49.00409396112807,567.3462940817122,135.15281660092472,28.315052337563145,0
Sikkim,Monsoon,8.483750405234435,10.996708073201097,15.795232615914145,3307.3416270031307,444.8366477935179,15.156422073294127,1
Tripura,Winter,7.554690263154045,2.560625764549689,23.733535230005344,761.6067885309203,56.06783878308248,21.62228632463534,0
Arunachal Pradesh,Monsoon,7.669676827629285,14.574178002034648,32.24823660866261,1450.4317096000939,655.4577443040713,23.427690277543206,1
Sikkim,Monsoon,8.397118984302924,10.695933653838061,19.334128261078597,1546.3839156625697,438.18353887241113,28.415599618067585,1
Mizoram,Pre-Monsoon,6.846951101553254,3.3203610671868153,16.19410031325953,68.5470274947311,113.8866834551221,19.555311897704406,0
Tripura,Pre-Monsoon,6.937287976905594,2.826265344167318,40.5550712157758,432.68921488123823,31.569534428308867,25.43520889069994,0
Sikkim,Winter,6.792061962430605,3.243396060744796,7.967916290460636,39.25432602068106,70.50388202668347,27.313241878545554,0
Tripura,Pre-Monsoon,8.403593984491655,2.3450165867622337,45.42376429628421,152.1022978624842,53.94067430476528,34.430892143092095,0
Sikkim,Post-Monsoon,8.295879901348071,1.4643077525224015,13.927008663641939,278.22727278549365,93.36559428843124,18.337535631450596,0
Sikkim,Monsoon,7.322031880428911,7.695567106411972,18.119176825341764,1864.7991927426558,479.90408037977477,27.6592918661716,1
Sikkim,Winter,7.912255797569592,2.4548289631077194,9.578940069657566,539.3654250639712,39.41885708820941,27.61377259949728,0
Manipur,Winter,6.777351160359321,3.7002939208313084,13.221866491501306,171.59326670203154,126.51590892715198,29.201161841589478,0
Tripura,Monsoon,7.678619974615804,8.805825614679973,18.908317356419907,950.5892528327852,754.4807408631527,32.604219836382825,1
Meghalaya,Pre-Monsoon,7.14931180624937,0.50030215039994,0.7258137592670244,306.8809590783258,46.102744135044325,22.53223162300074,0
Sikkim,Post-Monsoon,7.187444382784428,1.7743981188054487,30.949278581237095,299.9238148078516,61.92469263603472,21.61632633502257,0
Nagaland,Monsoon,6.130210958863869,6.637837187909784,17.645777340326614,1023.9719499645737,745.1054791661926,16.636915066276877,1
Nagaland,Monsoon,8.350932892619781,7.378050809850093,16.628856758972987,601.1122163603811,659.8691754293033,23.861460619192556,1
Manipur,Post-Monsoon,7.229563913306035,3.7170128716014217,24.358610269328544,404.0687983670463,51.98462492609568,20.117229922991072,0
Tripura,Winter,8.441803881077371,1.4339938450610814,42.419324331740114,310.21225605627086,149.59605163290865,22.57604642018904,0
Tripura,Monsoon,6.761252729544804,5.385622798495852,25.12823893359233,3920.7503049188676,739.4386076860994,20.83564114190351,1
Arunachal Pradesh,Monsoon,7.828817893789318,10.127388877120953,10.673404508336654,4596.19968640051,653.9262184864817,15.68053133359641,1
Manipur,Monsoon,7.157110754708793,14.43701456715901,36.01054414672061,2099.3078113558886,522.7743055621847,31.522280062845482,1
Assam,Post-Monsoon,7.032664355037603,0.5437182401032151,12.360052466050997,95.60280613031652,119.22461406349254,30.67069148154453,0
Manipur,Winter,6.400835728339629,1.8935458523523085,34.0847738122379,396.9062798769304,52.41427546321583,25.630633382215755,0
Manipur,Pre-Monsoon,6.4239363379839105,1.08339230704506,1.960752987207337,371.197239417104,94.00735284028208,33.267039155214135,0
Assam,Monsoon,8.082870442963056,13.620295756354704,13.204272210321887,1488.434104784314,744.6306844978994,28.150816998293877,1
Assam,Winter,7.47453233391108,0.9195591772903624,1.692281183138944,348.5639581749767,66.0593807013023,28.42510454244654,0
Tripura,Post-Monsoon,6.173413928773984,3.1580632324384648,27.766681561136135,481.95859853822975,126.10061604069908,24.15123739160773,0
Arunachal Pradesh,Winter,7.558585615210658,3.154921899819047,49.23360280713909,624.4329134073587,85.89267962135621,31.34765749758757,0
Meghalaya,Post-Monsoon,7.944939541461044,0.9810133203497001,31.74426964685787,150.5697747706625,26.71200376460603,31.251275503590268,0
Mizoram,Post-Monsoon,7.965847878023246,3.3636266448129213,1.7645979759855213,693.2008818638163,17.2751688263741,15.147277699818032,0
Arunachal Pradesh,Pre-Monsoon,8.220063169064968,1.4272716689483085,32.57116531874615,128.28681184997194,91.89077806142294,34.076642121837,0
Arunachal Pradesh,Winter,6.5854912390057345,1.7368051639517312,30.15486208770519,197.89922415655556,116.19787289936849,25.53525712646733,0
Mizoram,Monsoon,6.615167701340849,12.26290167342816,6.276435134671699,3735.820284879141,717.1777704578159,21.806221518580443,1
Manipur,Monsoon,6.324981689085737,7.0839034902111875,18.73351597411658,2102.1326942690494,365.8384144487354,34.37070317872188,1
Assam,Pre-Monsoon,7.1606213561360486,3.61893331283529,44.70656628604824,766.3955128581017,29.482945159935333,25.203899114977567,0
Meghalaya,Pre-Monsoon,8.259288202929918,1.7325996756690945,23.868303766783672,762.7529298874604,108.09452218643074,22.364974311611284,0
Tripura,Monsoon,8.153134050319911,5.837775884244778,7.266784416407629,4324.5614723217095,784.1552079929961,22.43699926443612,1
Nagaland,Monsoon,7.391579079946635,11.829217559019241,15.663839360466103,4456.089830739553,731.8617560535978,31.436514173179443,1
Manipur,Monsoon,6.803567864458884,9.42773830640077,18.230671325741522,4411.5952935568375,426.94885925938445,29.998139304011197,1
Sikkim,Winter,7.5881420559466335,2.7168246297440812,12.734804296124125,348.80192639151136,127.34828729816195,29.468839160584402,0
Assam,Winter,7.386373785267326,2.487450015163325,23.61616539329087,494.32211958359255,117.99723342367557,31.01216393303439,0
Arunachal Pradesh,Winter,8.322609207299056,3.170879010538886,17.315281076502103,87.37341037025313,99.15382425723526,30.103739666412427,0
Meghalaya,Post-Monsoon,6.052713240474713,1.7846328940115694,49.57155863383298,696.4252044847755,93.0472924094608,31.370163504753602,0
Arunachal Pradesh,Pre-Monsoon,8.14654383187617,3.9240476438084246,26.873148442140078,356.9491387054006,148.12150777988347,32.454831329882,0
Tripura,Pre-Monsoon,7.575659840909391,2.050498262298773,37.6136590112105,384.4025918198234,86.48595712868273,25.97837097333307,0
Manipur,Post-Monsoon,7.8689714864872675,3.1437693845897976,19.007696437336012,385.5339285764693,133.87143669538835,26.151336509578844,0
Sikkim,Monsoon,8.175933998998248,9.533115878087305,35.64380458228615,4999.087918575161,444.38023889881276,25.960410957042455,1
Mizoram,Monsoon,6.890673591605917,9.472018682138277,34.52999131558461,3325.6359812691258,498.2422833757674,30.233182911519712,1
Nagaland,Monsoon,6.386176509617068,13.198735745347616,46.5735481615151,2867.894615244101,617.7357264414713,15.90960452606603,1
Mizoram,Pre-Monsoon,7.645689444789645,3.4891361840833772,13.671705924746696,647.241296315946,34.13068060185609,20.200519836275497,0
Mizoram,Post-Monsoon,6.560625601309875,2.1448494461199603,31.336080488189566,788.8423013742297,108.30479341525358,24.872530533611545,0
Meghalaya,Winter,8.128813466494144,2.384833578954046,32.89948135674503,531.0563936685805,27.219022289227745,31.30777594034948,0
Meghalaya,Pre-Monsoon,7.303579576496275,3.2200004920007714,29.223065229244515,561.2313497047642,87.07019152738745,34.184145785842084,0
Mizoram,Monsoon,6.000253225592768,14.795767548763335,38.106885205756534,3198.649711950865,465.9635691876202,20.648094589864673,1
Nagaland,Winter,8.495063095943541,3.963695187658781,48.443854190043304,430.51019680431,20.15114087958726,33.29294352248226,0
Mizoram,Pre-Monsoon,6.837314805165125,3.779386318291933,8.693521926559,502.27790795186644,124.98219652370585,20.760384516586306,0
Sikkim,Monsoon,8.14302942224198,8.46355971058213,41.41783976050739,3314.0342816760503,717.9795197536913,23.31783809541853,1
Nagaland,Winter,6.550084853664465,2.047251054422701,36.54391201086005,43.06478776224121,19.905488265061518,34.671383759241685,0
Manipur,Monsoon,6.399937734643993,9.126581207961966,1.5340781132082204,2346.9796256778327,366.6525877334906,29.414426457202346,1
Assam,Post-Monsoon,6.842694079493224,3.7116493546648277,12.573388813679287,310.0335024154335,129.51996525793757,31.227694231190988,0
Nagaland,Pre-Monsoon,6.604544777420995,3.11688349626455,27.86380285576603,123.4028609153551,136.02984199848646,15.159553803314816,0
Mizoram,Post-Monsoon,7.892784173711038,3.8821922489348326,42.128956351300964,527.5565648260406,117.36162909307238,30.69878233076168,0
Assam,Monsoon,8.176067460154627,5.271682935358123,22.629971100373204,1676.1749251584536,346.41948127646316,30.595786866965945,0
Mizoram,Monsoon,6.309692096956128,5.919755913319226,43.414717902794635,1490.4519809938063,323.71988135761785,21.87582400672559,1
Mizoram,Post-Monsoon,7.678323795243775,3.52938295862077,26.80060581355904,168.20412244117048,143.9755301072781,24.268894003046917,0
Sikkim,Monsoon,7.596555176446147,9.847419823174734,2.953998855699896,4228.363709244888,393.3018845747192,19.136602680681175,1
Arunachal Pradesh,Pre-Monsoon,7.7693423718569345,2.0602686336135854,32.84616835646052,409.0593821501595,91.58162647288674,32.42935737525462,0
Nagaland,Monsoon,6.36038170462873,10.717051742422797,22.711096331084768,1243.213504999023,446.27777943943283,25.393377681084484,1
Sikkim,Monsoon,7.212603134051556,13.821283504737949,24.986338888650433,1035.8027116050548,389.74702397814826,33.89709398729908,1
Assam,Monsoon,7.987579162351057,10.711267299502856,5.294654766368573,2643.3383704935977,646.3000235027755,34.30672557084732,1
Meghalaya,Winter,6.957404493600014,3.6875697403021883,3.085643432268376,359.9874255487617,80.07419624785379,21.11882288017397,0
Meghalaya,Pre-Monsoon,7.40284609157337,3.851509932416076,32.130842911258306,96.7262740352001,72.87566610248115,18.967856293310174,0
Meghalaya,Post-Monsoon,6.953492814589727,3.255019081887394,7.880282739746342,346.7598222669353,42.95235955744075,16.45556892873693,0
Meghalaya,Pre-Monsoon,6.8476730326877,3.106716116140891,5.6165006650558515,672.0009898742796,129.18741157797837,18.167201874026578,0
Nagaland,Winter,7.646061102477503,1.9101724995302125,24.0296661275052,705.5468668495994,136.5447903160261,19.06677150155062,0
Arunachal Pradesh,Winter,7.100527566606198,3.656389792561075,8.654599025636411,153.7292587755432,123.82611037227784,31.09999108342548,0
Assam,Post-Monsoon,8.467559363512844,3.6868726769881066,0.3453433868727207,277.00443810775624,137.23322745921473,24.356909004183628,0
Mizoram,Monsoon,8.457253436565686,10.115321614615347,9.710522816698685,3333.803372600926,690.941765855669,16.59968230823633,1
Nagaland,Monsoon,7.5887942575571365,9.066625154501185,21.066812469580515,2659.5823902341463,347.0731959639669,16.459735133996205,1
Meghalaya,Pre-Monsoon,8.474948453624894,2.3061618705624833,49.4658359948075,23.39030731725176,45.730084080535654,24.269945660445504,0
Nagaland,Monsoon,7.464780739115078,6.170563216966418,30.262550902870107,3052.205854512376,613.0639352537794,17.3254842151365,1
Manipur,Monsoon,7.809205436870703,12.448943590162973,1.3967847178262105,2454.311020602391,680.6727199029899,26.52030740913058,1
Tripura,Winter,7.4791504117656356,3.98473034988824,23.72704115450051,433.8761525495098,127.89616083706902,27.202160047376257,0
Sikkim,Post-Monsoon,7.886369627802149,0.6298347308668939,7.448011397001608,495.8835555226137,61.52200583814928,22.1588053775892,0
Arunachal Pradesh,Pre-Monsoon,8.373591019168547,0.5845246297988761,32.02262902364694,57.19129270977852,83.76639865546399,27.572157391307197,0
Arunachal Pradesh,Pre-Monsoon,6.704593890877486,1.6096861288949342,35.89732033905651,573.020502672811,140.1310335578539,31.615824933409797,0
Arunachal Pradesh,Winter,6.035363894995684,0.6088085318345497,17.508387571036465,797.7210385370022,28.60666691774466,17.931452635234777,0
Nagaland,Post-Monsoon,7.559272904914159,2.6548089278568754,42.10648501272254,590.3167258047744,78.3464395930888,27.734929358667713,0
Manipur,Winter,6.83925657878949,2.8340886791784645,19.73417343311448,761.5342368577976,125.6557381079366,24.552004848658385,0
Tripura,Monsoon,7.671768720023284,9.407168073100003,5.692027516651238,1013.7009001309768,478.1234732570962,21.676209216812417,1
Mizoram,Monsoon,6.850393386533019,5.651304626514209,24.95586988698961,2784.414942744443,772.9280801866109,27.88033609390554,1
Meghalaya,Pre-Monsoon,8.470031990708982,2.3517401720677893,37.99750095780321,462.03683810615644,130.49967442349856,19.887716538874123,0
Arunachal Pradesh,Monsoon,7.193772873324969,12.905275389350706,2.687484373543575,3900.971149748436,331.49182772001035,25.218937676810242,1
Mizoram,Post-Monsoon,8.2597581624072,3.9134102630226386,18.268720706890424,21.157536360790015,67.82667801451663,23.097516847523828,0
Arunachal Pradesh,Pre-Monsoon,8.249385146322446,2.040513878729395,32.94671193791079,308.9014673900915,57.71896699920764,25.241453379604874,0
Nagaland,Pre-Monsoon,6.304262003828862,3.8633587825880253,22.058016991139272,173.3914413061201,139.8426628366729,22.277533592723355,0
Nagaland,Winter,6.728545759966433,2.9015394587179815,48.95260788190743,272.46182241795725,66.8338956279481,17.34000217176708,0
Arunachal Pradesh,Post-Monsoon,8.09915656750457,2.312415024170071,36.372119672692754,452.2829153818529,50.76548474830585,24.104056144348124,0
Nagaland,Monsoon,6.623984234636814,6.0917683937548714,2.2053862161606874,4917.623048042162,648.9694444683455,34.07930513014344,1
Meghalaya,Winter,8.340489445354157,0.5097457949511294,44.952709240402235,125.29963713265533,67.73109790190527,15.941928871476112,0
Assam,Pre-Monsoon,6.96537788039439,1.957301223209617,9.270828501988598,692.692023668281,12.299383475398981,19.10332667458869,0
Meghalaya,Monsoon,7.1104739190214685,14.396996814266389,24.122814520256703,4462.136724079044,798.4051762786933,26.548422880105647,1
Sikkim,Winter,6.7943804480419185,2.6976761304825265,18.97960812596699,618.7649517919589,112.59055374438648,19.987720441355105,0
Meghalaya,Post-Monsoon,8.102633970177324,0.8115699749706322,2.655577415798138,613.5493157073093,98.67442880046126,34.34117337958334,0
Mizoram,Post-Monsoon,7.493911243574457,2.8371982911459397,19.475991735147215,680.4190073167654,12.812735235538913,25.440165012194818,0
Meghalaya,Winter,7.9364498428062635,2.549044115660258,21.650464824068,568.5431447779625,144.48279843437822,15.935698999046293,0
Assam,Pre-Monsoon,7.543390467143784,3.015836357418646,22.70946719971279,140.92886670324663,128.1651070475318,30.694842316179287,0
Arunachal Pradesh,Post-Monsoon,6.140953065005182,1.9507078378740614,14.415629246305805,269.0594450030294,49.80209107394113,27.884970871926164,0
Arunachal Pradesh,Winter,8.270738920806977,2.8808443797689325,13.197432879443488,253.64109608804714,69.2190867229273,32.94360217531545,0
Manipur,Pre-Monsoon,7.011073945009225,3.6424815401282826,25.967666205386898,651.6843765772203,69.42306677752383,26.90570572854528,0
Assam,Monsoon,7.503106864584309,11.765585714533941,8.126403813577376,1044.120844819352,752.7969660814931,18.90222376392285,1
Arunachal Pradesh,Winter,8.341830805064914,2.3503372456566645,15.562229839476343,488.9893086469922,60.79924033011848,19.373480377595584,0
Nagaland,Monsoon,6.067680863104991,14.523553139854844,36.48859437841199,3141.3272211544727,744.433624692062,24.298822468502692,1
Meghalaya,Monsoon,6.9874505664966575,13.428449888713654,11.997243604753677,3138.836849636591,312.26647747633507,34.65314708879108,1
Tripura,Pre-Monsoon,8.344955095364877,2.5541670938295047,9.20735412037641,589.8305006417089,47.20235417475662,16.092564352694268,0
Assam,Post-Monsoon,6.0766137405134755,3.98846079014388,2.1819921784583807,23.67331838264168,106.89147254208197,19.359852900724178,0
Meghalaya,Winter,7.191982063158159,1.8961297363491547,18.518831135422865,391.25244558518335,27.69269292846844,34.103436241655984,0
Tripura,Pre-Monsoon,6.144265727483787,1.4040560928791987,5.3999281028911215,682.5654068014088,25.201208355570415,24.649924298122194,0
Arunachal Pradesh,Winter,7.0976500733871974,0.8269562680206192,11.403723912286058,244.81553354403346,130.64070631080705,25.437164277589815,0
Sikkim,Winter,7.394121980750421,1.9608563875128273,25.335106012495494,128.33591992352385,99.90157310310339,31.645036272839015,0
Tripura,Winter,7.9029641175508605,1.3620132801529772,26.32683785908353,71.54712743351985,68.3814495243004,15.065681265124471,0
Sikkim,Winter,6.675839892254282,3.06349911869859,11.097345744253111,679.5368631656781,46.88417066577322,34.88880392370065,0
Tripura,Post-Monsoon,7.135469255532849,1.693117815016173,49.813972873058376,638.8890440565424,47.29788144740588,27.459401924075202,0
Sikkim,Monsoon,8.240666956042464,8.529518214632866,27.711744140411266,4374.265587743346,633.6159576658071,28.27482837711387,1
Meghalaya,Monsoon,6.239366885021315,11.097889937538223,1.5258152104503708,836.5452292963869,590.7486460957773,29.729563748417043,1
Arunachal Pradesh,Post-Monsoon,8.15654154222372,1.6078374421511112,27.117317095857402,19.506579231900197,48.530044791818035,19.85127025953709,0
Meghalaya,Post-Monsoon,8.262339106227621,1.24412148922172,21.95337031202657,606.5497289749874,126.96132216619361,20.91611477076675,0
Manipur,Pre-Monsoon,7.953849789081214,1.6606544020538725,33.51927250032512,232.15838148558302,114.86442061579214,32.50993525670272,0
Assam,Winter,6.098928324480428,2.8081892096848797,34.99173492651534,590.5907521734257,88.54484714823833,29.700135977731676,0
Sikkim,Monsoon,6.02185425074735,11.452667015815875,31.308272988226648,1013.8181655508098,634.2497037929942,31.704900203908554,1
Assam,Post-Monsoon,6.727460791815092,1.6638949037091757,41.13000092275708,432.328481673442,137.07231696803902,17.49156520507295,0
Meghalaya,Winter,8.424835085612937,1.5942746020810137,4.639769241769853,518.7798439461362,14.605474268781824,17.686500089630457,0
Tripura,Post-Monsoon,8.175217295825206,1.2221879989240811,37.12391459813286,420.4560521758883,59.914134356290774,20.78317020998934,0
Nagaland,Post-Monsoon,7.40114246245723,2.759623015418289,9.72854965637644,544.9978150564863,149.63838339351858,24.513155411856076,0
Meghalaya,Monsoon,7.798470759222223,8.573316883327953,19.62351572877843,2630.2921011912804,753.352389366497,21.16268730093568,1
Nagaland,Post-Monsoon,7.521354983311504,3.697176481016345,46.298912781800794,375.2109796995124,135.70383502120046,34.52530366439005,0
Nagaland,Post-Monsoon,7.994038561618585,3.8662073728038826,9.156420163220474,68.90806888004425,124.5167109355186,30.178035085770578,0
Assam,Pre-Monsoon,8.408587314797613,2.054405477966463,31.915643952934957,378.0647337551667,98.75493749819341,29.629232315219596,0
Manipur,Monsoon,7.8832672454417265,5.443334360273184,0.8499042763590647,1989.6639910277092,603.9061206394288,16.730811591332944,1
Mizoram,Monsoon,6.102814712293887,5.838993948167817,8.813284839923908,1505.0477312368598,529.944860058271,15.889655053028912,1
Meghalaya,Pre-Monsoon,7.4751045779492475,3.352843701328305,0.9653522954386651,246.05744864304754,40.69123958702005,29.280740735038805,0
Mizoram,Pre-Monsoon,6.67267731332252,3.9246128685633543,24.74038987546667,506.0440600224505,119.85683846749271,15.42626360544574,0
Nagaland,Winter,7.071930043013989,0.9416282139760264,35.36880895011825,539.1894901109093,48.263275438545065,33.92339743743723,0
Nagaland,Post-Monsoon,6.566070744931278,3.450677572944869,7.3591197793735965,282.97767990070656,41.41162957488398,34.90915432666621,0
Meghalaya,Post-Monsoon,8.067922778147508,0.6494388712437074,45.71068281340181,302.31102596958846,146.11714083375318,28.35548096870228,0
Nagaland,Monsoon,8.481998295683134,6.554634040092485,23.899515624305483,3551.661636945105,773.2056016468468,33.03215246331538,1
Sikkim,Monsoon,6.977418878385592,10.959419401570125,12.783626132972826,1480.1608965967262,352.7581104321449,31.14357670767663,1
Assam,Post-Monsoon,8.258614026326935,1.1218517040208371,1.1242210461776314,490.41695257281486,127.78477312034492,20.714725630536407,0
Nagaland,Monsoon,7.485259300658777,8.094874009779218,47.38360923051609,4739.920610856927,722.8378321754167,15.576810603402716,1
Manipur,Pre-Monsoon,7.70011963296764,2.5435884201662553,28.47062701778902,657.4665611709438,57.09702748742218,19.27722729655893,0
Manipur,Post-Monsoon,6.3056119004302085,1.428325520578942,26.84463081562707,40.591068081293386,79.28603962143876,16.801691095624218,0
Manipur,Pre-Monsoon,6.762172190324392,2.5324955860111737,36.0705468457745,458.3600534436467,142.18746214462303,21.260217985710234,0
Mizoram,Pre-Monsoon,7.346131135879243,3.7525647966977944,48.1419598045283,516.272507563269,146.82712636743312,16.43827424837003,0
Mizoram,Post-Monsoon,8.173088261435828,0.8185376770324071,39.16542338359399,580.7729052384665,32.68289597280673,23.10148013226766,0
Manipur,Pre-Monsoon,8.119071764894079,1.6423972463135348,15.35231758417554,28.669080068556543,91.21666856373001,23.234416149187492,0
Manipur,Monsoon,8.302025587719358,9.985734030247674,21.719564092525417,2425.283562336267,520.8460213620972,30.742651274469253,1
Manipur,Post-Monsoon,8.132349623847109,3.1159728602700585,6.475315211549637,750.0354360404463,140.52657116929004,30.345342024831893,0
Meghalaya,Pre-Monsoon,6.857950198417616,1.5597621879508556,46.617837548573384,521.2628159853167,25.819225853099947,33.2377676131217,0
Meghalaya,Monsoon,6.8213291382275125,12.620886677066173,30.146108080113244,2117.9671272190417,676.0202719143854,16.519578548518393,1
Tripura,Monsoon,7.394215634593849,10.262582448202522,10.534876425020133,1278.0553305535354,487.5834449094632,24.374403123518334,1
Meghalaya,Pre-Monsoon,6.761487156824413,3.335102779112554,7.398380431513518,585.0169176072131,120.7252536282378,26.279929656109204,0
Meghalaya,Pre-Monsoon,6.745800292784903,1.0630298730087973,27.019600109891773,587.8301105760199,125.97905214480484,17.129647052275313,0
Sikkim,Post-Monsoon,8.441416609917017,3.7218585033903535,10.315278282500318,617.2225481440337,32.133631926505814,15.409463366010701,0
Mizoram,Winter,6.871775363911289,0.7476875473214503,45.75297164177331,92.24098454355774,11.664274973402595,28.265625061184185,0
Tripura,Pre-Monsoon,7.0430955276534295,2.410884489694603,14.83572353590074,415.02483881899906,52.571774104406444,29.60486534466663,0
Tripura,Post-Monsoon,7.586380070721157,2.9998383344460415,11.8020881490065,469.1821109832576,104.63557162035224,30.951140304572288,0
Nagaland,Monsoon,6.187778226711371,10.052943548568697,16.043274520090733,4268.622571824479,442.70116736362337,30.527933340632686,1
Arunachal Pradesh,Winter,7.27303371554079,3.5721326926890695,42.70258241949046,242.27518351706928,98.41134961105618,18.953356092389562,0
Sikkim,Pre-Monsoon,6.749475367372787,1.151802573831878,13.348167557829594,270.22156460882053,19.953670932679536,31.64163357474775,0
Sikkim,Winter,6.6353755693631316,0.6399657895582698,7.878026208646621,628.2679368709745,122.09858106565676,27.29369904172308,0
Nagaland,Monsoon,6.19008752043357,9.273424770431284,4.316734736074773,1519.136280062332,453.7211670842046,17.73621641791696,1
Mizoram,Monsoon,7.3524093100249175,5.046103690691302,43.04144322528287,1442.116027674349,684.5787144356364,27.941195989781455,1
Sikkim,Monsoon,6.280310432601196,5.096643697929152,1.7139374925902395,4902.27740410404,422.98704964455123,27.255604801089603,1
Meghalaya,Post-Monsoon,6.261194775089045,1.6175160968218338,43.31715310616051,710.1945915117576,57.12400288444468,24.13912062478248,0
Nagaland,Winter,7.937312699539946,2.816179914556824,43.10871153178405,154.10073989502763,118.72886026411548,27.038115898705122,0
Assam,Monsoon,6.184313629482896,5.154336173464163,39.97287174662969,3093.3261452170063,316.9681128022908,28.699015190390448,1
Assam,Monsoon,6.439317226741162,12.531428822071662,32.185123350522346,3259.126132757843,790.934239855986,24.65977259408467,1
Nagaland,Pre-Monsoon,6.547910618597221,2.6708389626502727,20.228361576822078,70.61617056891836,127.62105832309292,29.863479701355917,0
Manipur,Pre-Monsoon,8.104695115483871,0.8127432771352415,25.42951981407488,547.8480626132712,52.350223140356164,32.126144075602014,0
Manipur,Post-Monsoon,7.653910967670496,1.1759764207267425,8.226627830959343,228.7029748976526,121.88639413421919,15.33280895987211,0
Meghalaya,Post-Monsoon,7.550869143679602,2.5240336750931167,10.564104471849022,759.1691337252212,13.971892713343019,31.612017104713413,0
Arunachal Pradesh,Post-Monsoon,6.36309970419376,1.9794713614492647,36.67686703010917,462.15211867972397,74.46756703067967,23.743323738875386,0
Mizoram,Winter,7.0376664650206875,2.759099739227573,1.531896228652141,425.53881782271895,101.3344070297801,34.83644337648729,0
Assam,Monsoon,7.631462638479305,10.267772891041341,46.367747624938104,3473.2838823166157,509.7780669933343,26.04144801779522,1
Manipur,Post-Monsoon,8.043332903662742,2.6295049510180823,18.473341105491365,668.6778171211015,91.21802505082789,29.268227648833093,0
Assam,Pre-Monsoon,7.152680740727452,1.4855122008138273,30.163727823398045,255.97132626698382,54.686166200455254,34.0804101518459,0
Nagaland,Winter,7.845245724875474,2.9885590974071348,15.066390852756017,667.7361757549749,57.02704334970249,20.252784770861425,0
Assam,Post-Monsoon,8.044744183132837,3.976898616834072,13.952806779287158,310.87730054366904,148.4459681551233,20.934921805415183,0
Arunachal Pradesh,Post-Monsoon,8.087017408024058,1.293784820412589,37.98679713676076,602.1638379723146,79.11622568422167,16.06536530348667,0
Meghalaya,Pre-Monsoon,7.381505595426007,2.6411788064344837,34.98661702247134,715.9702754807171,147.88263777732126,16.998859505704807,0
Arunachal Pradesh,Post-Monsoon,7.399872071159766,3.6683077799902337,39.48665590139046,254.49220439845752,36.0796892659183,17.58003683942807,0
Tripura,Pre-Monsoon,6.613826309549818,2.291711141086072,24.695676381992808,569.5630805169277,32.62078235188167,15.346217269086148,0
Sikkim,Pre-Monsoon,8.107852439109237,0.831744383551811,33.76675185685675,362.0761416025567,141.09114607446799,30.724719334486775,0
Assam,Pre-Monsoon,7.540698624469359,0.7860525300711086,0.004141025401899201,137.34840130830653,90.89482013361473,23.75399895910589,0
Arunachal Pradesh,Pre-Monsoon,7.8336767381074175,2.299257654755874,5.829137333590461,484.86343202381335,91.76270870304859,22.9485755223642,0
Sikkim,Winter,6.203112530121478,0.6765599904692128,24.417594625446306,780.0649643991807,64.02965455311892,24.21906028065238,0
Arunachal Pradesh,Pre-Monsoon,7.626966900618783,1.2311717979106125,32.40955941275844,446.3464525523425,33.78195231763941,23.39787350271197,0
Meghalaya,Post-Monsoon,6.105593634378918,3.6736557831788605,38.997171295752196,789.0018923418859,82.6794710280815,18.561656345219077,0
Manipur,Pre-Monsoon,6.410379535460791,2.3064843678176894,21.396837768376237,760.1545914081046,31.089114590008226,27.580320126689536,0
Manipur,Monsoon,7.755566688087952,8.48887197935541,37.3339275478141,4880.369156057441,679.3575651908133,30.647009778227332,1
Assam,Post-Monsoon,6.607654397672853,1.7219003111783022,46.74268616454803,143.87034635969542,25.017858470056968,22.774717082225,0
Tripura,Winter,7.694673829386421,3.7561019816468657,11.226014084482994,375.7276432308285,112.86007937093126,25.512541318324978,0
Arunachal Pradesh,Monsoon,6.622761935259469,5.044219754340644,14.831220161941,3885.776606226204,340.96279259575186,26.81396200411008,1
Arunachal Pradesh,Winter,6.945097554789212,2.592912120196427,17.810976169491425,501.2962988963851,71.13785034102531,33.9065540258365,0
Sikkim,Monsoon,6.258072072953306,7.954928757305101,26.455714256914202,4719.992363913476,705.0304229643541,18.287937934223557,1
Assam,Pre-Monsoon,8.272329026755699,0.5981833066132827,16.599852394871462,766.2306464161229,14.49196000725987,24.908722107115587,0
Nagaland,Post-Monsoon,8.145437137058902,3.8610746297551732,49.625980915434035,202.50475532225985,145.33811416893985,27.882422602937876,0
Meghalaya,Winter,6.238004024331896,1.590890433422946,23.557044028756053,667.1639790090146,40.05933387462758,32.900290972862436,0
Manipur,Winter,7.173870488051921,1.7708650084545208,39.066818186237015,24.445187320880546,74.46211836326032,27.723039731716337,0
Assam,Winter,6.754664688357889,0.6909399615742982,22.433961276831276,15.804389506869832,89.80733242005655,30.151168035791002,0
Mizoram,Post-Monsoon,8.234566908372251,3.23908715571847,43.395490671950014,327.45049153901687,138.47129215030668,31.435379396782988,0
Assam,Winter,8.323972047080886,0.6731859508370798,35.05606730559299,60.56371325611881,27.895282236788482,33.118870090977396,0
Arunachal Pradesh,Winter,8.439791199057506,1.0829529862656604,27.726820687606196,683.749357152718,78.41887536289448,33.132052157747324,0
Tripura,Post-Monsoon,7.70152043892835,1.5371711070180982,49.382322649507344,708.016485018901,127.62922942126124,30.6955278664787,0
Assam,Pre-Monsoon,8.123148528185933,1.1249632002897083,45.530931236474764,16.73933546977634,19.145221970070168,27.142152960102553,0
Nagaland,Monsoon,6.672171277357973,5.2539709520293885,44.32571557927712,3076.0026888636853,617.0889005482514,29.28821854838611,1
Tripura,Pre-Monsoon,7.780437570853357,0.5460655459820092,3.107775434716781,634.8664111744605,34.88230645249571,25.312684519418873,0
Sikkim,Post-Monsoon,7.008961805054545,1.7918466686712513,16.02234155319662,293.713507307025,83.14504934545708,22.3965143718895,0
Assam,Winter,6.382494884429004,3.2732927774259553,45.12891308102431,618.5681980750353,146.6373465719505,24.388807481876974,0
Sikkim,Post-Monsoon,7.786183263996947,1.7732138628022511,37.81287803679862,31.150086079280065,145.22538922754646,33.273739611695746,0
Meghalaya,Pre-Monsoon,6.607036384222498,0.8394131270465652,40.87715489495737,200.80924494944315,64.92116813186772,17.11590552958983,0
Meghalaya,Pre-Monsoon,6.80555954434291,2.7811143421016835,17.84274080494258,206.074383899172,79.05286288496103,15.530023545559539,0
Sikkim,Pre-Monsoon,7.902132689108477,0.8676298283990662,40.967800127112696,205.414989134577,98.22240492790236,25.002398762901585,0
Mizoram,Monsoon,7.801268920364361,10.400970043265135,23.947905074101612,3190.2677404015835,619.8825004192761,21.600919354947752,1
Mizoram,Post-Monsoon,7.790645147543252,2.5440172579188935,45.559922095901406,271.6965824674845,47.384499076305325,31.49217489494258,0
Sikkim,Winter,6.293358688356974,0.9168045522113089,17.3753459564802,545.1226236253673,28.1922402932143,34.41898250513711,0
Arunachal Pradesh,Pre-Monsoon,6.019377184866513,2.9561411362893417,45.83571111853934,565.7728080178996,119.10178297492746,22.468577213990727,0
Sikkim,Winter,7.408437299701671,2.8724480700002166,1.3305041214425217,297.56115351295944,149.73852184027368,20.10878339040483,0
Nagaland,Pre-Monsoon,6.886361044515768,3.865433989885877,19.012544679312438,26.625735850113173,140.10788348461173,27.75853125517404,0
Arunachal Pradesh,Post-Monsoon,8.035064353585039,0.8428624776223107,32.72697831044296,296.60259003671723,29.147028873745487,17.973813608995584,0
Nagaland,Monsoon,7.201685535400364,8.29381725194278,49.46837504936987,952.2821131958142,665.8095736560601,18.372961450376273,1
Assam,Post-Monsoon,6.5428484126907325,1.42686729983069,8.669998961960152,503.71987007337236,118.99730799231918,31.633435073648247,0
Sikkim,Post-Monsoon,6.340718881751706,2.253543403026698,0.7652871984506149,392.011388474085,58.37152292330275,15.414479387304663,0
Assam,Pre-Monsoon,7.76909633738279,3.4011552145255908,4.369478773847396,554.5615095053869,105.8066005635027,32.595175010622384,0
Nagaland,Pre-Monsoon,8.32088596105765,2.133916636932895,13.66044920494957,154.86189313709474,132.72014938922172,31.882968702573546,0
Nagaland,Pre-Monsoon,7.7483963588835625,0.5138676776006954,49.340967163515906,749.692544018072,147.70790973135388,33.24811953965306,0
Meghalaya,Pre-Monsoon,6.125706839731528,3.7823565890704702,36.99549290477023,499.098032450784,28.22419719187046,29.265271928258986,0
Tripura,Monsoon,6.415104214435126,7.389141144282946,43.65595711749594,2606.428955810774,389.49140778819424,28.079381368466468,1
Sikkim,Monsoon,6.272535855030956,11.093796931103245,36.740593990786465,4022.891767452745,733.9527086693183,32.73848171489912,1
Nagaland,Monsoon,6.579417274066599,10.41384989488909,42.52188972883022,1301.921352342371,603.7888291516895,25.338980205112602,1
Assam,Pre-Monsoon,7.2116385407868355,0.6904242939838885,13.30227088665341,413.6090556515883,55.28849657031415,31.79797465744781,0
Manipur,Winter,7.170760206702253,3.0686410245712783,40.356979479784954,251.92560278715416,53.39101059601295,33.77843384003759,0
Arunachal Pradesh,Winter,7.078851161230029,2.291486459728472,23.194950732603374,589.7766931332325,147.95643288049007,27.979696626495084,0
Arunachal Pradesh,Post-Monsoon,7.944332814972958,1.3423388879005298,18.581887432378203,501.8375477585481,33.578772030785174,16.22784900636144,0
Arunachal Pradesh,Pre-Monsoon,8.269890402861034,0.8041562208418731,45.822250274698234,142.1723064485862,122.83554907255623,33.71923700213806,0
Nagaland,Monsoon,6.587330050493147,6.848336923794759,41.87183329445833,2031.100008550901,346.53385351635234,30.671730852152812,1
Tripura,Post-Monsoon,6.614008263046436,3.555901876217111,45.71034461228859,440.6959649229007,124.95070155112928,19.49941472848101,0
Sikkim,Winter,7.452408737194458,0.7845923680191704,28.053014184748985,188.69752377599127,51.57852333761092,16.152887491423286,0
Arunachal Pradesh,Pre-Monsoon,7.182002561492723,2.745060521279658,36.07389103455262,759.7364341342912,56.67313658767969,18.90977707283505,0
Mizoram,Monsoon,8.286532621673814,7.074562360408599,4.6080417852752245,4145.191215199769,668.9514320066177,30.7981579162792,1
Mizoram,Post-Monsoon,6.826235940394867,2.548428340695689,23.502915798891493,734.2918472084226,26.039932417242003,21.112020726375164,0
Mizoram,Winter,6.868503767035843,3.1468038200829134,48.5355505905016,261.4472393642387,104.80791430677942,16.2320651796739,0
Sikkim,Pre-Monsoon,6.885497188878994,2.9680008262350954,48.42902634469079,690.0141116957726,48.4475668370461,20.30597900759157,0
Manipur,Monsoon,6.883484993020957,7.566750869881985,28.77367268014039,1017.2824841160684,346.8836926926442,25.537840706008918,0
Arunachal Pradesh,Pre-Monsoon,6.18551729676709,2.6885839818771293,30.38228145205511,44.51083341838777,107.79368098731553,30.639491600344265,0
Arunachal Pradesh,Winter,7.869882717144707,1.4934506111790085,17.286219077839537,187.37959138280576,91.41096817223539,31.985529202086795,0
Tripura,Post-Monsoon,7.964485676252079,1.723022796179342,4.872861273321999,225.90440156510627,145.4201160443153,33.05394557667387,0
Sikkim,Winter,7.594946579633891,3.7843422076143103,19.132199925958826,671.2914538647757,26.445887243584995,19.451397149476158,0
Assam,Pre-Monsoon,6.1173743133245315,1.2044165116565682,11.821452796454446,766.5941375255965,84.88807147277687,18.453658179907443,0
Meghalaya,Monsoon,8.447951567245632,7.685151462036454,33.54482849724407,2586.2927893651904,726.5396715098793,28.49105370817889,1
Tripura,Post-Monsoon,6.153329849305896,3.015756163266506,35.6477265319492,388.36532608367486,92.27009365499416,31.416927823385258,0
Assam,Monsoon,6.435962943014648,13.409003818475975,35.40238543608538,3615.175593231211,676.1330772937404,24.40523571195767,1
Tripura,Winter,6.586990296873157,2.6826644859224626,43.422096411015474,330.8607136124814,120.73593454563402,15.066718109055495,0
Arunachal Pradesh,Pre-Monsoon,8.01614951339746,2.2803160719530853,12.970103388054739,177.239694002218,123.86182639874093,21.36345444397444,0
Mizoram,Post-Monsoon,7.845155881081673,1.6183922007177718,10.984019505118459,568.2769941630667,148.57409125277846,33.695059167606765,0
Manipur,Pre-Monsoon,6.067440295192883,0.982377619763942,46.52300664954044,582.5450289660276,128.55674399824917,22.26546764221189,0
Sikkim,Pre-Monsoon,7.188590379460749,1.2545414126081673,15.072136455024648,781.7923297158504,112.47889340360884,34.9570965380783,0
Manipur,Post-Monsoon,8.190103479039985,1.307471557314093,4.959289881259216,39.78826725423474,128.7019574066137,24.746099134392978,0
Assam,Pre-Monsoon,8.475043531913514,2.8376916283424207,33.46094114176565,355.7721704178982,54.516089494783834,15.198087327636927,0
Mizoram,Winter,7.822329284487927,1.195441657896562,35.59407664874155,657.1870473029135,56.52254573476779,31.26708439304449,0
Tripura,Monsoon,8.38939287060613,5.679162323351894,25.787265743534434,3908.3318832713185,772.8830539846645,16.07192179328752,1
Assam,Winter,7.849713633554177,0.8164148211273377,27.41479726021993,159.67059903213894,15.102149047002964,30.79553880767268,0
Assam,Winter,7.6611671083803845,0.5254630909779066,19.408553873764138,273.7746734640952,135.82939992647658,23.515141037656193,0
Sikkim,Monsoon,6.56457218655974,8.588751750358966,49.70039492006336,3405.400395390673,760.1031201970604,27.533987090118003,1
Meghalaya,Pre-Monsoon,6.242508318403639,3.1915069117207384,23.733462663443273,337.76653994503323,35.65422863773385,15.576849147097793,0
Arunachal Pradesh,Pre-Monsoon,7.829440207866852,2.691195790052447,21.071939865472277,150.51337665644348,95.15218778517502,33.77837559529936,0
Manipur,Monsoon,8.050387977491253,10.364160756725763,46.96461897007604,2473.4138010914094,365.06800481473476,17.44980631005767,1
Assam,Post-Monsoon,7.681944730069306,1.4937145435522536,35.017063270305435,91.66027845063005,103.85901080941684,32.23777925755371,0
Arunachal Pradesh,Post-Monsoon,7.228182300961942,2.869023182325763,2.5453473419731365,21.75663844352215,26.563947527859856,29.397256166089683,0
Sikkim,Post-Monsoon,7.316668515014518,2.1096177063214308,12.523332754174083,678.0116291859376,109.71242006552896,22.93682412026137,0
Nagaland,Post-Monsoon,7.5967456097153185,1.809506858546313,39.396149066121325,224.60644224584112,106.24461278603171,18.680650370226473,0
Tripura,Winter,7.183287970902964,3.509187551496087,15.700457195476785,407.63087840247306,145.2462304068399,27.708511648278108,0
Sikkim,Post-Monsoon,7.618164957833562,0.7916845297062944,32.484751729261504,665.7622957700333,64.62552369750557,19.490713979688543,0
Sikkim,Monsoon,7.255580333863408,9.488529946814932,3.0502121203828225,2048.620079570068,532.4048880634966,28.07393603506804,1
Assam,Pre-Monsoon,7.569984553577685,2.149875726941236,38.187221353427056,475.9177911830312,123.25559221750588,29.562318796555797,0
Assam,Pre-Monsoon,7.646257613975569,1.9660943346415334,29.94092919925102,767.7932686463035,92.92611780581674,34.437141699606045,0
Arunachal Pradesh,Monsoon,8.489972576995589,7.554226786277002,2.750149448507405,741.881658229092,446.79123541780507,15.417229804305148,1
Manipur,Winter,7.787214714927443,1.0383659081468912,43.63106565814196,420.7048349141556,94.09848698192285,21.720233353861673,0
Arunachal Pradesh,Pre-Monsoon,7.409172075502235,2.5564061909999634,27.913303968864984,32.7635324256465,119.88287608791082,21.291846051996888,0
Manipur,Winter,8.15610234460934,2.881966332170626,44.93423516653266,619.0731712829004,146.45165982864032,22.78443688160798,0
Arunachal Pradesh,Winter,6.468710482974358,0.5548172074706464,22.553211259887618,211.32089537989245,80.55641795930983,20.611747823629347,0
Manipur,Winter,6.119112758144032,1.5974765041111516,37.99475932134252,359.08430459139396,27.41680547376553,15.96835433809844,0
Tripura,Pre-Monsoon,6.242098854397319,1.784611350202345,30.54681691643059,626.8190662531513,94.6968914324016,33.05235914894182,0
Tripura,Winter,6.632659140113945,3.3029749755135924,35.047125723188024,36.12881373900281,97.74933350697131,18.867827919044856,0
Sikkim,Post-Monsoon,7.801084171752318,1.7732275094287506,11.078376031428538,544.1932727474648,122.53831635780409,15.918149972608218,0
Mizoram,Monsoon,6.316429661023655,9.285155568672762,15.334120609395608,3261.015254787547,638.5261405497599,32.32417001212508,1
Tripura,Pre-Monsoon,7.62361945506097,0.9594407508077694,43.401928604059705,261.10736864928185,51.02807803724699,26.10119624655257,0
Tripura,Winter,8.203381719361808,2.2458790334349956,3.9844012291554485,20.14478645179997,31.763735424989584,17.84359577445233,0
Assam,Winter,7.347718545081588,1.6144156477789946,1.8496587245654117,694.5454016804482,136.8746419555008,31.41105175611084,0
Arunachal Pradesh,Monsoon,6.45474430320266,8.246412978336199,15.35095256497258,4464.15497459644,325.1969105627949,16.979219382570502,1
Mizoram,Post-Monsoon,8.050779465233877,0.9072752134579614,23.319508994779465,646.5079433015233,76.64678995002886,25.840121662123412,0
Manipur,Pre-Monsoon,7.542928147322439,2.0095322537593345,22.498089819739274,119.24322311809293,89.63357392966455,24.13346195181739,0
Assam,Winter,7.065111034612225,3.4344671283785027,14.226331275182263,319.5576869630977,84.51678310073322,32.19573433658972,0
Tripura,Monsoon,7.892151845124148,8.636562981381154,1.367350151938751,2984.0510333132365,618.2384232086824,26.57232604530781,1
Mizoram,Winter,6.839304246870534,3.7442536340358186,26.772552109846586,706.7885488307005,41.02885906504929,21.727236430350846,0
Mizoram,Winter,7.952721249824308,3.9260912808082544,7.638517239152442,92.48692300200729,103.25103971576364,24.1206853407632,0
Sikkim,Monsoon,6.989064476792295,7.342962668318556,22.966672198702742,3441.580736616994,677.4002967312324,20.63295945633884,1
Sikkim,Post-Monsoon,6.993166775130186,0.8475101264605434,45.288107123180325,513.6075594793907,22.69910005972951,32.00646361706874,0
Arunachal Pradesh,Post-Monsoon,6.561253257996905,0.8411352366232767,24.07789813094786,661.3254021199014,15.011986884986094,19.217078620162418,0
Arunachal Pradesh,Monsoon,6.042037882342266,6.48830626210648,40.64720850665232,2426.897286293087,755.9857884202586,32.00689862617931,1
Manipur,Pre-Monsoon,7.708650631333349,1.9786346050481136,44.060925158483286,682.0443625308745,117.10091754237686,23.274319622412296,0
Assam,Pre-Monsoon,8.368777939179976,0.6309548404162963,7.166143377604567,307.98971887034475,88.77088731332917,23.831732480390407,0
Meghalaya,Post-Monsoon,6.580950070267986,3.8163531590469337,0.2440984856681927,489.4654130844516,47.65360555553527,33.89677261889843,0
Sikkim,Post-Monsoon,6.149153965149742,1.5711584761314128,22.914074288840386,313.24046852640345,102.43725603963622,26.378053014116503,0
Sikkim,Monsoon,6.542830756306394,14.737139465136908,17.52679332939488,3422.2419081281905,433.41102188771777,22.67519301541337,1
Manipur,Winter,7.141347906985704,2.1530212127903177,38.76674548584448,97.89492648783741,139.57779500227497,25.071294420281237,0
Sikkim,Winter,6.148732983912184,2.487530538275878,29.134096440247465,109.97859332102809,73.79364114898641,16.849554128536926,0
Arunachal Pradesh,Post-Monsoon,6.999979858764983,1.330391573732331,2.2167363485276868,283.90892651376083,70.80300558962966,30.072981274774786,0
Sikkim,Post-Monsoon,8.33053756022597,3.141816099393179,36.592791522460715,134.57591082393583,70.53539840490737,24.903934655240953,0
Assam,Pre-Monsoon,6.234224412334292,3.125716171077509,19.899945111372492,255.5900696480723,46.02074664430759,24.4150385220748,0
Assam,Pre-Monsoon,7.3454176559654005,2.0628263696244504,33.38190131501049,599.01408247294,137.73528528694825,33.24318569871345,0
Arunachal Pradesh,Winter,7.284650086861143,3.459412918284094,38.37284982680652,540.8030061246341,98.17667777485953,26.929216814756636,0
Nagaland,Winter,8.059381580011532,2.4915599005273315,0.7856911252796972,639.5702770272228,11.699071173086606,21.394276363642227,0
Tripura,Post-Monsoon,8.033469784240479,1.0600116392584806,36.140758377796566,588.8754714919651,69.4845986761771,18.548957540661593,0
Manipur,Monsoon,7.097639253153644,11.085343812948256,45.10750928316965,3756.982311213832,515.1313659057864,27.519180700351207,1
Tripura,Winter,8.49426458687653,0.9409731488826478,3.9471142205096177,533.2505457614044,51.787956402958336,33.03047217586278,0
Nagaland,Monsoon,7.695078670864074,13.815165985330776,1.6351012253071007,1678.31855928041,707.3492901589693,15.05328776702701,1
Nagaland,Pre-Monsoon,8.130508522955363,1.2487791718213668,9.468645690704925,240.71659180823002,95.15672507357473,30.61319956134497,0
Meghalaya,Pre-Monsoon,7.1475820632840374,3.4515921283449544,15.360809234841389,487.850523564745,95.9499509939035,21.881743134184976,0
Tripura,Winter,7.908220490281511,1.7705948735594879,1.056491328666631,312.50120207675104,29.632714738270604,23.769777202702386,0
Manipur,Monsoon,7.019747593438181,8.850021347209744,3.6311380327686993,3788.291514578372,345.9795371787777,33.92131339127086,1
Nagaland,Post-Monsoon,6.4368808785721505,3.2615444050381064,18.023315755945468,714.4856006281896,67.77405415160771,18.945508307598537,0
Sikkim,Post-Monsoon,6.573600669445165,3.0143781946760155,23.451526084256702,361.6395598802012,87.63980782316679,23.51548885631511,0
Tripura,Winter,7.552846468086306,3.770884331058632,43.826650538931,346.7682443844968,107.2953230669941,21.741175836907512,0
Tripura,Winter,8.361302954064364,2.9657611119671037,17.880120108112468,510.3979073399208,79.22309932109734,19.547399172788353,0
Manipur,Post-Monsoon,8.302112340004555,0.7520339208637401,17.79452803046786,715.5851850850614,18.09247105962984,15.377730030875815,0
Nagaland,Monsoon,7.765541714472919,9.333215982759064,10.823654477521966,2332.952479269887,665.075678647389,26.85922712233532,1
Meghalaya,Post-Monsoon,8.301128997727991,3.5572518768592127,16.911392567966665,363.42997899343516,37.642661665614526,34.156775354044356,0
Tripura,Pre-Monsoon,6.359635667882275,0.7039669101044601,9.623586949560192,79.8203629825767,53.737772070684635,31.20584330886582,0
Meghalaya,Pre-Monsoon,7.266892548325221,2.1354044972373254,10.225775944510534,656.5570171952788,42.25018264749863,26.814829563039076,0
Meghalaya,Monsoon,7.932255927125097,9.751977770870203,39.57101281349581,2034.00835957214,302.6917325820055,23.502004185491174,1
Manipur,Post-Monsoon,7.832005171388236,0.6542827724999174,6.472720680656025,544.4326002548275,77.12106902119196,25.268403396449703,0
Arunachal Pradesh,Post-Monsoon,7.321845074313924,2.6830675992195263,30.19284380750044,249.8645290931433,115.90426364200479,30.26512461563762,0
Arunachal Pradesh,Monsoon,6.759696005776387,6.040990540154148,42.37880555053719,3059.693871884369,649.6167439466199,27.664613080299233,1
Tripura,Winter,8.04887099075727,1.5590764373541801,17.853615237048075,655.2540873633156,78.23407207979896,23.93189818527869,0
Sikkim,Winter,8.142269220922824,1.5441346688032846,15.097497229524382,91.97719717917498,22.76239473054948,27.656481659626287,0
Nagaland,Monsoon,8.356132172852844,10.696734431405062,13.049273642668464,878.4750027510638,332.4394499928586,29.168399479583055,1
Arunachal Pradesh,Winter,8.19280210011432,1.9413149639863687,19.675007305614294,223.74877998903574,22.88305033999802,21.236182801093992,0
Arunachal Pradesh,Winter,7.371245783299989,3.2227117002981176,37.25992040228569,630.1665017483465,68.45215426653974,28.20093483003488,0
Assam,Winter,7.7187280438898584,0.9833608611954185,18.58632133824158,688.1316422643665,41.685821170677144,16.83534707028376,0
Meghalaya,Monsoon,7.985799420482836,7.191897275868624,37.428985440611136,3033.243362077116,675.1773524041585,20.742096974757544,1
Mizoram,Post-Monsoon,6.368955418855935,1.108548597134431,1.1828133958470655,665.7067683261528,110.45639408379769,25.777222616800827,0
Sikkim,Pre-Monsoon,7.7862661165359945,1.4838105651929254,44.06486417443921,63.547865942823954,36.16137393094563,29.204734284576514,0
Sikkim,Post-Monsoon,8.102935215566564,1.865385860889972,34.43970458743171,439.6962946559566,113.80850568767879,27.740578608937806,0
Tripura,Pre-Monsoon,7.909041600702839,3.3813394807044905,42.5891726775947,225.63620534335018,32.03038079587697,24.75626659473097,0
Meghalaya,Pre-Monsoon,8.486119003164138,2.0524783099948527,33.31388133013205,13.218248520942431,18.74850079778535,30.87140380176838,0
Manipur,Winter,7.741523531317892,2.8640621211099035,42.974737863709535,576.8602562359611,24.388030864119894,27.17734605987006,0
Sikkim,Post-Monsoon,7.756892461069242,2.695171805823159,21.694936473147465,437.60973008942227,111.66993949317693,34.06710790819932,0
Arunachal Pradesh,Winter,8.437574316942715,2.187917046307002,3.7138970303460472,304.1876818823945,22.23643179845618,30.950809276655132,0
Meghalaya,Winter,7.481579100542396,2.860879742042067,44.567374928359875,296.2221095713474,38.249678594723306,16.196771367231907,0
Assam,Winter,8.24913355056124,2.4369792191072817,36.75942914746856,125.7372551819288,149.86922072043524,26.719289980137326,0
Tripura,Pre-Monsoon,8.450597112772403,1.3887353543149268,24.48788027892963,731.1944702219797,72.92719819018987,27.732693004038623,0
Assam,Winter,7.189183566955748,1.159539376724402,41.41255153870095,499.821881120374,55.46873863993057,21.92945916021873,0
Sikkim,Post-Monsoon,6.142884793269347,1.139580289561356,17.511480141867196,694.3576590048211,130.71488258138822,26.931357743029718,0
Arunachal Pradesh,Post-Monsoon,8.184942309280933,3.398400418205725,31.01316138053809,182.47978249454613,31.97423690240464,30.46973543948286,0
Manipur,Winter,8.318683342108754,1.1949515999594067,15.672985703491381,385.3439120603232,146.06201882769062,33.30730497703642,0
Sikkim,Pre-Monsoon,7.250160581377006,0.5061327916801264,47.100790404002595,120.62065475609246,14.924394549704953,27.96464322163768,0
Meghalaya,Pre-Monsoon,7.370414562359015,1.930682839784274,11.361833801593585,252.2104821617686,34.12990753252055,34.85698037421392,0
Mizoram,Pre-Monsoon,7.695921941262134,3.449664982670625,23.47239074999723,155.1167923075914,142.36290062506967,16.874653157780934,0
Assam,Post-Monsoon,7.521312602697658,2.24896041934187,15.183207394127685,321.9923448574706,125.51010775144789,18.720264820642964,0
Mizoram,Post-Monsoon,7.071704984702793,2.7452260600974907,42.17210879534626,346.54658277971413,121.550366816925,20.594202638916048,0
Assam,Winter,7.748186662613554,2.6598109360268394,9.22764942141317,652.409071699389,14.788312996321595,29.478230721859138,0
Mizoram,Winter,6.54670425239367,1.440405737000185,17.946675589403892,143.22584856948998,86.50405535519802,21.240558996213547,0
Arunachal Pradesh,Winter,6.901556757835017,2.488318788109569,24.80344915260545,653.4442833893471,43.307418764699115,24.472573897306063,0
Mizoram,Post-Monsoon,6.317330341060863,1.351056916991421,17.144851676610458,389.74536593939655,127.35930918456997,27.597903345001594,0
Manipur,Pre-Monsoon,7.863222877119874,1.663377607461256,49.55035433368484,249.77371527330885,107.16640299971166,28.16820938119463,0
Assam,Winter,6.937688961669519,2.6589237311433545,19.867122394629337,352.933785190641,70.18251220420575,17.10037078144671,0
Arunachal Pradesh,Winter,6.7829121004106625,2.668308727232844,15.944204875266582,477.2013725866193,103.32091602507222,23.442962043995735,0
Meghalaya,Winter,7.692259419031186,2.624410775299579,37.93324161984114,678.5362121169701,91.48695128548817,31.93215786627031,0
Manipur,Post-Monsoon,6.446219246864327,1.9283639923924896,40.95534713597408,605.7075242211239,139.93173195219094,15.870939521827278,0
Assam,Post-Monsoon,7.588055548481159,2.748627802830596,10.33833082673602,604.1025747130305,69.81273789900418,23.8252349325751,0
Mizoram,Pre-Monsoon,7.0037232197156785,3.2603557934350524,12.227202807153425,470.19678867290645,66.14358272081357,27.054836897580174,0
Assam,Pre-Monsoon,8.099843876034791,1.4739691107555655,13.221102879660185,526.2467664225258,44.40702139797564,29.15218964878916,0
Meghalaya,Winter,7.010126109724249,0.9421063136550034,24.011128086753992,248.64892633264546,105.55641435296337,26.379674045998414,0
Arunachal Pradesh,Winter,7.224562966835074,2.771268400908806,19.703068401113388,167.50191818319527,75.2149703233368,33.59216340767421,0
Meghalaya,Winter,7.17057106494823,0.9337523976270814,7.449602941978107,91.40920189402453,83.74196528917578,30.979262747616716,0
Nagaland,Monsoon,7.372086954498305,5.047709202195403,23.313893717892597,1723.270330823271,453.7775608517759,24.291723509408655,1
Mizoram,Monsoon,7.167789153029601,8.690289284622343,0.30975305345531945,2140.486208777327,495.4369787015851,23.410180649182088,1
Meghalaya,Winter,6.787788837883525,3.3273727252361933,46.40938947285617,752.6799582005298,17.7468255950958,29.520664389084097,0
Assam,Monsoon,8.19398358377303,8.734296279683154,19.6664883761411,4106.067220773413,376.56160412832406,34.315223176153594,1
Mizoram,Winter,7.36471570169718,1.8112731641217434,20.9777732597619,66.49870170118457,123.83946891554314,27.510150898813624,0
Tripura,Monsoon,8.078551609179113,12.218369657023072,34.47877182094115,2478.9870080665137,340.0467059788308,32.98341221228219,1
Mizoram,Monsoon,7.0980458820667,12.054712083286399,11.482159461050756,3874.7094566164637,678.5824759178826,21.76854054680571,1
Manipur,Post-Monsoon,6.687394485436494,3.5161540527098567,4.659069566679408,486.6497788847264,118.93302116701103,30.005127806945104,0
Arunachal Pradesh,Winter,7.1645217738792395,0.8497608420804713,9.776207756350608,735.7949486549323,39.10843260704489,26.11672391469371,0
Assam,Winter,8.309219646189874,2.48921734555803,23.933040369051394,653.240988305961,71.80860094803319,29.150711571766138,0
Sikkim,Post-Monsoon,7.9723744278331425,3.786879037160179,26.462972713416004,643.264284380241,141.13591237201913,30.494353820850126,0
Manipur,Monsoon,7.662447861124293,8.777906700826279,47.43032717825763,793.7313248811815,563.8549720843876,23.263906438683748,1
Nagaland,Pre-Monsoon,6.468290435846929,2.3090259099588337,44.17441251182031,731.2402996847021,123.50090355263644,28.765380864363575,0
Mizoram,Monsoon,7.769304576381802,11.208453151886909,29.367605653768216,3582.255630519395,475.6653826772464,28.27233595692514,1
Arunachal Pradesh,Pre-Monsoon,8.079573722254093,1.0662260680674682,5.602862177543239,421.5253559014647,121.40195885155069,27.441862979250097,0
Manipur,Winter,6.510110517007573,2.597956817443737,8.346657243008687,275.7775934152674,39.85110831395245,20.7084905628899,0
Assam,Post-Monsoon,6.0476811299511315,2.7380308901069492,29.991388392653402,543.7661447869443,104.97323682743713,22.187851085729058,0
Arunachal Pradesh,Pre-Monsoon,6.968840698838624,2.226457100624553,28.118370608946176,722.9962245797442,99.88132116112124,33.01455148849844,0
Tripura,Monsoon,7.357779468496178,5.814225910203108,39.614266170841475,4366.87499210891,422.1167125871217,34.16778651786569,1
Arunachal Pradesh,Monsoon,8.254205521748862,9.29109558985483,32.51662026942474,500.04651148038715,617.0919581120543,20.386616071511817,1
Sikkim,Pre-Monsoon,6.4238156020118025,3.640041270154581,39.26759477344118,402.08519654917524,103.707401151097,24.294246866421673,0
Arunachal Pradesh,Post-Monsoon,7.760443336908064,0.6681551330153308,15.282311054824765,448.0809449800966,88.67320611223771,24.762766583559227,0
Assam,Winter,6.926760841901142,0.9170066280649145,9.275197357061943,366.47082264401797,142.39775898855427,31.83710439834431,0
Sikkim,Pre-Monsoon,8.130399361564493,0.633335854827765,40.836646364979714,313.77268346857227,29.10826537846009,18.709167653850823,0
Tripura,Pre-Monsoon,6.380858938109952,3.998506879624876,12.67045631327412,525.5178348460273,95.39290182966096,18.00744471454245,0
Assam,Winter,8.336009059691074,3.500490498622909,40.704346389792825,131.8962276566329,100.51699365831792,32.35889945648785,0
Arunachal Pradesh,Monsoon,8.319079555110433,14.069653267918238,32.40135740076903,4856.508267153468,445.7593674422062,27.359517568613324,1
Tripura,Post-Monsoon,6.901600881345649,2.295739462361679,41.81969088023613,755.0620498015862,149.3615726339206,29.802184816089117,0
Mizoram,Monsoon,8.388620152634719,7.569285181230912,11.545266469253429,904.8340675582449,682.196503208148,21.88413169173252,1
Arunachal Pradesh,Winter,7.084992704021845,1.833448329487026,1.5703402150031132,456.3989192326251,55.72598005246458,24.141585962493686,0
Arunachal Pradesh,Post-Monsoon,7.002177437479414,3.8485875060019077,46.113360777827964,735.8691428890853,78.54150575144537,33.09448784971191,0
Meghalaya,Winter,8.202631370934922,1.3365033966473878,26.935315336108545,595.756027689835,78.27678830787794,19.0052046504357,0
Arunachal Pradesh,Post-Monsoon,8.080470016694552,0.8497590912978061,27.601021963422294,187.56368479196965,132.5783757275837,29.864440350581813,0
Manipur,Monsoon,6.863403614949063,10.118409401732215,24.23220379655372,4608.565057650568,698.0588904109977,26.726875597538847,1
Sikkim,Winter,8.347050477174896,0.6174903677996944,3.074972287254746,450.1263750579832,107.11191712225184,26.44357049186933,0
Manipur,Winter,6.268761391680832,2.4293740231040784,45.81464520238656,613.0622244353008,98.37671858595787,25.299800207785786,0
Mizoram,Post-Monsoon,6.474908497325886,3.929852348522837,23.348960582931237,464.0050026573992,43.99626504627582,27.629639397022068,0
Manipur,Winter,7.675535249388422,3.736988938214486,43.97204302140052,298.2386929695748,129.20076151921052,20.465684501230832,0
Mizoram,Pre-Monsoon,7.8322671068056025,3.6715846628279913,44.21807101389011,477.5180441782523,65.34862992303397,16.119801361374147,0
Sikkim,Pre-Monsoon,7.478564277982196,1.6106428489012659,40.78049581250902,577.2989620943034,68.32723439991123,22.95723069095782,0
Nagaland,Pre-Monsoon,7.41909490474351,3.301819789478373,40.65324645650794,581.3978581021082,111.68491839485884,26.32048132334326,0
Manipur,Post-Monsoon,7.306715656811002,3.473498697290815,13.933946290203503,607.4805596554891,105.04189594100957,34.75250067609187,0
Nagaland,Post-Monsoon,7.802573030284361,3.709248733128091,33.34897463900777,350.783510291499,23.2727930979147,32.87672441190815,0
Assam,Monsoon,6.998630937507748,12.694662697381233,14.087283054318195,2055.311839884945,612.7562414451711,16.547580029985692,1
Arunachal Pradesh,Winter,6.1246846800150525,0.9764659622827764,41.899085583445654,504.12546881118624,23.458993352468248,30.353465337755466,0
Assam,Winter,8.402033036744752,3.6487529098877616,19.433334251021517,671.9758911532397,133.35572643277334,23.66579277963328,0
Sikkim,Winter,7.428652776753316,1.8360344268352358,1.0927319839346583,251.25246800299996,32.865831009093014,19.028119170432383,0
Mizoram,Monsoon,6.633945196385848,9.18664741886781,18.985056663869315,4637.367389030513,500.771103858066,23.635492457339474,1
Sikkim,Winter,6.729744501185452,3.8517104293794753,37.727887740565286,224.33198688273313,36.653604072413984,16.954510251321228,0
Arunachal Pradesh,Winter,8.402855086689566,3.6109348534976533,4.2730530244980915,145.79719222478155,79.57984314585447,30.939970180835232,0
Meghalaya,Post-Monsoon,8.184524757357648,2.000380515528377,16.154049437182543,289.68734345224544,16.84025657128877,26.455667428527576,0
Meghalaya,Monsoon,6.609454866371275,10.79929997097529,44.687991160875576,3546.1136385651007,718.9892448749756,32.28879096477655,1
Tripura,Post-Monsoon,7.312643403054783,1.0710577948082909,2.8068417025249923,739.8488634337131,36.4102305762746,15.37679630605302,0
Mizoram,Post-Monsoon,8.323963752334645,2.6668866299343863,43.79150917207683,373.95525380229594,114.81937139977892,22.604215193780433,0
Meghalaya,Post-Monsoon,6.967564415239194,3.1044040841447837,46.23898007940805,371.80108423513224,59.04810489306222,26.43774845863567,0
Mizoram,Pre-Monsoon,7.0732517823712255,3.1919862226668485,46.01045941927265,787.2592889343742,144.9699278739425,20.746525857970624,0
Assam,Post-Monsoon,7.102929263324227,1.033128416475886,22.187114836499138,170.40287995401346,138.27145581837007,24.94314836123373,0
Mizoram,Post-Monsoon,8.409654229574251,2.50764184930523,37.938569980569895,306.1196629726731,68.986705195501,29.748081474074183,0
Meghalaya,Winter,6.89304630633263,0.9886611955188509,35.93524478738498,259.59644431317514,73.47923996119174,24.86985151735913,0
Mizoram,Post-Monsoon,8.324085030608437,2.649607261355234,49.205384919224436,724.06362340933,142.7982587396151,19.077184764324976,0
Mizoram,Post-Monsoon,6.034038356746579,2.0535548891074322,20.74980127353145,687.9002478970388,52.69910957554072,28.517995959149633,0
Assam,Monsoon,7.130331203474292,7.537311581094398,8.367137841490202,3178.1449826687135,795.7522559148538,17.658155237451382,1
Tripura,Post-Monsoon,7.320781786835827,2.988585002181474,16.3220926112427,191.68300672433566,120.40860721146184,18.342748045001727,0
Sikkim,Winter,6.582784472074147,2.5933051838014407,16.057376518034822,314.86120857937647,19.583683257339775,24.872296742549324,0
Mizoram,Post-Monsoon,7.760627807363844,1.4868501030130088,45.988645515482865,728.017981500712,146.82481296900656,21.221418372203505,0
Tripura,Monsoon,6.258690934321817,13.054389242724271,20.563888604551767,2282.14732094584,441.88927300222514,19.8540551774098,1
Meghalaya,Pre-Monsoon,6.711585523909562,2.7239926412974675,46.97503703470849,679.9898060502276,135.53490003450838,32.71119313949015,0
Nagaland,Winter,8.113114923572045,1.3040970310207523,18.200944353037997,646.5223459463298,53.095260104031475,15.691381141204875,0
Arunachal Pradesh,Post-Monsoon,7.32352549727243,0.8529849330057478,2.3275479704986166,127.02264195671721,97.16041479821664,24.20053819096495,0
Tripura,Winter,7.3979196798996965,1.3357998813330654,13.534646126703182,539.2784856711149,68.67228805272723,30.577424628548233,0
Meghalaya,Monsoon,7.7334119339499,7.7843711605505685,44.758671910936776,589.8048414978484,501.38305740945094,16.796241172524958,1
Arunachal Pradesh,Winter,6.834382882339724,1.5649507316313174,19.122450111187707,660.0031258759532,54.01718447395272,31.124510147458246,0
Tripura,Winter,7.135918168059047,3.7839617551261533,30.01360682186636,328.48953913077264,81.00828314918712,31.208609247907354,0
Assam,Post-Monsoon,6.080539522138094,1.9236453489298149,37.40840998511224,222.31076146260278,97.53641455276863,27.83635645322626,0
Mizoram,Post-Monsoon,6.744734112852895,2.962622057087692,4.599972851134221,397.2839912568128,61.83496455034334,16.7362333471254,0
Tripura,Post-Monsoon,7.91425054680353,3.0028010622902563,13.318856733707424,419.9890357727668,53.83311380974774,19.82695306675558,0
Assam,Winter,7.073238869662177,1.7345975176017663,5.512314132714957,184.17455359209268,116.01614319399204,23.35027505245352,0
Assam,Pre-Monsoon,6.328277776963899,2.47915571826673,21.770355148238963,129.42524292608158,68.99383630473562,30.123497240174387,0
Tripura,Winter,6.53947863763221,1.6625476574248068,30.058595377196202,283.35966222374327,139.85418034027373,17.656358804834976,0
Arunachal Pradesh,Winter,8.404272563430613,0.8031928198824643,26.99767410047531,749.923090576918,91.95377954063432,15.654905947660552,0
Meghalaya,Post-Monsoon,6.583361789419281,2.0994755163275736,46.85774202356503,674.3938083169154,63.56017437865197,16.32426186625841,0
Arunachal Pradesh,Pre-Monsoon,6.581159724715323,3.073195473270295,37.55758977787091,229.53213074079332,94.56877957366251,29.657425179298897,0
Mizoram,Post-Monsoon,8.22245304638761,3.259212691557986,17.242788242706585,456.83824698873786,131.0528314041644,23.890952982096394,0
Assam,Winter,8.29548010272531,2.432644898715215,29.27627547680583,321.1293878539341,133.14376551641175,27.69262429425718,0
Sikkim,Post-Monsoon,8.249659335635348,2.0923496858107087,39.57462782408581,710.0000525919022,74.92454684452187,20.48923392545464,0
Sikkim,Pre-Monsoon,7.800989008812273,1.2789261375220904,0.5356689259511216,37.56313110185884,77.43893798303021,25.574881612383194,0
Nagaland,Winter,7.168670573067631,0.8470518393512869,48.630303023980154,294.0829858684299,13.558901061074572,27.311484844486863,0
Assam,Monsoon,8.435288062709173,9.123091378913767,29.508493891555815,4618.420732420396,774.7573688205637,34.82745048200472,1
Manipur,Monsoon,8.066335464346107,5.007612944345912,14.987467055934905,1107.309989167598,672.3078779129637,30.20515295370803,1
Assam,Post-Monsoon,7.433782933266915,3.280493966221301,47.06836109512093,596.1812357655339,59.98475408179162,30.413282926342184,0
Nagaland,Winter,6.523037722512733,2.8130560704434693,2.8252563630760283,477.13630906810715,106.11865016252888,20.79626369388616,0
Tripura,Post-Monsoon,8.461400873465811,2.293605731264558,47.67535674131527,473.8187869661246,95.22418159393278,29.17698367847379,0
Mizoram,Winter,7.868971091470518,1.6562381178001733,0.029361768112901032,138.93561326660287,96.1458613140515,27.502590207748867,0
Manipur,Post-Monsoon,8.40403635323785,1.4187919413726138,48.42525100533773,636.5897674806702,91.52067796565346,23.569825740165093,0
Manipur,Post-Monsoon,6.507568839097177,1.8054649826135267,0.5237176739383176,500.6397992335347,149.91596986311293,30.661004634776667,0
Nagaland,Pre-Monsoon,8.081470850254306,2.033581384300547,2.6126165442105833,68.51940369691687,103.62624005461268,26.061710573974388,0
Tripura,Winter,7.176460158855411,3.1704181715566206,2.633745656591441,650.3764408372987,134.32626876397632,20.704156752403637,0
Manipur,Post-Monsoon,6.527918778094676,1.9992983492813563,16.505066507131712,42.9449737774248,126.94064567171128,17.34321655390262,0
Tripura,Pre-Monsoon,7.0605833205440245,3.266171116131455,45.61313898707743,222.2228256961731,14.040413771172528,16.122860447571206,0
Meghalaya,Pre-Monsoon,7.729445740678097,0.6823811670220563,30.906450795678243,659.756270881769,113.30311998820633,24.04331959924105,0
Manipur,Pre-Monsoon,7.780697569321251,1.5387277696493789,32.55731163298142,102.20760852684404,27.53447781752557,32.86138381437108,0
Manipur,Monsoon,8.354689293483112,6.470791873498724,19.33617686129957,3041.9866614597818,569.6326671519056,22.553861923782264,1
Meghalaya,Monsoon,8.311588361543784,13.348864986582523,38.287764837107325,907.5733262417617,345.99520175468166,18.03700032365782,1
Mizoram,Post-Monsoon,7.847424552370447,2.7212660876275856,21.9606825751127,514.9694353606665,22.240259632302028,30.204002705840512,0
Mizoram,Post-Monsoon,6.953474301200837,2.45910149488328,22.25516064934427,287.30482364872955,126.82365782531285,24.984191754319752,0
Arunachal Pradesh,Monsoon,6.125428989529911,5.3220341342031565,28.720537167211386,2929.0560850019556,723.4553584034923,21.741839987542345,1
Meghalaya,Monsoon,7.525448239754737,8.836565025105905,35.127258009602066,1600.799962234253,666.2801171672286,18.682292953016884,1
Manipur,Pre-Monsoon,6.718411153511487,3.1174264325904666,49.938573379232466,707.121569051414,31.84272467309294,15.65598129732379,0
Meghalaya,Winter,7.839682893108686,0.916402722129185,46.62700304412325,605.4515305066601,17.649931812243743,15.272518921672756,0
Sikkim,Post-Monsoon,6.722000223465535,1.5694231902693978,39.08654388783993,503.65076349929797,52.33420302377938,20.56927078285659,0
Manipur,Monsoon,6.583399306963411,13.254292663317147,1.6913531079499056,3178.190825300044,507.3588560111418,24.633139079166195,1
Sikkim,Winter,8.084711818493052,0.8966860013577047,39.3338464795038,684.0184678854371,20.253743047916966,26.18022731661974,0
Assam,Pre-Monsoon,7.948776174153265,1.38881462562244,4.910660878879219,796.7597770735821,47.704673766384545,29.43672403253037,0
Tripura,Winter,8.255218071860115,3.003103803447801,8.62447379349992,624.4414536702146,91.90110831755413,15.37213084673478,0
Arunachal Pradesh,Monsoon,8.086763713210912,7.411388276344413,18.38539832683766,2641.7619278031307,428.17142547176104,26.8387541967688,1
Arunachal Pradesh,Winter,8.047662520766446,0.6945636738565001,15.09975195414568,599.9511918566302,21.97312233653374,21.994713778138873,0
Assam,Pre-Monsoon,6.731833230970288,0.6615283968039706,10.401047421344451,665.6891830874481,57.61815991938373,30.053476618849153,0
Meghalaya,Pre-Monsoon,6.253668510579702,0.5076457544408792,0.7401168472807584,599.2875203893057,49.994415184764115,22.50123738948224,0
Assam,Winter,6.219881215337803,3.7612989383887947,10.507040236581854,215.2603926343809,65.49474445715833,30.87783543239758,0
Meghalaya,Monsoon,7.506251000375936,13.439916077782835,47.817960245133676,3725.037981593331,322.5235917843742,20.29783003381175,1
Arunachal Pradesh,Monsoon,7.334145968406299,7.188145179012623,25.59763848405265,3369.5467198911138,799.5133641624234,18.34929389938008,1
Nagaland,Monsoon,6.694586922221687,8.904572449685343,29.687078829871528,2954.732058986412,765.6245757645595,29.156614645991816,1
Assam,Pre-Monsoon,7.453774821275809,2.568750800125462,1.8042737012655352,181.15449201013791,81.51486581231755,18.691004390720902,0
Nagaland,Winter,7.858454806582669,0.7199317546843731,21.835905687717368,385.14196104730473,33.91895390381426,17.732095595221335,0
Sikkim,Monsoon,7.702646991645372,5.876351982080924,12.119833272730062,3099.2671802150116,412.40544884319934,25.174468264189077,1
Assam,Winter,7.342709491984593,2.2041228677061753,36.898074570262956,477.32504509777857,105.97775374109168,29.544495419840487,0
Tripura,Post-Monsoon,7.292326130768615,1.952570466691541,22.021504187241003,88.29580811374137,68.9323972109977,23.35632887544518,0
Mizoram,Pre-Monsoon,7.496158183045563,1.6603558759337749,25.69302649452646,787.9657249353496,11.412297426635504,15.630589236543672,0
Nagaland,Monsoon,6.90067270060684,8.916582072407508,24.63640618672881,2680.2695448779236,737.0935106718861,26.982001671616484,1
Assam,Pre-Monsoon,8.290886826708242,1.4108220270041858,10.268932092321576,229.72501247384508,90.203289479776,25.793096072288016,0
Arunachal Pradesh,Monsoon,8.18558557040398,11.543345626299718,6.494972388872345,2512.0839807648354,311.9490317490628,16.266468598536587,1
Tripura,Monsoon,6.010536400576384,14.261333851872202,18.574301411573224,2558.1749477133253,538.1943960377749,28.26756319560752,1
Manipur,Pre-Monsoon,8.305879267456076,1.7644016751214022,38.43441456161582,686.7175833339595,87.18636681039474,33.51099167880483,0
Mizoram,Pre-Monsoon,7.518556334312677,0.768605400713344,42.97620165221726,480.4828201246964,12.140004672619503,27.561586879288043,0
Meghalaya,Winter,7.494351841645469,1.4071621824150728,1.0420997437551816,353.95965990954284,33.29257322786602,22.151750220505527,0
Arunachal Pradesh,Pre-Monsoon,7.633862341149346,1.9872048080371312,38.54502226655395,756.6890693158165,53.784624081177924,25.696060785164594,0
Mizoram,Pre-Monsoon,6.394706930040782,0.5096826159950278,32.225883537089324,378.06430310678496,143.10256378454596,28.9880498485334,0
Sikkim,Monsoon,8.454074800148287,6.543074189115808,20.116886845973653,4163.928506541846,311.3257077697956,28.624391395961766,1
Mizoram,Pre-Monsoon,6.633950080190915,1.677684674911395,34.63664229043532,618.7999099130575,101.75424520691631,23.522556616108567,0
Arunachal Pradesh,Post-Monsoon,7.47766966340043,1.8845972546067853,29.581022673231722,226.4588757164801,56.50425632893457,28.907661726027598,0
Meghalaya,Monsoon,7.079489641433019,10.504715881722849,3.8072220750178296,4401.689675746204,605.0941393505504,19.867847562921845,1
Mizoram,Post-Monsoon,6.44037622169253,2.344817587875087,6.944055486135187,185.23505908689648,88.69889431652457,21.56666251290183,0
Manipur,Winter,7.687812671199045,3.4682047836607532,34.13368317999711,108.47129827827261,110.77465387311668,27.701352378530228,0
Mizoram,Pre-Monsoon,7.643377436281044,2.7210516819942088,5.229874528149453,511.703127354518,118.3352082767198,31.3965707441969,0
Nagaland,Monsoon,6.745000314099548,11.182469915879075,20.69519498379746,2367.5535618148456,323.92165322650027,24.52081618518576,1
Tripura,Post-Monsoon,7.8386960277778215,3.722071364422008,21.219850706279193,345.8025012606674,119.51012663224158,24.87278596842721,0
Arunachal Pradesh,Pre-Monsoon,7.759143510288519,1.466719494864868,23.022671088851947,525.1746813887494,56.992703273618325,24.857780381365288,0
Nagaland,Winter,8.145404316579393,3.043390018262821,40.225734757802364,566.8986499369894,73.35284215492588,19.735759171298856,0
Nagaland,Post-Monsoon,6.771500029200234,1.0463764073082134,45.90013424686299,220.41112749278332,78.35822203040195,17.252196732504572,0
Manipur,Winter,7.061224983622052,3.06116020814255,8.898625158114598,258.39976873490264,52.83359792875201,15.563760538851604,0
Tripura,Post-Monsoon,6.756892053692685,2.545710410459184,25.48694655415145,166.43589696030148,19.250365038538334,27.54122314687457,0
Sikkim,Winter,6.554432197966815,1.959983425701198,37.480802816803184,704.1108307770203,55.68095551917728,19.87297827213002,0
Tripura,Pre-Monsoon,7.107080759939464,0.9894455772083488,42.147281787172204,410.8204876235381,12.208369122035874,22.843519129239418,0
Mizoram,Pre-Monsoon,8.395770186665606,3.8716762441880643,16.703924513457487,473.01046792150385,47.02939809050723,20.43767566571023,0
Assam,Monsoon,7.026486222572976,12.061438251233653,42.60159575119704,3071.3104744889793,788.000208911671,21.40244787329196,1
Manipur,Monsoon,6.858865285367457,8.509282599039894,18.681019659530723,3198.5132544288913,647.6428737071979,17.53234913375499,1
Meghalaya,Monsoon,7.77511819611425,6.7991957503690035,24.671138964434224,1936.3332725577386,585.2752505893811,19.916849297738562,1
Mizoram,Pre-Monsoon,6.8833614056543215,1.4083217881841996,36.349065750182085,774.0263825873341,47.981808506264414,32.846905292215546,0
Sikkim,Monsoon,6.379676478503918,7.181479320772991,49.8588399143734,2902.6825948810674,513.7818505709575,29.812658070627194,1
Assam,Pre-Monsoon,8.467447777559167,3.2046326430480483,31.933190266792266,284.7825777290658,41.91984364414867,21.550454926486196,0
Nagaland,Pre-Monsoon,7.560627789376952,0.6384380365034006,33.653578171669025,672.3779655711288,52.843274898861445,31.147864840217288,0
Manipur,Pre-Monsoon,7.855241027950338,3.4392669429528344,49.141301346395316,129.3205595897856,149.47764166456705,20.652484071996483,0
Assam,Winter,8.187790273161054,3.879531620531762,7.36975256499176,332.56232214324467,76.55900891145377,33.707714275939125,0
Manipur,Monsoon,6.6963007814571345,12.40707016202755,43.068551106411675,2978.8499820681664,697.4226041738827,27.405577458162703,1
Sikkim,Post-Monsoon,6.784184454864775,1.7483890541640479,49.42558016058734,218.8316655344836,12.413271787189357,20.450149803442148,0
Nagaland,Monsoon,6.6306616476319205,8.282657994411682,3.2024160367673526,3478.485234482652,697.5805203244071,31.768610469014494,1
Sikkim,Post-Monsoon,6.673285261119555,0.9447440857069909,3.4622111440489043,724.4834566139724,57.06740081457973,25.42998988089985,0
Nagaland,Pre-Monsoon,6.792647312818798,1.115787791133648,25.304887857508923,364.6823760229628,55.668106786771915,34.5375905306061,0
Manipur,Monsoon,7.840929127089068,13.802404016818349,39.344766422291045,4974.5740502357185,430.5146767895294,21.25496737856181,1
Arunachal Pradesh,Pre-Monsoon,7.260150003982199,2.744947310720629,39.492058273413974,221.62821286337464,137.18430033841798,16.718030549988875,0
Manipur,Post-Monsoon,6.882329900255637,0.819230833941498,15.364323618694753,674.957030875887,10.346081140267739,16.167450346723605,0
Manipur,Monsoon,6.779494481743971,5.722377184806204,29.30720603145998,2704.6178615218687,594.7301637323226,18.761347329945828,1
Assam,Post-Monsoon,7.084468426428993,2.7515322368950996,8.869093098203512,196.856828423661,146.91058970653216,24.242309846528435,0
Sikkim,Post-Monsoon,7.103497730350837,1.9878286515647001,21.907568792029952,298.05742043807135,16.640791216125614,24.421070207152646,0
Tripura,Pre-Monsoon,6.7265098491017845,3.7803423470834807,25.773452394724927,375.1636860971084,13.175266920990742,18.953262569777355,0
Sikkim,Post-Monsoon,8.10831544193708,3.4769191820046785,20.955584610986122,135.8775187070966,76.7571731473195,32.55187940693216,0
Manipur,Monsoon,6.935525157528522,14.413868532113149,28.968417387988556,1197.5729160929122,709.2195716630363,28.89464402280522,1
Tripura,Pre-Monsoon,8.228728051657534,3.3268924921920995,38.50950285206497,154.45422796422648,51.855974015983904,32.619758681740606,0
Tripura,Monsoon,7.108620124334613,5.796906551913792,35.90622943460772,2710.365370787545,747.9241597385185,24.769824619093704,1
Sikkim,Monsoon,6.003452960023486,9.102000705839496,45.41670292293423,3012.1813590906145,456.18655899573076,31.568627058103253,1
Sikkim,Pre-Monsoon,8.490784290071746,3.5661017987057515,12.790879622390033,296.9373735875733,61.180274439141414,24.44157672471311,0
Sikkim,Post-Monsoon,7.26310223607803,0.8417607044406528,17.56348466870082,593.3771772875309,112.92581360278828,34.138989451371515,0
Nagaland,Post-Monsoon,6.8183121609176585,2.0708269694385057,1.3676082731477246,610.7855334860226,16.79267061258228,32.504154305352536,0
Arunachal Pradesh,Winter,7.31097039538595,2.986283047496637,49.19233802329424,84.57431845987537,49.95510971109026,26.74656077495375,0
Nagaland,Winter,6.907701352869258,1.1032951093309946,4.046482754390218,477.9846434163653,43.92739323721082,34.96857382925504,0
Meghalaya,Post-Monsoon,6.088135936905286,2.0480256308978815,14.77804965576292,491.85677661067297,55.723332525704734,28.788035797219834,0
Tripura,Pre-Monsoon,6.087884627493014,3.1852825145803707,11.473168873845058,18.573000625310705,23.30119732235181,17.270335161081768,0
Arunachal Pradesh,Pre-Monsoon,8.372879874190428,1.341332615083724,31.56269422639894,561.1503276060789,68.95001383732746,29.488066805775013,0
Manipur,Post-Monsoon,7.586415063274741,1.264657918557439,1.3938549683792378,288.88632408286185,95.0387054615959,33.834518871988415,0
Assam,Winter,7.708801405593088,2.097348026427595,19.712664994271766,498.33215038064685,47.56102248299099,30.12591797387663,0
Manipur,Winter,7.061992883693491,1.6112763423173235,46.18766147707939,583.1340452837744,34.93186645900821,20.349301254447667,0
Meghalaya,Post-Monsoon,7.711526793833227,0.8777683448975604,36.54784410463822,346.23134454559926,25.1649158106638,19.814389028986618,0
Assam,Monsoon,6.851394935148121,11.297407827480143,4.420077291057539,2046.9285179352999,561.9840929529234,20.433841140351916,1
Nagaland,Winter,7.618932451923788,0.7504842975710782,30.396662672794918,679.7125001883315,54.59886291212278,21.760017745824435,0
Arunachal Pradesh,Post-Monsoon,7.303848753614851,1.5208422124205652,49.800054622246165,730.3285076193501,28.495841643531335,24.574175743032704,0
Assam,Pre-Monsoon,8.177304354022027,1.8960858575559594,2.365810425058623,725.7614686992032,76.73169938996745,29.844043133739085,0
Arunachal Pradesh,Winter,7.604593399504389,2.6489628222445254,45.50052194907242,758.9281032812704,145.1982190677872,22.757673051014432,0
Assam,Monsoon,6.1572321101879615,8.067637973060581,39.63249983679973,3243.684973865903,395.1033039758646,24.25139385513827,1
Mizoram,Pre-Monsoon,7.866408667938346,0.7437856076732823,8.367562705469583,541.8459294861606,102.42914019142532,28.49426693383113,0
Mizoram,Post-Monsoon,6.244154636924744,1.974824585496169,32.776603526451794,648.5296036965842,131.57141366192627,31.302614933669403,0
Sikkim,Pre-Monsoon,8.138316521936757,1.4377743176449895,31.30510671612758,660.2440607836877,68.57503119311372,29.60397333861308,0
Manipur,Monsoon,6.288283601557511,7.550962900726211,22.96462074403544,2607.90341153521,384.00928096811424,17.931307244941657,1
Manipur,Winter,8.012531973791997,1.9992609933399397,9.790071072445288,120.96956220756071,113.71141257893576,23.632036819380716,0
Mizoram,Pre-Monsoon,7.031626068433082,1.0585843827801278,3.6952540734002834,213.04945289274013,27.26427266711693,25.899570205530107,0
Manipur,Pre-Monsoon,7.981665361054395,0.7847138313391135,35.973000694590255,696.7038008040001,65.14757775986999,20.41607610513137,0
Tripura,Winter,6.380824850941767,1.8710558397851462,38.54470191349969,34.526386087035874,146.969355058971,20.097622033910476,0
Sikkim,Monsoon,8.047982919490305,11.62871665485385,2.7228240948749427,3100.8123206148093,367.66932674297516,17.131437354808302,1
Assam,Pre-Monsoon,6.560721586380892,1.4211309781918147,22.111097631302172,585.7936043107582,32.84032309406176,29.32490194799192,0
Mizoram,Monsoon,7.6368678576405165,6.679664980896859,20.266481226268862,2350.40046907516,549.1336794444487,27.28278790722896,1
Manipur,Winter,8.328988979908793,2.3173524954825937,32.39088591029419,726.7325571293695,41.337609631789164,17.2898879379766,0
Meghalaya,Post-Monsoon,7.502444303995551,1.9887832970714683,8.83125799054269,717.8129383545802,85.74911371699424,23.280446452246476,0
Nagaland,Pre-Monsoon,7.6264353361722295,1.3705031034392299,0.6215274258946135,90.01681630349233,24.886835692164667,25.6194277588635,0
Arunachal Pradesh,Pre-Monsoon,6.056007676338747,2.425497789278004,4.163323514891648,289.1760576511461,107.77028235379382,26.204226402251045,0
Assam,Winter,7.275811292962414,3.1645098213077376,25.86234930275053,98.84388409774863,19.400128040905315,24.63615163365359,0
Arunachal Pradesh,Post-Monsoon,6.052112665739185,2.8200843778382363,1.6602706753140684,132.3839282209512,21.691908434167395,17.099544372299114,0
Meghalaya,Post-Monsoon,6.693581230266595,1.499183066821717,18.98416969730642,750.9411480322717,147.10287575096328,21.639706150784246,0
Nagaland,Winter,7.1386354378831225,3.255409604378808,36.60996790590371,43.70521805386216,140.207906395915,25.81857967611111,0
Tripura,Winter,8.019444193730067,1.0184623930307801,10.651279938385771,752.9684580039384,28.2499745660629,16.045743709723443,0
Nagaland,Winter,7.657495018127507,1.1935297539222165,20.32336949486685,518.7909360779207,25.57682414438853,33.65001031784962,0
Manipur,Winter,7.341063255673266,1.7527729778561152,42.190713837903694,108.92773210796045,75.8066171014241,29.681346715183285,0
Tripura,Monsoon,6.96196511883399,11.950668500671766,28.615215247718908,1136.6504307033047,374.87180075183267,29.783479342372523,1
Manipur,Winter,8.380382206720421,3.3860951507235217,8.738552914298525,661.6306792432225,62.14858894125923,16.11394310004443,0
Assam,Pre-Monsoon,6.3368609410986085,3.7624896097940677,16.8144967434117,155.24930001805976,74.44926911249767,24.005363042884333,0
Manipur,Post-Monsoon,6.150476216866814,3.1012225004108727,28.500637985898088,592.5611525972993,85.4212143343613,22.216620855105845,0
Meghalaya,Post-Monsoon,7.139128813892471,1.307553540078757,6.801289849893378,98.23204233630628,46.093104072112425,22.16150821525217,0
Arunachal Pradesh,Pre-Monsoon,6.085972093999966,1.9845022362227291,41.95295748518183,447.47285217257195,100.16303537935575,22.69329211564483,0
Nagaland,Winter,7.524192403185068,1.9158378353705092,48.151768251167844,700.2735017146485,133.39139572480036,26.88729896782676,0
Tripura,Winter,7.010478257332478,1.3091637819934252,36.29969054259855,754.8333418433192,134.66009525448786,27.925586668768034,0
Meghalaya,Post-Monsoon,6.914277349996059,2.423876207277856,31.588207504531436,228.02825280347852,37.48511053166621,27.19805888270603,0
Tripura,Winter,6.3431111295613825,2.52706407187241,0.556357824690612,391.83032229033773,69.33275474191734,33.22199583007999,0
Assam,Post-Monsoon,6.972742306787335,2.1874110044204893,3.1951341155836364,459.4988773611711,111.28426473768201,27.305913980889486,0
Mizoram,Monsoon,6.777930699984973,13.240194345997443,35.66510185900989,4878.21921706811,788.5524844975832,16.09701924190688,1
Sikkim,Monsoon,6.280184841933958,9.066325460832646,45.271436148562145,2467.197820279344,315.40012423146214,18.055330366170114,1
Manipur,Monsoon,7.712210248075314,13.80665813683208,25.120816661294793,4582.957307400033,428.08190456174,21.06377310760572,1
Assam,Post-Monsoon,6.427945253796643,0.9869320183720495,12.702728938067015,296.69011873409204,143.53352038049897,23.782554204846384,0
Sikkim,Winter,7.54577618282008,1.2743288868579365,14.289343200214288,628.9158745447163,109.1561298777436,20.20277960398289,0
Nagaland,Post-Monsoon,7.4994232594940895,2.603339856211817,32.4697447172768,442.06849869916215,63.96804791386191,19.48619853653125,0
Arunachal Pradesh,Winter,7.176399878872067,1.5359762724616246,30.44147600318725,714.161200022966,41.95927190040073,24.054100663206476,0
Sikkim,Post-Monsoon,6.19194266950885,1.089892818384844,33.88752795518746,551.9434305966487,67.08849648849653,17.09887326101822,0
Arunachal Pradesh,Pre-Monsoon,8.31635494736769,2.0589193756911652,27.106919019797633,468.67802948153957,72.42749376031652,30.962817584584705,0
Manipur,Pre-Monsoon,6.298790869642316,3.756835609997715,7.844806843608204,723.5596809944956,54.01043828698876,27.006990575706322,0
Assam,Pre-Monsoon,6.514435781774409,2.3908346283703343,38.33935159785874,610.5356972723389,135.52543509280372,23.641200316047744,0
Nagaland,Monsoon,7.902793242111319,6.674537745772511,46.201331095628916,4922.276264032114,503.9185493980955,15.848832051626037,1
Assam,Monsoon,7.521974577543146,11.232551504577398,10.928357866665749,1397.549385659815,558.1838740917402,26.19321631072861,1
Nagaland,Monsoon,7.195037986693196,12.28878586778057,14.052343288272716,4302.042231425499,457.3755375072357,26.12338565224733,1
Assam,Pre-Monsoon,7.586450178117214,3.7989068561314703,14.893102574368001,123.1193577562179,140.55877706702375,15.558763738540991,0
Arunachal Pradesh,Winter,6.208232249425829,2.9278333132993613,23.05212588601817,598.6991293386162,24.58649324334336,22.122913506390525,0
Manipur,Winter,8.02286754075302,2.047375176921116,4.438160722374873,794.5766355803588,89.42922215151177,25.070469194640474,0
Manipur,Pre-Monsoon,8.361982397822958,2.894989275868764,49.93938492825187,335.0043060738923,44.42708083992605,17.22979122963678,0
Manipur,Winter,7.364083483449367,1.6606125281927113,33.32998618397092,578.9607277871224,143.0556388060851,18.852173086448467,0
Mizoram,Pre-Monsoon,8.101706675938402,3.8377265273996217,27.712461104062218,250.9481528400597,36.08814445227654,32.10822033071645,0
Assam,Pre-Monsoon,7.057333931839256,3.081061131324204,13.03799041989538,144.75389781872062,15.363423539107266,32.719644784296385,0
Manipur,Post-Monsoon,6.410904650089276,2.5241600315878125,36.80205617695127,565.9250138309061,130.14318357255405,28.164614223276985,0
Arunachal Pradesh,Post-Monsoon,6.32291500353028,3.071396704536561,17.75000775279819,758.7248596458126,136.21547307531554,24.674604606541514,0
Arunachal Pradesh,Monsoon,8.030708596299828,7.597282448168517,39.98484489002397,4880.694310941956,774.250530011016,16.215471948801003,1
Meghalaya,Pre-Monsoon,6.435721875458033,0.7957146532391843,33.65918113224705,431.80213681853974,21.708492017692706,24.164173760671552,0
Meghalaya,Post-Monsoon,7.730527894666154,1.522697558702556,13.048567592860438,659.8094835024567,71.02204509685595,20.528660976219737,0
Mizoram,Monsoon,6.707845523987173,7.039175557129332,43.04740010968256,3211.3933020047443,468.3210211627056,18.577426039379304,1
Arunachal Pradesh,Post-Monsoon,7.050848859936542,3.492610192117608,17.15582684895643,290.05499795592624,146.08194560012078,20.28973379051417,0
Mizoram,Pre-Monsoon,8.411167104854423,3.375080620450018,33.95915264022687,720.7943645802683,23.48803655100891,33.819089316166924,0
Assam,Monsoon,7.044666221510431,5.406540127256473,26.31555510843773,1794.3300184201976,545.3428513414588,25.91192341339532,1
Tripura,Post-Monsoon,6.3176053067476365,1.6503942504967433,10.010967965098255,745.9626201754901,71.59988680068273,16.519305088212853,0
Mizoram,Monsoon,7.895218513112139,5.991961894606409,17.262399445450004,1810.237061688826,316.6756880876198,16.167905269362116,1
Tripura,Post-Monsoon,7.628831971830914,2.397687448476091,40.26974985116023,744.8747268102669,116.10843578757836,32.14684242884922,0
Assam,Post-Monsoon,8.496661769881412,3.1131698328432593,6.2085249576217745,406.93406982125333,57.667095039345426,25.54757553381024,0
Mizoram,Winter,6.07527540587441,1.4172302122980454,11.534457783974883,290.56726042330394,22.843486410234497,15.87664799303483,0
Assam,Pre-Monsoon,8.302386683968479,2.0945480134117105,15.590231812608907,564.0035471843029,13.380970705457093,27.110957688121474,0
Arunachal Pradesh,Winter,7.07288220782068,3.9072074509213146,22.441303910015137,539.4551304187679,68.49851414609435,27.68827624842863,0
Meghalaya,Pre-Monsoon,6.620947251237559,2.8627169158850303,32.51702175916469,288.53186899332354,71.50481017446779,28.568092793164467,0
Arunachal Pradesh,Pre-Monsoon,8.047523718729328,2.86532370095129,35.98257409950666,546.0590100154552,92.72612794133042,20.510552240995956,0
Arunachal Pradesh,Post-Monsoon,6.053908491995445,2.318096768780394,11.06356064345675,87.51629469461007,118.35792581551937,30.061938090520812,0
Nagaland,Monsoon,7.330737633384703,7.959481120270484,44.63640871159589,2292.8656272620656,316.28871520352897,27.871465496322195,1
Mizoram,Pre-Monsoon,6.928489116994097,1.7766479649898055,10.623105448193847,663.082427142743,81.48264862436771,30.55726334514971,0
Tripura,Pre-Monsoon,7.5938433781339185,0.7446649193566863,48.94934214591494,115.52523895790968,15.391808298643152,16.53878637928476,0
Nagaland,Monsoon,7.974484506871167,13.706810168908557,36.461703514705185,3890.4595654569935,542.4153996787011,26.294824468554275,1
Tripura,Pre-Monsoon,6.7452246260439255,0.8445526248670613,26.79186432759214,513.3777340071263,141.36440348468324,29.152565627549603,0
Arunachal Pradesh,Pre-Monsoon,6.349537322483304,0.7649417556662297,5.23089013664087,353.0540311261832,44.10799142255568,33.9484233415607,0
Arunachal Pradesh,Winter,6.484433395528646,3.0567746181483173,45.90601806417789,171.90907723402412,13.112835751581631,25.67105861278229,0
Nagaland,Pre-Monsoon,6.570627780846962,1.674764827381398,47.184440884565326,153.97641504537694,78.53697040903381,27.187021627656257,0
Tripura,Monsoon,6.346468715654334,14.566878316620683,13.945620532792258,1750.3961310677942,655.0057056605508,28.38409949549439,1
Arunachal Pradesh,Winter,8.190439745408408,1.5234724007997593,43.22797478419595,612.4527491405225,25.271597426535244,31.64055699588743,0
Manipur,Winter,8.067269727023534,3.8594150227238138,21.342480152173472,688.4894673656271,79.1792730580763,26.823259413512474,0
Mizoram,Monsoon,6.471077915635609,14.146117402902867,31.42013774508461,2581.784460019132,427.3227556207187,27.024074717486197,1
Sikkim,Monsoon,6.978784820772358,8.0929454267919,16.65238132099812,800.4217371359252,361.9518911140907,17.126653437973797,0
Nagaland,Monsoon,7.656234619961717,7.007421241553281,38.15820608418646,899.2613523897235,532.3446612975408,19.09652157639506,1
Meghalaya,Winter,7.140193775150218,2.233223813842539,40.02940686141388,66.82217361086599,123.02003094154483,19.222002212962117,0
Arunachal Pradesh,Winter,6.797605999995974,1.4136315180324557,8.05065123533948,617.9497923257849,68.90736246608827,18.001754902769875,0
Tripura,Post-Monsoon,7.110970053564979,2.2472748602093953,47.907854830665876,698.2420261725193,70.58538639841083,18.909709240585965,0
Nagaland,Post-Monsoon,8.233576387384407,3.1818022737960274,40.265290412165335,593.8647480318009,27.49928753799227,34.541172485191005,0
Manipur,Winter,6.092571753498476,1.8073827128648094,42.70727314899644,636.1758073216073,58.831354788303564,26.852332973703817,0
Meghalaya,Post-Monsoon,6.585661474308354,3.4099508415647946,6.114748429436478,416.36002605113805,61.355370616401345,21.47215808471507,0
Meghalaya,Pre-Monsoon,7.819749127775454,1.6762144694656276,35.97533348777838,94.81245337451878,125.6857312214849,22.23259318659603,0
Manipur,Winter,6.4111712616839895,1.1321181716383781,18.9503663548621,486.31760591451643,102.6415375093465,25.834428068502753,0
Assam,Post-Monsoon,8.243669181413825,3.6284975748102326,16.544576200215825,339.4412415699895,112.83904328282692,17.269075087572954,0
Assam,Post-Monsoon,6.873717830939914,0.6699407119295825,44.22799048874455,396.6071270362651,136.6442112036769,30.442210984725207,0
Nagaland,Monsoon,7.055835496974288,8.12404131663595,38.04344894490425,4520.165005705927,309.9538443162339,32.49957348716873,1
Tripura,Pre-Monsoon,7.561413775929474,2.827807912000951,43.34211325224791,710.8076230433097,61.27895477217229,26.958158852545537,0
Assam,Post-Monsoon,8.418019596947254,0.7069562403538783,40.122678425186,395.81580607777033,114.25207588617707,34.15779406278622,0
Manipur,Post-Monsoon,6.497992191490176,2.165020240864083,8.306016551521411,660.5041892071447,49.719821803879945,23.989956772726096,0
Mizoram,Post-Monsoon,6.139365420881057,1.8284183006137495,11.088120455686445,122.70800241077247,41.30906476190814,24.90355638671234,0
Sikkim,Pre-Monsoon,7.296193492560835,1.582855857385175,13.335479777540687,189.32617730110016,51.716048791002585,26.121026063413797,0
Sikkim,Winter,7.73303523720136,1.6412082262248537,10.269002808100225,387.6956993981234,87.13222625330128,29.793309048196548,0
Sikkim,Monsoon,6.379043158028858,12.250379218221397,40.627893716825604,3754.4162015868665,699.6779228537168,26.70192928056659,1
Manipur,Monsoon,6.294210510540786,8.20623961556474,11.305614598128233,2317.654208797766,783.996890959299,25.03828374624664,1
Nagaland,Monsoon,8.127675313350402,12.973509262540249,24.535668563201003,4920.813944620807,634.3875923192661,20.197578492380295,1
Tripura,Pre-Monsoon,7.0203263759259995,0.7760525877891795,4.504143500878049,136.6273385554876,43.49978890330442,19.506519624520813,0
Assam,Post-Monsoon,6.456400115129544,1.9968467192161397,3.036672532621476,180.42904957607527,143.08246847550217,21.58163424196279,0
Sikkim,Pre-Monsoon,6.592769601365789,1.7236069691853988,15.10124708941794,513.4735860555736,66.49986070715335,28.791790169352268,0
Assam,Post-Monsoon,6.262491091926435,2.3816904872491484,22.525864321492122,402.1529910347878,76.81569123595806,18.344567609611467,0
Manipur,Post-Monsoon,6.6419319276661275,3.9838235765767935,27.369387984810878,725.7297071431888,46.21383494206203,23.851490886394444,0
Meghalaya,Post-Monsoon,6.399853944177897,1.1865321754472098,15.088757258389151,755.1254315463275,66.6053556530428,15.256480086958861,0
Nagaland,Winter,8.328083609959274,2.9474874631931924,40.08374326987892,607.6650726195575,144.9640528455808,32.5177054057374,0
Mizoram,Pre-Monsoon,7.975940126131951,1.3906690580842842,11.443065478097713,647.4940384699867,36.945697920976244,29.695666858983124,0
Arunachal Pradesh,Pre-Monsoon,7.436543729730753,1.9012538329503048,24.123785337203635,346.12541624443037,48.94762474254668,15.343301135404841,0
Assam,Pre-Monsoon,7.32906146704396,2.1369113998762006,15.752713170019772,167.41780737461897,46.89660216741359,26.409137882729645,0
Meghalaya,Winter,8.086706169363147,0.8054563462888275,23.60861225268234,226.41881031589588,88.58896784052155,34.35844046852341,0
Tripura,Monsoon,6.521806279927618,10.964276302609107,37.30877838202997,3483.749798295199,585.1949684760554,20.40466980268906,1
Sikkim,Monsoon,7.458820230796674,12.01321833911544,35.27597242720345,1143.5140153980756,583.0225672731226,34.31470584876939,1
Mizoram,Winter,8.173452955680126,1.7295773659874603,17.851915206963376,367.9998521493894,24.513463114825676,19.50928680207881,0
Manipur,Winter,8.404305089222206,3.226537962904696,44.23381184691396,785.1203854747771,14.93588809115721,32.3222287722447,0
Tripura,Winter,8.097608218595035,3.85849259456644,5.858532262630561,566.1757706834256,128.98252334197156,30.504840961172178,0
Tripura,Pre-Monsoon,7.885434719887286,3.514745142112402,48.3245343038151,17.965301104426132,38.11511483511108,20.853045812222852,0
Meghalaya,Winter,7.565673017504785,3.4553665441075783,13.527690844639057,256.42332603785144,18.74231507548551,21.30000688992865,0
Assam,Monsoon,7.965970054003465,7.706431356152057,12.203577141641054,4198.795318290522,566.9965022621006,26.71156353062233,1
Meghalaya,Winter,6.915260717479907,3.1948323833566232,12.252229851450181,411.50857630133794,63.57390365979405,21.459202112585494,0
Nagaland,Monsoon,7.599601756096296,14.99377257063362,17.733494114063042,2317.1448095838496,547.3898866272825,24.25753803109128,1
Arunachal Pradesh,Pre-Monsoon,8.161933916916922,3.945566574891895,42.71274714012018,18.349319046566155,79.47258348209522,26.060845020102796,0
Tripura,Monsoon,8.448448315578098,13.713763634044996,44.45905224716228,2303.601054629091,383.02842650486554,25.815343362792404,1
Meghalaya,Post-Monsoon,6.345676503757309,3.6204178303257795,22.79259509704988,97.75474560735559,126.05665602994735,15.39699711235626,0
Nagaland,Monsoon,6.04886596038199,8.51204836886706,43.22803206197417,1462.159140724205,403.60307342392167,32.171130152792145,1
Sikkim,Monsoon,7.933829204353057,6.125915012282755,17.253932692784783,623.9885107401755,744.1061799727855,25.65718241391082,1
Sikkim,Monsoon,6.67201284055421,8.642344932830733,29.560237012736195,2239.9975210748453,620.1236413076991,32.444045760019996,1
Nagaland,Monsoon,6.924950219813135,9.047126416056026,12.23197213538878,4739.660647476658,584.8950567225413,31.96978819051916,1
Manipur,Post-Monsoon,6.315496278749912,3.744356214968518,27.812826565913877,609.4401733546695,77.28856018499113,16.18153918425107,0
Assam,Winter,7.12868870165002,3.1041306314569974,10.821695106083956,566.7503709660213,104.9163176529951,32.338874223973896,0
Meghalaya,Post-Monsoon,6.066763015011879,2.921882820983461,36.50373954408354,689.6533921788451,138.41838713176688,19.609791833303962,0
Sikkim,Monsoon,7.132535579223644,14.768306659640206,23.70129797914617,2863.516788150966,410.6883155930584,20.926449094679036,1
Meghalaya,Post-Monsoon,6.381639089608449,2.2568609714787016,14.245469032204127,123.56498372634584,30.67267456328718,20.66304513096441,0
Mizoram,Monsoon,7.081360951616403,7.624757147911288,44.3632301544067,4651.914370174237,362.5019549256148,34.75269285734119,1
Arunachal Pradesh,Pre-Monsoon,6.21868069494597,3.1194579269518234,25.89709470160415,97.24017384554736,41.45940626036986,18.805977119867286,0
Assam,Monsoon,7.309003435306923,14.300057193064017,23.831815328237504,2137.111094065162,398.99943392569145,28.789168207186837,1
Manipur,Monsoon,8.462847931348632,13.815348865825307,46.778829593587,2203.159419680929,610.2232775629936,19.874600104018434,1
Tripura,Winter,8.246411462707615,0.7417757427349196,49.30596245773612,112.26170464204095,76.89790657307574,25.945485932331202,0
Arunachal Pradesh,Pre-Monsoon,6.83633166143891,1.1870071165755258,20.620972591180355,756.0733813107948,56.38719706963449,34.79168616272885,0
Arunachal Pradesh,Winter,6.601781414137711,3.4564429884547927,28.548600869483888,565.4131111512409,22.8516307999242,16.35178662645975,0
Nagaland,Winter,6.788801041359127,3.239797459624601,45.71735956026857,396.77733665808205,62.04299071008652,22.295070355251703,0
Mizoram,Winter,6.226230631758448,2.691438765245807,10.394476587995388,498.7771890630225,22.68592417050987,28.63098144149096,0
Mizoram,Pre-Monsoon,6.993487996976848,0.845376790232695,22.452649365461046,676.850269275385,116.54714877628632,19.108107308654624,0
Mizoram,Winter,7.679030769003891,1.4302345667910699,46.555632451145414,734.6484580337847,121.69109365484466,15.634328879049438,0
Tripura,Monsoon,7.030329955683136,5.36953025904921,27.49882271620216,1501.8382444542167,470.3941210319414,23.03227051310694,1
Mizoram,Monsoon,7.243565863652418,9.027101910167271,39.19220474841043,3738.9274569132117,378.17409583911353,31.274514780647046,1
Tripura,Monsoon,6.8242540712571405,6.620210013868444,45.41834330871936,825.3235100879447,377.3653509791653,21.34597657300623,1
Arunachal Pradesh,Winter,7.1740685345239275,1.6934728919226627,33.823198316874695,36.0275707559554,118.47254572880553,34.34999545290727,0
Tripura,Pre-Monsoon,6.668352953741279,0.896200932196215,19.91378384428942,352.22400689945493,37.95367958580111,26.4867708516227,0
Assam,Pre-Monsoon,7.141732206226427,2.6725808521956314,20.522811702458597,167.08147620498477,76.39464932010912,20.697287267262652,0
Sikkim,Post-Monsoon,6.5535837728502875,1.4262080345219443,44.332371813906875,729.9905126261888,82.91713200406173,25.167990290714474,0
Tripura,Monsoon,6.916351903926131,8.741342125451528,21.266905445506936,2912.8028650775573,705.9951868093469,22.551253545627034,1
Meghalaya,Monsoon,7.795992198903432,9.668086191916686,9.105693940994902,1567.513189959004,751.276894366794,15.664754560963491,1
Mizoram,Post-Monsoon,7.560988565080526,3.0578641456684448,39.448823291254726,199.9243947826131,57.891014610476724,33.730842449703914,0
Sikkim,Monsoon,8.085959830423052,5.384287935712989,34.505772760124565,3772.725755963775,654.83745844721,27.660737830636048,1
Manipur,Monsoon,8.17430874465263,7.860770428948919,26.007251493159046,3766.6896323955384,435.82530568873995,32.69192362611414,1
Nagaland,Post-Monsoon,7.815683704218017,1.5983453806615235,33.24278288120077,450.3963449768498,75.48499641328391,33.656612484727404,0
Tripura,Winter,6.770393177944683,2.4901057140692258,18.639665217765828,651.6526457270907,100.4814245029841,23.0997908325975,0
Mizoram,Monsoon,7.772555609597375,6.727064720307398,17.845231258793966,1363.24885763342,310.09083583798366,17.937237817321144,1
Sikkim,Monsoon,7.514840019385571,13.058375977868431,41.015521119344434,4197.172079876571,710.0782880221452,31.26975905854669,1
Nagaland,Monsoon,8.080358250099964,7.007094761612313,22.376481606134078,2565.639161294657,507.02361496796004,22.81634456460483,1
Mizoram,Monsoon,8.033993026672645,14.286573554933337,20.88503075525015,4914.5539501000685,413.3823580234158,29.005304594429955,1
Nagaland,Pre-Monsoon,6.285917115305951,2.3798245235887165,4.814634894719627,549.0102320018868,52.117980183195655,33.454894706443056,0
Assam,Winter,7.191340750923652,3.7532766432824656,41.55585993922413,696.201845001812,140.44778887480498,15.948789942354484,0
Assam,Pre-Monsoon,7.450011547713876,0.7140633118098436,14.733679680401657,693.3988564548338,61.617366727280846,16.817282667868206,0
Arunachal Pradesh,Pre-Monsoon,7.135995296412142,2.1467225175273477,23.703416041128417,422.9590693129631,81.6431912439428,27.023701327440037,0
Sikkim,Post-Monsoon,8.151345839790208,3.4437153100234137,46.58096177832082,225.25991624377315,22.830058868808315,27.42581925898783,0
Nagaland,Pre-Monsoon,6.422022891352945,0.5420006539331755,49.876229668082146,614.4530116928609,148.56351266466194,33.356566224859606,0
Tripura,Monsoon,7.846418079720496,13.282217056393474,40.052578830846194,4803.882005640728,498.1403558301765,31.222513635298657,1
Meghalaya,Pre-Monsoon,7.437483913821133,2.6792832881533215,28.232566189945434,780.0927419788126,120.4347487367175,18.376701654330954,0
Assam,Winter,8.402031906980634,3.550666699185374,48.63865269727077,181.2426521501748,132.1628794157277,33.29214811295428,0
Mizoram,Pre-Monsoon,6.299255765770359,3.221962956294198,27.396327498057875,483.93579953953326,98.2119150614883,31.555310931945083,0
Sikkim,Monsoon,7.674760062866813,13.079971285782579,26.573739253124838,3493.152722248398,450.46548722648413,20.874136616809718,1
Meghalaya,Winter,6.4020421371677845,0.6750961089414778,27.71694551868994,782.2650297641849,21.619665135304878,18.932512312915975,0
Arunachal Pradesh,Winter,6.022135742263284,0.6604352118813529,1.5084938846933071,47.98955288314957,147.94702200445923,34.80320045062444,0
Sikkim,Winter,6.11478379100477,0.8949316879802889,42.60405279295944,17.765642242020107,110.69009394068046,32.274560807573614,0
Meghalaya,Monsoon,6.245094540438739,7.826854843569135,26.349782718462382,1663.1235037718916,739.1933589824575,19.71317678735165,1
Nagaland,Monsoon,7.7673776777916945,11.79429091797612,20.905629008290195,4223.3934889179845,336.64132291637975,32.61184284971457,1
Manipur,Monsoon,6.793571986411265,9.292753293916904,23.904427282053692,758.4881777269688,522.8150923600201,31.68097990315453,1
Mizoram,Winter,6.204951555740631,0.6529918008398319,13.196238481957067,520.2017279317477,93.61793355401305,21.284006857256713,0
Manipur,Monsoon,7.986241173069354,9.301987962538623,35.29914708818168,4120.060278536977,478.03881417063474,29.853521394037266,1
Nagaland,Post-Monsoon,7.941020843420809,2.7870582334270293,45.14832950464115,707.737521785792,83.52029982273365,30.66004949895981,0
Tripura,Monsoon,6.127568478567063,5.611459722988224,37.28679716258138,994.9496960981724,692.7187826411636,23.68352351628627,1
Meghalaya,Pre-Monsoon,6.105380965341932,1.4308813256152062,8.998590990323263,482.5841813198668,141.4420796146315,16.594437452621015,0
Mizoram,Monsoon,7.033119757528022,12.254058446794385,29.612726825976743,4347.421319712416,782.6605126418069,16.813769465689518,1
Sikkim,Winter,8.409287221561,1.2710539570938075,8.188978868046327,551.6048509823561,10.320082203106512,31.843291684031083,0
Assam,Monsoon,6.169056835528225,7.594110284541923,9.699855356900173,875.9149078939133,528.4265529219465,31.732420556244673,1
Meghalaya,Post-Monsoon,6.097852711024692,1.1291972297071649,25.409114555539723,459.9823421340854,60.07045384447427,32.76667305688491,0
Arunachal Pradesh,Monsoon,7.968271244388347,13.572817884502534,32.755713008932155,4200.663933695878,345.0318540417452,31.053690756720776,1
Arunachal Pradesh,Pre-Monsoon,6.77901002114881,1.6120769811318358,47.71865442974495,781.630814722868,31.969934130525594,20.573755904749707,0
Assam,Post-Monsoon,6.258104725472405,1.64813238081231,28.050817787054616,371.75921121019735,76.93286440044061,25.05697371846794,0
Arunachal Pradesh,Post-Monsoon,6.9787016555213,0.5893465131944287,43.11380296846436,320.9642823050433,84.83326277200803,19.529082960372946,0
Manipur,Monsoon,6.216050059939019,13.2473190027131,39.30343457154633,3722.889721613185,628.7810211852574,28.001835366726016,1
Nagaland,Pre-Monsoon,7.991581026736791,3.095202953631812,7.7955150783984966,710.474204490815,85.51463293536015,25.72353926285392,0
Assam,Pre-Monsoon,7.816267871470055,3.6901465485882112,4.397817976859825,207.1284625456525,83.89397302171618,16.588952857745266,0
Sikkim,Post-Monsoon,6.4355098451377355,0.5935814374910962,3.7210989579892715,106.6278331432791,49.64147497353001,29.843470037643943,0
Arunachal Pradesh,Pre-Monsoon,6.808731469871635,3.838459443271091,19.98450185580231,50.618160518015166,71.35915255920682,25.770019540343768,0
Sikkim,Winter,8.099721953112399,1.2853438085514308,4.324993048068543,510.09045382611953,51.76245399208666,31.396082829817257,0
Arunachal Pradesh,Post-Monsoon,7.314103128412413,1.4764607254250068,31.903377548244528,748.7054208702511,123.87429153128082,16.74140994341118,0
Mizoram,Post-Monsoon,6.203003017910461,1.721178850571812,34.264379805084616,254.2158844815993,113.48066022385208,19.332994969500106,0
Assam,Winter,7.868780635479403,1.340240408475231,41.01947487109219,667.9126776311226,113.35798262092457,32.164865674494415,0
Meghalaya,Winter,6.3794746443547306,1.1675523329009594,8.78529691206103,385.54624037418404,44.94412397477126,27.70064165125354,0
Mizoram,Pre-Monsoon,7.719951687432579,3.0482791741096875,23.63151461649985,599.4127206455742,16.054384973716772,32.264070498081736,0
Sikkim,Pre-Monsoon,6.928834195095423,0.8700969149564126,40.452177844495246,664.4551150911041,145.54646877544198,22.9266254675995,0
Assam,Pre-Monsoon,6.598101148422584,1.6893970243600014,35.253786751292765,742.6498860784736,101.35250610988196,31.23503792222372,0
Tripura,Winter,8.480833401709464,0.7771722014532012,20.431975632039563,647.9086090422232,32.62623339913659,16.586879558365165,0
Mizoram,Post-Monsoon,6.348718102835508,2.0445778996575665,43.64444711750014,664.7181422695471,96.6417157747492,24.317023523889915,0
Tripura,Monsoon,8.45161110138087,11.396515034009095,18.362880062887083,4978.437996816998,650.0776052920266,18.3017034546441,1
Manipur,Pre-Monsoon,8.369396425477824,1.366603730074758,22.620997161318424,716.9146528326264,20.950604109241063,20.03488280465936,0
Nagaland,Pre-Monsoon,7.949358366035268,3.4137747600593356,9.323541642199734,319.64491018637784,100.6104055671148,32.77865323784566,0
Mizoram,Winter,6.3993432102322725,0.5154579190600348,30.15056133393761,200.22183104284153,66.20667632876608,31.743523658312654,0
Mizoram,Monsoon,6.192877072123605,13.949625672355202,44.55232724282734,2685.9757371202863,566.7167010236849,24.046420676188895,1
Mizoram,Monsoon,6.0676194394888965,8.73960390041405,27.015363429482136,4966.044827604142,509.7393483506063,19.31013828856052,1
Manipur,Post-Monsoon,6.042664641992866,3.873270343063889,45.68468157747795,387.70687739599634,27.0067118600023,26.241974278651078,0
Manipur,Pre-Monsoon,6.413382723178694,1.1795166183519028,22.574221188305916,231.49906800246384,73.08851086240949,28.6591385942201,0
Nagaland,Winter,8.295753927687638,1.128307453604273,17.918223066604238,793.1976705274428,49.42478854302456,15.74265129084563,0
Tripura,Winter,7.32304562053875,2.043727637234425,39.2493603356643,699.7853746011992,11.665797248279473,17.628963937367978,0
Mizoram,Post-Monsoon,6.933180913815123,2.047146427874729,7.873412456775847,510.0290322846753,34.32238423414972,28.922597280576444,0
Nagaland,Monsoon,6.294079331495619,13.928249148478258,39.747323619468766,906.072892438513,360.0700556165358,25.944253028839068,1
Tripura,Pre-Monsoon,7.234090062062669,1.738691457755655,27.244924132248666,203.78570968088928,40.56859473127153,17.95875139003444,0
Arunachal Pradesh,Pre-Monsoon,8.038224776283968,2.863149346300986,7.426431938996819,101.18494830293679,100.83498202535992,24.525464381500008,0
Assam,Winter,7.248046136653937,1.9968968463227883,43.23013400342217,712.1968789327741,136.47710578066793,31.907910426330698,0
Tripura,Post-Monsoon,6.607386724204913,2.975040750383797,16.11479062130405,430.0658095275441,101.73711489307458,22.98840479056403,0
Nagaland,Pre-Monsoon,6.245191466310237,2.724152800662682,39.197150185327786,769.1800734966954,91.9013456885569,17.124174303770793,0
Sikkim,Pre-Monsoon,6.944957995509055,2.0338541765865745,45.31111231490802,277.3736238916466,15.406891737424498,18.791107440552363,0
Meghalaya,Post-Monsoon,6.922075520848016,3.0648642561909196,22.426621565780913,491.0833618383714,70.34203216346387,17.37271134704381,0
Manipur,Winter,6.532203012297085,1.908134637451627,9.40071585369109,232.40080334839587,18.205447420418555,24.376456219143115,0
Meghalaya,Winter,7.194949365315433,3.6433657535395363,0.3924424455092168,158.92599716871013,75.76133637733987,16.679032612118124,0
Mizoram,Pre-Monsoon,8.26558367519733,2.4903113307049214,13.967121316858384,89.00285634029154,148.10945001459453,26.127245660493543,0
Assam,Monsoon,7.558587497515509,12.868474771966628,31.229703713941582,3322.976040409695,568.2557190084434,23.59496451495638,1
Nagaland,Winter,7.36894157101857,1.0160292885460045,29.29688269753755,27.251649701588903,108.50909339337741,28.708630952858915,0
Nagaland,Winter,8.409985400002748,1.308387940152912,8.675223787911001,244.1406981771698,27.379348793182004,23.45773396249968,0
Arunachal Pradesh,Monsoon,6.145686389427599,6.891004189584887,46.08594366774207,941.8361631104733,542.8256959230634,20.165538304711017,1
Mizoram,Monsoon,7.839275350785582,10.819308288191902,27.0327286484396,4386.250135073654,718.502793107933,27.545862511044437,1
Sikkim,Post-Monsoon,8.294772812913752,2.504562348773222,14.96083484871114,180.5556441517644,105.18725611544356,28.583065173180106,0
Sikkim,Post-Monsoon,6.019918310821295,1.0260298432333887,14.245721400811917,795.082406938141,96.44873045653252,17.978190090100142,0
Manipur,Pre-Monsoon,8.350263863258196,1.0498772769545817,8.592317485107658,268.55297529006793,10.111998248941745,28.933963424513077,0
Tripura,Post-Monsoon,7.750518594585426,0.768622339595778,41.91125188511368,738.107695266423,40.11238074151369,18.771762604785646,0
Meghalaya,Monsoon,6.324003706905204,10.293680245324337,29.00845491797937,1945.603709847706,489.0418959474541,16.08210403443682,1
Manipur,Winter,8.207741740502057,0.6822860832012408,36.15145803266705,602.4132682659866,56.94186261614492,20.97692843146949,0
Sikkim,Post-Monsoon,7.731547359878314,1.177528188461887,42.356701793999605,235.04130662092786,109.77421212496169,15.595014416374983,0
Arunachal Pradesh,Monsoon,8.39037840711491,9.91819860891539,43.270695936082646,1494.799361991176,408.90878811267083,33.651290794971516,1
Tripura,Pre-Monsoon,6.528168486724105,0.7790946441689024,18.30835462459555,501.317048490495,136.93385298009707,18.56739452822558,0
Nagaland,Post-Monsoon,6.2069733560315905,1.4454827992221242,20.007644066826803,772.8086850658798,50.89247360105923,26.65160406812262,0
Arunachal Pradesh,Monsoon,6.718409223838943,9.280726233990036,11.195521939684427,3323.2843439915396,378.49132271622875,17.31605458102383,1
Mizoram,Pre-Monsoon,6.33907629877057,0.5047881537408658,35.26224517434272,454.2402163523397,33.93311039164574,21.072443250186733,0
Sikkim,Pre-Monsoon,7.8682351841927325,0.606600272687853,30.354770842412947,627.7271478813252,106.21927186707474,31.414135356718372,0
Arunachal Pradesh,Pre-Monsoon,7.5146765011992365,2.728059998310874,16.70108526482291,406.42524789751536,112.72343532195376,18.225184413545414,0
Mizoram,Pre-Monsoon,7.941901494940488,1.3673419193308498,16.676783043328342,99.4997775863179,68.24501785073458,33.48301680160857,0
Assam,Winter,7.476347694469825,2.985731653139655,42.20052713793773,593.063121102703,93.74219854081085,32.29358186129753,0
Nagaland,Pre-Monsoon,6.186571557709673,2.098127216917333,46.92891177686722,578.6835930407094,106.54922776215301,24.44727825361616,0
Sikkim,Post-Monsoon,8.14177183579577,3.8894223922528104,26.918400784146808,763.7166895076366,132.5599027582419,29.03075435553641,0
Tripura,Winter,7.880673649119151,2.9030312417613073,15.651716087655505,306.404874281741,102.63659656545018,30.679488879035755,0
Manipur,Monsoon,7.834930393046215,6.950950987778981,43.076288510693864,1630.9639717896182,312.1439201735246,30.328088014207964,0
Meghalaya,Pre-Monsoon,6.56342755951598,3.013282051401406,3.3794661055051023,260.5403720095393,138.31889447958235,15.726606703185253,0
Tripura,Post-Monsoon,7.136330332624844,0.7629329457162297,3.768468343208969,261.5649526999311,93.947163231323,15.78750879433195,0
Assam,Winter,6.258529504293956,2.3366964244608885,16.36178600630909,595.0774722181662,143.83877350078538,30.15814100540301,0
Sikkim,Monsoon,8.030631887219915,7.390023987193714,34.518528663621474,3499.5083346577,653.2408104603676,28.775178696198925,1
Arunachal Pradesh,Post-Monsoon,6.880578739049299,0.6203977347833834,13.71370029500537,581.6494100506393,45.60049172465012,28.904108864321742,0
Sikkim,Pre-Monsoon,8.323905506840031,1.1561874784987314,34.56366129371566,522.681973408839,58.66438309204432,32.12514880013541,0
Manipur,Pre-Monsoon,7.8043604096006485,3.5977627392261273,33.72904474965869,292.17666792416844,28.128546697394498,30.231158732212904,0
Assam,Monsoon,7.629919892257603,14.31386158546258,13.419626704818665,3415.358478885773,407.9618553067332,17.096023280871908,1
Meghalaya,Post-Monsoon,8.020733096879727,0.7601249970850614,31.841908280180398,458.48546914096346,134.49488604691163,21.45864124947099,0
Mizoram,Monsoon,8.475371120529921,7.154852846250663,39.30708419703315,4261.239967915186,394.99027980423296,16.654891576062994,1
Sikkim,Post-Monsoon,7.969273760787687,3.0241382441195377,33.79373922272223,267.6733545061381,107.39243513936275,17.546158515686002,0
Manipur,Pre-Monsoon,6.061447275651067,3.033244947350929,48.348037128148235,451.03944651359075,142.0210369699739,26.029074256979825,0
Tripura,Post-Monsoon,7.328835183095758,3.133831554249992,49.3138255350697,46.24591427189045,146.46763445310006,32.08983328296013,0
Mizoram,Post-Monsoon,7.0450601920338425,2.198780431079533,44.24622683335169,314.739237099164,91.82168248098698,21.320537995759878,0
Assam,Post-Monsoon,7.559846947372913,0.8493005844522765,12.926961709541935,614.5578280724694,35.594001365657554,32.57608132004707,0
Mizoram,Pre-Monsoon,6.49847522536527,2.447027061647575,23.114352780754572,544.1845641532547,112.92600899735764,29.71313189392543,0
Tripura,Post-Monsoon,6.4127083590755225,1.887526535472115,30.49458908824126,150.87993200468637,131.4128651029279,25.906984109583966,0
Nagaland,Post-Monsoon,8.467676941137336,2.7926341196852347,6.106690644363921,111.93211963115607,130.4818734072399,17.249840508615545,0
Arunachal Pradesh,Post-Monsoon,8.32860627102692,2.3631834847080446,40.139960495764576,106.98373732696173,60.602963943315906,20.524549240935425,0
Arunachal Pradesh,Winter,7.961493712528989,3.6441817705813215,16.39185418717133,538.5266270617835,39.756484069802,27.087173196876822,0
Arunachal Pradesh,Monsoon,7.572162259556555,12.488686722034169,9.846635186270897,2202.6431966224095,535.4787614537955,28.69519228117763,1
Meghalaya,Post-Monsoon,7.224342017970823,1.367797040674476,14.079702538976086,88.70557771643743,63.9359761128405,19.290255703949335,0
Mizoram,Post-Monsoon,7.337873927889795,0.7851551019610286,35.801622807272366,530.0154228977659,148.74042333256975,17.244440601733633,0
Mizoram,Pre-Monsoon,7.59952399169272,1.669571257751679,30.621419300371645,675.7118112424614,62.253831441325445,32.902115597136,0
Tripura,Winter,7.063372714089516,3.2386362398611452,18.114462554803488,449.16222983681837,83.03710526870489,23.300361487927518,0
Tripura,Monsoon,6.619852567617342,7.95498555367689,41.77544598841082,3392.550347805673,799.1113242478909,19.06983391839217,1
Meghalaya,Post-Monsoon,7.371680648993018,2.6120457040343315,5.731724296226099,738.7980211505607,139.45996229743676,19.614664805847408,0
Sikkim,Winter,6.126911695404274,2.0321019497464885,35.571642212044075,101.38413099354806,96.83516196002448,19.266992011248437,0
Sikkim,Winter,7.2121568206601125,3.2301839061758253,29.733226819051627,577.2925201397354,70.46161963410894,17.86619372709042,0
Meghalaya,Pre-Monsoon,6.884951591184565,1.4165330505637352,11.52594388393296,125.32741042589826,50.550844394266484,33.7619091210313,0
Tripura,Winter,7.67122930284917,0.9635092745880972,0.4641503341763775,733.0244940896079,109.18177047006314,32.36141785496689,0
Tripura,Pre-Monsoon,7.65963040970336,1.5393035188639432,49.05915910331607,792.3620786755075,93.4444941044411,24.960196677109217,0
Arunachal Pradesh,Post-Monsoon,8.36002939047676,0.9357185259926466,5.080361094495222,267.2034442043741,83.5165295297789,21.601968933661414,0
Sikkim,Monsoon,6.063165110024308,11.924832005006936,26.464522796621015,1151.2594982854446,464.2798342348317,32.495232745327606,1
Mizoram,Monsoon,6.862143052375976,13.533918974327266,40.088087622154106,861.8640376049968,751.7953537772088,22.894688452127408,1
Assam,Winter,7.469008244803534,1.3041621782961481,0.17638101263449113,752.3108622779666,30.672414936458118,22.766789105194114,0
Sikkim,Pre-Monsoon,6.13113045727253,1.0639573170214351,8.825705933296724,299.32477111981285,107.79559778129446,32.22101173936811,0
Nagaland,Winter,7.437268507839769,3.404771159095766,19.788068501227723,499.9687148018981,25.642765999025535,21.55145067487121,0
Sikkim,Pre-Monsoon,7.970043978785341,1.7087140247621053,31.77796543499382,683.0159350124738,141.96713271291873,28.461589645924015,0
Assam,Pre-Monsoon,8.170278357391641,2.6796736348480366,40.539538771850914,510.760959000472,24.52723144264503,23.315015987899827,0
Meghalaya,Winter,7.834851264133894,1.8501256168163631,34.47589923080324,350.47376684360574,55.605398975211735,17.701793760348913,0
Nagaland,Winter,7.145698982102585,2.0099044174008167,24.766426480305302,130.44543354450977,107.57500697040165,24.578843390135543,0
Nagaland,Winter,6.97049691878961,3.288917782963013,35.38005991864767,232.7333381041665,66.20487185027451,26.535896382545378,0
Sikkim,Monsoon,6.353238073750901,11.58389118015214,48.929810171002245,1919.599090913261,799.710761216221,28.359779405113684,1
Sikkim,Monsoon,7.2360410651407765,6.0316566699135326,21.145808581661875,921.1415294002342,634.0821379386132,34.49939719673894,1
Sikkim,Winter,6.986763552349229,3.9987673269387667,25.608261455405067,14.595182405131801,67.99524321684072,20.24105792299661,0
Manipur,Winter,8.380656635393484,3.627609414963617,31.162188259977665,468.90910152022303,106.03581493815163,30.996803803269685,0
Arunachal Pradesh,Post-Monsoon,8.217095554712943,0.7632403113952364,47.94329989702555,587.7907708395923,92.81173651067724,21.463564934680754,0
Manipur,Post-Monsoon,7.4744839365988,0.6018501888346206,36.84849718353112,223.04334082607824,82.55044363051188,32.310129837139975,0
Tripura,Monsoon,7.886666656611031,5.154126920831557,40.772066247518495,4475.270883779282,368.846497071448,26.306974095942834,1
Meghalaya,Pre-Monsoon,7.651751759058287,2.2509551035588133,48.095540623424135,139.40041718822715,10.648721741906632,30.10324694033106,0
Mizoram,Pre-Monsoon,7.557375670911529,1.824617302847769,17.9082535544364,619.5249977476282,124.48527309103876,24.443427572173384,0
Nagaland,Post-Monsoon,6.187204965187545,0.7240412934680127,39.63244246955519,646.7295493968584,105.25732987495769,32.377920962087686,0
Meghalaya,Pre-Monsoon,8.154463048872984,1.9782982444221493,35.50003814928297,725.5701297716358,96.73867069908258,31.331244673270135,0
Meghalaya,Pre-Monsoon,8.298751471929949,3.655042136630357,29.402720651195825,62.7095083179473,37.07101538630545,20.724361877617685,0
Nagaland,Pre-Monsoon,7.923583960263987,1.8071119348628641,48.03199102433411,51.55035735684643,80.71208941313735,32.641073911970295,0
Mizoram,Post-Monsoon,7.278734481245869,1.4763001733344479,14.732335199969699,392.06054212623695,44.62029905878674,26.428554551339204,0
Nagaland,Post-Monsoon,7.29022639441626,2.9686016598136407,37.18131050999972,577.4802113113532,133.36539801759386,21.380276076841472,0
Tripura,Pre-Monsoon,6.653528098100077,1.4126714526185713,25.135306412812252,642.5744924950376,90.2387223388679,25.072308362044705,0
Nagaland,Winter,7.014638293649719,1.7162891581554531,29.48706996981857,527.6827469149481,71.62899955785441,19.470231459050808,0
Nagaland,Pre-Monsoon,7.985715701622409,3.8416759226888453,26.713073483071238,780.6233797748384,95.2918711699837,23.495813302909312,0
Sikkim,Pre-Monsoon,6.027798258806277,0.7569388981446041,11.94152374168642,418.30832913623397,80.43475405182355,19.525966055945844,0
Tripura,Post-Monsoon,7.250275438041624,3.150795951143518,13.147425705765997,577.44132293228,101.7068385145539,15.51952973444868,0
Arunachal Pradesh,Post-Monsoon,7.3954688903737615,1.742376505988835,33.506482369042146,218.616557305065,57.75589338134732,33.91037566417491,0
Tripura,Pre-Monsoon,6.178105043152515,2.486308614307504,15.063106164478357,373.6615729342279,27.61703360115179,21.415523138102603,0
Assam,Post-Monsoon,8.189479012819714,2.445235536294234,29.958563012663177,798.8398767778125,58.207965644990104,23.003333285918693,0
Arunachal Pradesh,Pre-Monsoon,7.689274260654231,2.6142695017284465,40.53676010844403,105.34499813380351,24.846212640066952,34.21530141262469,0
Tripura,Pre-Monsoon,7.395116712731062,0.6279829007435745,32.252038799475216,228.50247590252943,93.00942035918034,19.48906552247682,0
Arunachal Pradesh,Winter,8.016807394263823,3.502008694440665,48.054621240074994,789.0506192368218,110.91206346548809,16.923455496234162,0
Mizoram,Post-Monsoon,7.401309955618319,1.1064481618623185,26.97547978773729,369.0675166840744,110.84967480610544,32.24334503504654,0
Arunachal Pradesh,Winter,6.371978208665209,0.783388412866777,27.944554081796852,517.9930452750334,35.19905628002586,32.54385505272414,0
Mizoram,Pre-Monsoon,6.037794896715744,3.7831198295450736,12.208946190981967,143.23732219898758,37.18121645620337,30.026285495955676,0
Nagaland,Winter,7.005235264495039,0.8442748079142649,34.02130577275941,738.1401718023856,37.732136964902125,21.425491188727488,0
Tripura,Post-Monsoon,8.332344369969306,0.59811995945902,44.42504553948602,298.14564268285807,50.33520198854953,28.809915043184077,0
Meghalaya,Monsoon,7.669696288571723,13.842508494396018,10.275349124643107,3174.1637673174932,709.8723349364634,15.744420342033985,1
Sikkim,Post-Monsoon,7.614676948746169,1.9173449121509596,1.7993438701055298,131.36761062237917,118.76611221178635,32.125603096844955,0
Mizoram,Pre-Monsoon,6.48357992961122,1.4370576076659973,26.347890946454893,76.8785414438732,58.127957423745634,24.418713599222535,0
Nagaland,Winter,6.187246230108535,3.8472054725248928,3.6422167329706765,357.7060694247753,89.82874949547434,32.20778381529989,0
Assam,Pre-Monsoon,6.882583415809844,3.749144899047268,32.01347109863686,100.88198362770996,113.97827525771432,34.42839843383502,0
Assam,Winter,6.700995267972756,1.9346548119974,16.077973009675688,64.66144372596577,50.51294083069774,25.35889178611996,0
Arunachal Pradesh,Pre-Monsoon,6.433510420509561,3.323787329577474,42.82046351602803,754.7462269533968,63.36443390165101,17.87122651745411,0
Nagaland,Pre-Monsoon,7.14483240275398,3.967382597871994,9.069146968161428,666.0770101761958,15.409811688832812,32.832917127312264,0
Assam,Monsoon,8.4770100559692,7.059686029553035,42.29100209753941,780.361344374902,697.1724884160076,18.147959777815608,1
Meghalaya,Monsoon,7.3029056976606705,7.6243941787762886,9.632387425071986,503.7127365483018,670.1443639283262,23.105391132962936,1
Meghalaya,Post-Monsoon,7.269574047163129,1.5801643233603693,11.951709925268473,762.4201209758453,77.30709767354085,34.21647093429769,0
Tripura,Monsoon,7.143122043783082,8.527668260588666,45.753038686890015,2416.2861955216495,354.5832001969169,15.199542931318092,1
Tripura,Monsoon,6.844564408535455,13.316964340716636,20.700817258089653,3014.4501043710193,309.0460647315863,15.39147508326021,1
Assam,Pre-Monsoon,6.777624140717293,2.62951423839787,7.960151843393282,146.1793740593678,144.17108398501426,33.39911023444808,0
Manipur,Winter,7.5819666334925255,0.7123729556420894,20.654084988424493,709.3865472192604,59.92696580177433,22.69212958986894,0
Nagaland,Monsoon,7.143751681082489,12.605492659473514,47.37215463428785,1325.5416271634294,687.4709666235892,17.115784381085323,1
Tripura,Monsoon,7.955775123697357,6.19009221383385,35.834892376173386,3860.8816431904183,363.6395545718602,18.488032319367434,1
Meghalaya,Pre-Monsoon,7.55031641101513,3.236441611703108,33.0239789407869,745.2310114406574,60.56978134078684,15.092385885339732,0
Meghalaya,Monsoon,6.722789067080541,13.80424433817388,5.085606032316265,3633.9500547184234,788.9108300954172,15.151027115802613,1
Arunachal Pradesh,Post-Monsoon,7.043485036935083,1.7909400515784766,30.859653536642,257.0636908254272,136.31618083331642,19.602979625368803,0
Assam,Monsoon,7.286597275010982,12.938097587390947,6.13776878473355,3626.692876727382,558.7777765916034,23.345500498200508,1
Manipur,Pre-Monsoon,6.655480522987098,3.4483377203067147,5.362750332457394,169.17297319220125,84.70450585343701,19.12740438915161,0
Sikkim,Pre-Monsoon,7.55143889855032,3.8700183102295256,16.134415286081744,533.0077277826032,132.05040970397198,30.924798008705043,0
Arunachal Pradesh,Monsoon,7.6477000874936465,10.51769711914773,25.812919802614186,992.4922464690318,745.0204298875876,34.847600198452,1
Manipur,Monsoon,7.561834562532965,12.125149511090115,5.286845424610808,2645.4628030306008,573.1449279329254,30.47300922171874,1
Manipur,Post-Monsoon,7.8711377390590265,1.7234166947527136,5.304671136796157,347.91347167006603,65.99622184395204,18.071093054612653,0
Tripura,Monsoon,7.925581764168515,9.353234176485874,47.09806611839788,4205.61357729991,459.3248328849677,24.960794935648213,1
Nagaland,Pre-Monsoon,6.710153637944337,2.659147655266904,47.31736780589752,75.77555623445389,143.91967433214353,24.986435823967454,0
Manipur,Winter,7.38915114876645,3.1590557119679143,21.76972355009404,638.5512033327583,21.38336559233398,31.641324813164452,0
Tripura,Winter,6.6777349061027795,3.2303377368844135,0.7055359701573782,682.2568238298699,10.489585295439568,19.89448728666497,0
Nagaland,Pre-Monsoon,8.1672069922802,0.8700269801061307,36.16497777828332,203.4862079019352,64.78462032240073,27.788110212633647,0
Manipur,Monsoon,7.202184631957039,6.1282878637173,28.929265421441343,834.5671807944545,303.2709250485844,34.30101527858475,0
Mizoram,Pre-Monsoon,6.013338879881209,2.9378560453627927,8.663285451758169,63.806052248155055,82.87038688443297,25.849691981535234,0
Mizoram,Winter,6.022438555414768,0.8515803454796633,40.2957539792296,466.4324283517623,86.74878941618124,18.26774024989553,0
Sikkim,Pre-Monsoon,8.324566551409596,3.4261937084718546,16.328867977768407,571.1221986170882,115.77949648238118,16.279948471180564,0
Mizoram,Monsoon,8.23870081585121,14.048811478352391,42.153722262220754,4997.641583859902,569.481059940967,26.044257030024944,1
Manipur,Pre-Monsoon,6.199909941577026,2.7966229882597675,1.2299721060711366,474.2775457575457,122.1716028973962,30.40346280406869,0
Manipur,Pre-Monsoon,6.6107719919395835,1.67827965417567,5.195813626334411,649.2752593307496,91.34266766693295,21.468785234848376,0
Manipur,Monsoon,6.2936928574501,9.436036952888195,24.30528221806413,994.5533307506628,655.6325747661252,22.577083194858695,1
Mizoram,Pre-Monsoon,6.442518264629358,2.069263641698324,47.27435352317639,786.2293943742818,39.61618020929501,16.641628374495763,0
Assam,Winter,7.729870378658049,1.5130522788434912,26.92898994694634,228.82154258140375,80.73631057484238,22.158320860865366,0
Mizoram,Post-Monsoon,7.118186145605437,2.4275746029706586,21.89396334544978,424.235314025113,100.81631501086711,23.762109297896902,0
Tripura,Winter,6.028847293384326,1.3244087815500976,27.38471417087993,637.6040639072759,96.98023777498561,17.271638867510358,0
Assam,Pre-Monsoon,7.57296037920142,3.408384160561444,39.24242622440817,428.0575180543585,73.35624277458732,31.879102519628265,0
Arunachal Pradesh,Winter,7.3163201142076675,0.5158628594013188,41.861624240502145,243.0517359767737,31.896044957128694,21.117117933328753,0
Mizoram,Monsoon,7.145071864328977,5.707592102027829,2.2269025709489574,4149.042131982365,783.8740921740581,31.489211228520773,1
Nagaland,Winter,7.103435586237566,3.7359474813785676,14.862995953877178,128.81693014957236,20.489646516841166,15.245090097094762,0
Arunachal Pradesh,Monsoon,6.379268395636508,6.058640538145724,42.07421013006721,1358.643940599352,600.5120533975103,28.849447608397128,1
Assam,Monsoon,6.693331603123221,13.416977932560886,5.069287089149927,1916.9916147947933,304.23005895810877,22.927911982046247,1
Manipur,Post-Monsoon,7.494369363953818,1.559328624758117,49.83266392035375,568.8680146989283,117.01872705647706,34.43834575117539,0
Tripura,Pre-Monsoon,6.451087690328832,1.9521852411984753,25.060593057171314,421.2177201227538,99.28643079408843,27.325465101345173,0
Arunachal Pradesh,Post-Monsoon,6.507048843226363,2.922099952107581,40.428729622011005,237.31176639986515,131.75905727664585,31.297221639096055,0
Assam,Winter,6.488892738987764,2.1390471777823206,21.98279453165738,634.9713829339787,119.33000658443478,22.357197987148503,0
Meghalaya,Pre-Monsoon,7.307352589621853,1.7089538996190157,38.03604291611447,521.3888001651626,132.33797206560286,32.465016032260614,0
Sikkim,Winter,8.378086515658868,1.5370431724320963,21.635778667799364,420.85842274908,84.88995298215839,21.429744121993682,0
Manipur,Monsoon,7.619297616491706,14.360012122980013,41.62930116037878,1226.3058993803447,452.0962319290834,32.48781525834964,1
Manipur,Monsoon,6.5673926917013175,6.455801327907932,11.661150659111108,1673.0710631169652,626.5652299848853,29.635614139805206,1
Meghalaya,Monsoon,7.897839266872513,13.926449740199917,15.640125281663725,825.070795918382,385.489811186929,19.505162452605802,1
Sikkim,Monsoon,7.382955006253761,9.813123060124857,15.021379343945812,1353.5808761178182,736.8679083034006,34.47636744675694,1
Nagaland,Pre-Monsoon,7.948581797138758,1.839877023541951,6.7785436847666745,335.61467363069295,123.39509609166392,17.079476431692356,0
Assam,Winter,7.320380979640305,3.8112650007241413,24.505995911312866,508.132214938388,25.234563681127238,33.24948689295536,0
Tripura,Winter,6.405203127755406,1.4880751353093309,1.9037778689940887,324.25317239206004,31.296478755441836,19.4195333992995,0
Nagaland,Monsoon,6.720703291288585,10.626492946636859,3.080235210512816,1511.5577826373237,393.6481468733332,19.60793321607582,1
Mizoram,Winter,6.649091732394302,3.864861741579638,10.764133914290541,785.6070834828278,98.18331439111643,20.33011883235189,0
Mizoram,Winter,7.249521664771895,2.5008961785965242,14.940680812022983,778.0652291872779,74.40458926892215,34.0626329045305,0
Sikkim,Post-Monsoon,7.076601090682262,3.8991537879317555,40.79350844132105,374.17229269208605,97.13227190662637,19.617937870458167,0
Meghalaya,Pre-Monsoon,6.8072640285025665,1.4053737287923487,34.304861450378915,664.8778853104816,131.62556990272157,23.193467675970204,0
Nagaland,Post-Monsoon,7.715566783582781,2.9384437057419714,13.754054307170687,603.1524592710379,122.83217906906782,26.30626097618272,0
Tripura,Post-Monsoon,6.087810045765844,3.308187714274866,36.58377521635895,400.15506128184666,147.82353423061664,25.20975220292005,0
Assam,Post-Monsoon,8.103134951673338,3.2623975423016325,36.93896141301907,26.89609778968636,138.30036129638904,21.92726459774989,0
Assam,Monsoon,7.21525999785495,11.500664356151542,10.58208070943692,4350.2794245448495,605.9143725757299,34.58138227895262,1
Assam,Post-Monsoon,7.368293968893521,2.873191405343468,41.162144283688015,799.1475777065064,97.13712566362976,26.974208094793113,0
Sikkim,Pre-Monsoon,6.269350299316135,3.121295322277915,25.95099014626594,360.08795335064315,61.667406711444556,23.509501324591245,0
Manipur,Winter,7.1522178313495655,2.0411036495324253,10.72278453402401,612.7035579664953,81.97089498662027,27.391810890085548,0
Manipur,Winter,7.700525800800977,3.279118018452849,27.589455094111454,472.83361412394015,61.1076207455258,29.816187274137746,0
Assam,Monsoon,7.296441049036371,7.969800618669407,6.333808865113388,553.877762351331,795.3161868787643,19.894555955602755,1
Nagaland,Pre-Monsoon,7.274911260226286,1.1689496274547917,29.551569831792946,522.8476089940415,114.4761996866128,15.23540752114629,0
Assam,Pre-Monsoon,7.066961583338294,3.995633904507547,42.02045986906912,113.08869085801487,108.285653745509,34.17144769594866,0
Sikkim,Post-Monsoon,6.34028067757275,3.93834074121532,5.382488859680057,439.9896463592615,63.26521775781822,24.039683160738434,0
Manipur,Pre-Monsoon,7.697155862975914,0.7123004915552962,6.498008152168083,407.51308666620355,131.35705768788773,20.217272061640998,0
Meghalaya,Post-Monsoon,6.569469509798434,3.741922368996762,21.94711418722257,552.1073193926021,93.59384910497516,31.39403232388647,0
Meghalaya,Winter,7.083049023737422,1.1586953146417267,49.96911862784906,345.0960703434533,46.738866806031595,33.00011600753565,0
Arunachal Pradesh,Winter,6.536043516332606,2.1250300550924672,16.111167447509438,767.7109448643838,122.70413656576271,24.27965683140065,0
Sikkim,Monsoon,6.229734045862503,9.125074545814723,25.956012358473462,1106.3237595633977,402.2910517710932,19.717049341223618,1
Sikkim,Winter,6.297991803250734,0.7550901619620288,14.180191165032497,117.8722744934759,37.00184085926219,33.992842898195015,0
Assam,Pre-Monsoon,6.731438881143599,1.3517121839298505,5.789336406632273,580.3448613123047,103.07440251889467,30.721179419930017,0
Assam,Pre-Monsoon,7.072876458958158,2.874179944116893,24.674954326849168,719.8997547727841,19.337246727836707,15.393062665231492,0
Manipur,Winter,8.099666879675043,2.8833267037739234,43.931723451846906,215.4787583431947,137.18112433229106,19.591971028101867,0
Assam,Monsoon,7.266820070750614,9.304396946656814,19.13147962589472,2723.3380239385824,525.6857353017685,32.90800304717958,1
Manipur,Pre-Monsoon,6.483828992615695,1.1520674116611245,15.976308446060738,225.97119622761107,44.3113889168631,29.132805816139086,0
Assam,Monsoon,6.362834206892664,7.967355424715591,30.60034372571347,4691.007529050882,752.3923380341555,23.06442885958758,1
Nagaland,Post-Monsoon,8.124148170282243,3.4759741555176342,14.136626072800308,157.59664414039946,99.2315547591507,17.54673409313473,0
Sikkim,Post-Monsoon,7.702981496337584,1.162158095277451,36.85032573367392,211.90000181231576,146.648966933201,24.90867972824701,0
Arunachal Pradesh,Post-Monsoon,7.801600795035431,3.8841309948662395,43.60464756308623,567.0650489283809,32.83943501634889,23.979815729917647,0
Tripura,Monsoon,8.13426898360489,14.52252374254146,7.037377532950334,2448.6357006394383,786.7918534142689,32.88811965908256,1
Assam,Pre-Monsoon,7.037977615620487,1.5194322362868458,37.85831379266734,76.89310047968421,84.89871003420679,34.743904432674555,0
Manipur,Post-Monsoon,6.8897722252842675,3.610943266893303,28.796687795636178,104.19683939499622,60.032388142387134,25.75409835201889,0
Mizoram,Winter,7.727167201464763,2.413485216421627,19.76599203587223,736.4122984510777,45.27717402115893,15.759690005999182,0
Tripura,Monsoon,6.975557381488746,14.217694731530619,44.32917945970885,2994.2732991470048,414.98119806108593,33.70176301126648,1
Sikkim,Winter,7.310890078143083,1.413498188187987,8.215796399716185,90.97898742667678,120.26160062208143,24.116968342156746,0
Nagaland,Pre-Monsoon,8.295658346180915,1.8015692861049466,37.742344411067194,348.2578617904244,125.75474341205161,31.379081370359547,0
Assam,Monsoon,7.298182128847919,11.189595466271381,27.518380779142987,1551.3795339476671,472.9810299114247,26.30662379881034,1
Sikkim,Pre-Monsoon,8.420592077293337,2.384533701242846,9.02421467988545,257.30926251717483,68.2101800818758,18.516860214195603,0
Meghalaya,Pre-Monsoon,8.470834866468417,1.1531989616224474,7.500470552161353,769.6268240898498,131.34680471727353,23.207909901046357,0
Assam,Winter,7.096738917616624,3.1290577780277578,32.15069661258614,100.69120336571333,74.40663947555613,23.12477352961909,0
Assam,Winter,7.304795854741969,3.927388661754261,33.77289694254377,555.5139476727893,121.97033111010172,21.01100972777421,0
Assam,Monsoon,8.135084092109587,10.518725044448876,40.61409728075678,4335.028762767308,486.03572969093887,23.232656448131195,1
Sikkim,Monsoon,7.301767714299688,13.752924239414,44.05355668654185,2965.921317077322,789.0932589862346,29.703715589051214,1
Arunachal Pradesh,Winter,6.209910412142623,1.9680369004493188,5.630063914002842,143.39346008376037,12.430724067210022,31.758270699625683,0
Tripura,Monsoon,6.471084314220498,11.65362537985418,42.71928008479299,991.337573480514,699.4551090009666,33.08690156874457,1
Tripura,Post-Monsoon,6.874486633773033,0.9841937213888654,11.290604491339185,469.98072011575897,124.1854512760383,15.349589133265614,0
Manipur,Winter,6.124780072667954,1.6979248216776415,10.708401396888279,204.36146535589052,94.72553172014592,20.86176215169605,0
Tripura,Post-Monsoon,8.151680682696895,2.642900056915043,12.650268148452875,640.4641937408134,85.35628508265492,25.404876259259993,0
Nagaland,Post-Monsoon,6.583337480504122,3.0118979296731574,22.882287078562925,517.9437381310173,102.02036019874984,19.011723218176286,0
Meghalaya,Pre-Monsoon,6.106785561868692,1.1363062234013213,48.12694516872838,785.0748842323923,37.126195211562134,20.832385674944536,0
Meghalaya,Post-Monsoon,6.622562520446744,0.7233663366171991,27.246765795132365,72.74595039894818,14.026789518213704,21.176181021402055,0
Mizoram,Pre-Monsoon,8.497168646507689,2.9273865588317642,35.04356925898713,359.3966778153274,74.83302375134075,23.573875771046247,0
Arunachal Pradesh,Post-Monsoon,6.303862401406067,3.594844812218719,10.314770450883149,559.236894317715,72.34920261101367,16.598519958839763,0
Assam,Monsoon,7.444208339535971,12.537113864757698,27.23184228922823,3981.0283759126855,445.14636199157883,29.292456477490756,1
Mizoram,Pre-Monsoon,7.4580298326481245,1.6102176805166857,45.373367069262564,333.32241945739355,83.71647299873142,32.675970091009845,0
Meghalaya,Post-Monsoon,8.110543253007492,3.9082972290732076,34.84970806470556,632.9513181763755,145.54986454100575,20.36599766775534,0
Tripura,Post-Monsoon,7.244533699621854,3.8204925422604195,25.093015735287526,671.9192825793334,93.87599794125613,17.448052463235314,0
Assam,Post-Monsoon,7.262902467251772,3.4837824575797933,6.367370028947228,426.9289486155454,97.31725205981942,22.368378448424856,0
Mizoram,Monsoon,6.958121999652111,11.19349436457239,47.87494158092096,3790.99885261431,462.0483609338027,18.593051737906315,1
Nagaland,Pre-Monsoon,6.718402845674142,0.5684458458320715,41.81254318587685,414.25893314002263,81.40290481672513,26.860631969403684,0
Arunachal Pradesh,Monsoon,8.161666339605137,13.070238048908216,31.241364807878607,1669.2037268089978,641.3585679579135,15.986139550384424,1
Tripura,Monsoon,8.002953063089427,9.856622993434815,21.50210661091257,2452.452118669965,579.2023521071226,26.58109798785266,1
Meghalaya,Pre-Monsoon,7.611278906814773,0.9546177918951977,38.07726699756584,153.07392386625077,49.83950028874912,17.51130977116825,0
Manipur,Pre-Monsoon,7.9331719614343985,1.8010525107915663,15.205790570746846,388.0951833714803,116.05377164350284,16.60549891984392,0
Nagaland,Monsoon,7.959590024174633,8.460758720248101,28.43279405096999,4196.576430958816,616.8576079632121,18.36858241863644,1
Tripura,Monsoon,7.185362311461851,11.07157163956413,40.83968360737762,1617.6061742304273,554.4686128180679,33.44606025071268,1
Mizoram,Monsoon,7.1742163862646535,11.261391009062786,38.578602004441606,3896.4057980126427,499.02497062698035,20.237558115770998,1
Manipur,Pre-Monsoon,6.8124451610028345,2.3608407092147896,15.719741739311793,643.5815048590393,68.73966197785039,28.811150194421515,0
Assam,Pre-Monsoon,7.41624516768004,2.2206109031783843,40.939132185255936,306.62777942487156,19.462849842300926,17.136509633917882,0
Arunachal Pradesh,Monsoon,6.940345198422646,10.682172283482355,20.124188756815254,670.5428584785366,546.2176738226922,24.633644745659865,1
Tripura,Post-Monsoon,8.432119464181245,3.343040560672257,32.08037082052056,647.2977710235018,104.24125672668495,20.576163422970055,0
Sikkim,Pre-Monsoon,8.174371100825716,2.843448709155676,17.572776073983114,68.8809123284777,11.746045172812568,18.066936747782492,0
Manipur,Monsoon,7.088422145616831,10.7905562702898,27.373355724235836,1500.8260127559133,396.6578400396205,20.434387738774376,1
Arunachal Pradesh,Winter,8.19173534104165,2.144121317224937,42.15115449600006,598.0616434427905,119.83336928700818,24.83635370210947,0
Sikkim,Pre-Monsoon,8.279111687567726,1.905752102785355,34.676210956302214,510.50410031443454,79.32203164451843,30.28769833479184,0
Mizoram,Monsoon,8.350380040505218,5.200952022632666,11.130703874053971,2768.0784068692337,774.6955352414254,16.006457681478494,1
Mizoram,Monsoon,7.289134266383874,6.341483906163018,0.5273693066007945,577.9304993168588,591.7128445209416,29.717609504378444,1
Mizoram,Winter,6.975954650166099,2.5583660387766534,24.067715521291728,736.2725362917405,66.25769812452663,32.592517389120104,0
Meghalaya,Pre-Monsoon,8.433020517016416,2.3100351497850107,7.695730471801488,297.9871545552462,120.66719517293853,18.363020909562664,0
Manipur,Winter,7.838601461944302,3.8279714869344774,36.39298019745422,648.5619593372464,22.363433669978352,21.72727479285139,0
Mizoram,Monsoon,7.8046097265866985,14.599874608732799,15.93346767334486,964.823346514047,704.1501771009525,18.047600192647224,1
Nagaland,Monsoon,7.772562923085007,10.787713624146436,3.1777127533858582,3509.6330557920346,710.1532883803035,29.12716860174779,1
Nagaland,Winter,6.991124883787619,1.005042219446667,5.176031977820767,464.78686538396016,43.03910928435632,18.54796136015477,0
Nagaland,Monsoon,6.623575817849804,11.088548428233612,42.443155160226986,1083.4919682030586,795.1098556475308,20.956715848853158,1
Nagaland,Winter,6.5527670624961765,1.1298738623757822,0.9219402149097222,774.9139068645046,137.16968575055768,23.46823773594267,0
Meghalaya,Post-Monsoon,7.456847257038412,1.067342201218693,28.446192867717922,672.4604735021169,20.274296251367335,17.269107289855363,0
Manipur,Monsoon,7.586829607223873,12.96238976931869,9.553172349587008,2764.9822664007183,492.72867414287515,33.200714870599285,1
Arunachal Pradesh,Pre-Monsoon,8.228265395550899,1.0639087011333561,41.46962560197881,125.10870180773075,132.9463762202911,27.369210304931507,0
Assam,Monsoon,7.725096812248591,12.880988771500869,15.949558735529695,587.4430345687147,562.1251838032244,33.48726895109034,1
Mizoram,Monsoon,6.102412488355721,7.77370558863419,44.95887156979255,3049.518839342622,379.9139345427061,18.716231254667136,1
Nagaland,Pre-Monsoon,8.336925975551514,1.3061150242938118,42.34333057861296,236.49625403906424,17.20522666030186,27.44897336246886,0
Tripura,Post-Monsoon,6.5703638400661255,1.5873062275648973,27.55890135764567,555.7692579049256,62.215019640350235,25.64310996208868,0
Sikkim,Monsoon,7.065928806299349,6.146029935097101,0.37868541001535583,1811.2897603442827,669.031606680852,34.74089254965112,1
Nagaland,Winter,6.383295576551151,3.8761311959431675,37.37350804650719,267.44329639125135,108.42179644609456,29.503692377887283,0
Tripura,Post-Monsoon,6.597209214359873,0.6416470233231477,5.750565255956613,292.0313538779494,82.48289430000176,17.160642163831348,0
Nagaland,Post-Monsoon,7.323104212880224,2.141782911357013,33.78355244175669,219.15566854962356,65.49307381155874,34.921915021546084,0
Meghalaya,Post-Monsoon,7.242476527501063,2.8288010505741306,9.507726217967589,553.233244281469,28.31667658672879,20.47014428404568,0
Arunachal Pradesh,Pre-Monsoon,8.1578876097429,1.0913506114605835,37.77865836965265,135.9880750507808,114.81679272539378,30.334022213967852,0
Nagaland,Post-Monsoon,7.400396624423937,2.828347761010218,40.51513706737747,24.944652480423912,11.029974269557046,17.436341848425567,0
Nagaland,Monsoon,7.348635008210532,10.94259749805697,15.407304560949731,860.346523694215,758.9386278259569,29.18458780471511,1
Nagaland,Monsoon,7.188939577088998,7.574063903804441,16.639075868329467,4424.116221619704,325.9659654881504,34.88128846515039,1
Mizoram,Pre-Monsoon,7.921406385388606,1.8002801610139973,48.41563494283279,310.63447198410523,48.71623626710134,29.381360699602183,0
Arunachal Pradesh,Post-Monsoon,8.213150438332434,3.034868584007337,17.28195821914052,328.1734043356769,93.19976989970786,25.32471591020107,0
Tripura,Monsoon,7.753665272446115,11.110274186663535,35.78594035460625,3634.8052965182205,684.2129396850769,20.949567076085753,1
Assam,Monsoon,6.47404898233113,12.693255361786285,6.562687929118977,2557.622783344543,551.0105374020472,22.077893194367242,1
Assam,Post-Monsoon,6.3802062048022465,3.3769437827490347,48.75976443098717,45.17353328233274,85.1488042335103,19.7631111028862,0
Sikkim,Winter,8.340256439257724,3.967626544258309,9.622281261064753,212.16185506981978,131.8294682831113,28.956637599049138,0
Sikkim,Pre-Monsoon,7.26534091724449,1.2675786817702757,37.11473033681262,420.0469917393287,63.16077435004637,24.887636522886055,0
Mizoram,Pre-Monsoon,6.0601104757609106,2.833129776610096,36.79231447388533,460.063116295618,139.06211825436463,16.325033189065017,0
Mizoram,Winter,6.977449621619372,2.2769671472867383,47.91088950805319,201.73122521217826,67.71336009805842,30.55766693202485,0
Nagaland,Post-Monsoon,7.087346114894774,2.952530977315679,29.292646373788557,334.02181161009497,13.637108922911237,18.615760263396016,0
Meghalaya,Winter,6.166200734297081,1.0899500295729792,6.222584853966051,786.483601517523,39.20433515116949,29.47298959201129,0
Sikkim,Winter,6.193729020704727,1.6047986466427928,2.1621976479956673,698.050705605739,50.41983921780356,34.16016615950822,0
Arunachal Pradesh,Pre-Monsoon,7.611028806452408,2.978960664455915,21.491907467814652,159.1285103552638,122.54933610366993,16.17240260510254,0
Mizoram,Winter,8.2455744285936,1.6428864248106205,14.694431305414652,144.5393536698234,33.48533696245975,15.383142768221184,0
Tripura,Pre-Monsoon,6.7158677552346875,3.707950106505311,32.36876176153834,581.911383964885,132.55103157214887,34.756820907329384,0
Mizoram,Post-Monsoon,7.8205910764649795,1.0917350406871684,36.213507534434,541.8173684731053,84.10713771500374,22.599117868641954,0
Sikkim,Monsoon,8.198450718623793,8.999870049837888,19.775120415552088,2785.1059627899176,409.8256708087527,33.97556388107523,1
Meghalaya,Pre-Monsoon,7.476351511113727,3.2950389996843534,34.44697608263637,520.381645061178,43.18626192588069,31.384170340717866,0
Meghalaya,Post-Monsoon,6.105588523728514,2.1180217818405342,0.22564880775460816,727.288226930728,21.1098517249023,33.88403044285173,0
Tripura,Winter,8.1683095771042,2.880378022195924,31.58554723961927,302.4833254977944,142.9944088786049,30.85157489620188,0
Meghalaya,Post-Monsoon,7.421840896347568,1.3118038996670265,29.38075862745914,84.37684002829795,82.22726501845692,20.56167189590342,0
Tripura,Winter,6.871537045358761,2.3734447923081268,8.006139046977124,484.45754560339026,46.1156669202973,30.35325437598848,0
Nagaland,Monsoon,7.2556904758905185,9.515188152561166,26.026706139919654,4903.047776460009,513.7099154774796,21.89824845866806,1
Mizoram,Pre-Monsoon,8.13806263114016,3.8270220637564325,32.04275183689975,449.2760289281101,51.56680763541294,33.15660770672072,0
Tripura,Monsoon,7.992642102737843,7.617660926924307,32.8782953089326,3669.4084491640633,422.38612297900846,34.85878326749176,1
Nagaland,Pre-Monsoon,6.940449037621119,0.6578388780313678,17.043089289232665,746.3898641822038,90.10907186952693,20.866860192717976,0
Manipur,Winter,6.528494548120408,3.073285469800963,12.990811673576319,663.407272135646,14.367096033919658,28.727743516617522,0
Mizoram,Pre-Monsoon,6.947110594288116,1.4725312626822316,4.73344566416154,651.869769981569,136.97073194432375,18.946530246451708,0
Mizoram,Winter,6.426945377328819,3.2380447640696897,29.1717445748965,558.131087729843,86.58516082987299,21.44945088800957,0
Meghalaya,Monsoon,7.904052077627005,14.262919182602511,42.349412496641555,2710.9092364434564,481.05132696963574,29.532155737373856,1
Mizoram,Monsoon,7.212109697563084,11.773894992125339,0.9841818506281297,1768.047104606397,531.0167609996942,25.94031211461693,1
Meghalaya,Post-Monsoon,7.154291723064806,0.7959016363070757,26.94106595360918,331.33235525632637,40.60735620575159,32.522523647199364,0
Manipur,Pre-Monsoon,7.636875507533491,1.6009774652709925,35.65820902429079,375.43165182661124,59.7857004423437,29.290134864834336,0
Mizoram,Winter,8.162817242908467,1.5392939062908269,26.59934895603533,291.16602778935174,121.22760875493837,22.8523841272547,0
Manipur,Post-Monsoon,6.53686449152313,2.425025190464148,35.856203563292055,112.95752567641529,137.86916742976217,34.454749660780465,0
Assam,Pre-Monsoon,6.229008364590923,3.5675839368589006,10.924427543419824,430.78175072355344,148.18304456804336,17.168740386808054,0
Mizoram,Post-Monsoon,6.958746057445193,2.528793007002679,39.33127263863078,357.9480990918985,116.18091108974798,31.01892249586475,0
Assam,Post-Monsoon,7.61064630858894,2.9343389076362607,22.36610436847283,157.3397457033439,29.49911573145848,21.88296209074651,0
Manipur,Pre-Monsoon,7.59079759576753,2.293647424050367,18.31541357513035,754.8501469123566,55.052786463483336,29.586347823935654,0
Nagaland,Monsoon,7.754398507981101,9.673894317488179,9.412527319686825,726.1720822219297,513.9659142807966,33.54014783783984,1
Meghalaya,Monsoon,6.792789941960972,6.701106940192043,1.3173232109020216,1845.1339183715816,505.13863639047804,17.596116687584974,1
Assam,Post-Monsoon,6.657065322213595,3.573461647767976,9.24678405213264,115.13293062302814,138.14062346571666,15.134825830741832,0
Mizoram,Pre-Monsoon,8.305407196500418,2.487022797138218,13.5755843387109,475.6984126656673,44.62023428783661,26.825253889639313,0
Assam,Pre-Monsoon,7.331409207872551,2.8745443257729564,17.70167945528238,159.71746480022117,109.6788807721191,24.2286927485031,0
Manipur,Pre-Monsoon,7.491744801649709,2.524910231524424,17.077290726304682,390.39441476245685,25.03227573903271,15.608041040703505,0
Meghalaya,Pre-Monsoon,7.869669431696629,1.994519477692472,10.736825655385912,698.7141155936597,54.16255434676363,20.146084244871545,0
Nagaland,Pre-Monsoon,8.282112245474385,3.49816315113339,2.2108387589131473,315.3733211978003,95.61852518189058,33.98080725388343,0
Meghalaya,Post-Monsoon,8.07206349959273,2.2922586351502385,22.52843079042877,149.32585122855463,53.76269750320329,19.369594295265504,0
Assam,Pre-Monsoon,6.731569544553716,3.8436256443691668,4.014782170792147,295.947751008228,78.39416682082873,16.18788189635,0
Tripura,Post-Monsoon,8.045844302562486,2.2639924284384305,1.0656762246425644,524.3928397819201,71.287211040554,23.058089023546433,0
Meghalaya,Pre-Monsoon,7.512515071471823,1.5876202723954944,34.376483098111876,338.7948660383295,103.32217399148742,28.11679433371135,0
Arunachal Pradesh,Pre-Monsoon,7.064338412231476,3.103542932368437,8.212103350527823,602.3777581474981,68.83137701945228,19.11317652216204,0
Manipur,Monsoon,6.188686752901361,13.788045460606615,38.75866610763304,1415.227707798976,366.41019633841614,29.38810714698782,1
Manipur,Monsoon,7.595802039798875,11.963497831944713,45.83026610885156,1402.2014600346674,752.4068048500984,27.242652861419593,1
Sikkim,Monsoon,6.211763774075743,11.65359113935341,39.47962079493082,1678.3691558682124,446.5141292565876,27.98488872708643,1
Mizoram,Post-Monsoon,8.207430733039718,3.5986771880265285,26.261707957122475,716.0973105664508,141.97377717351785,20.90529651123147,0
Nagaland,Monsoon,8.165863566280308,5.088301400822685,10.369024855914683,4371.807918240147,446.5373687973567,24.93293583418015,1
Mizoram,Post-Monsoon,7.736818830888224,2.2397484841907915,49.21742339261823,590.6898377900363,60.332965910595355,21.720824019082997,0
Sikkim,Post-Monsoon,8.121920257252349,2.33910578853769,39.64519992118026,120.7464590604141,132.9708382968725,25.922629048127867,0
Sikkim,Post-Monsoon,6.3947729985137025,3.4649036873513026,35.41764646663055,526.5272071134749,57.65370056122779,24.82508481678869,0
Arunachal Pradesh,Pre-Monsoon,6.547194557667532,1.4261619142883768,32.77014787058505,436.9457106204946,94.50203284416027,25.413640551319116,0
Tripura,Pre-Monsoon,6.07306849261827,3.737594982156348,34.43748993590583,402.3608034633165,77.64447216900847,34.00953748226811,0
Tripura,Post-Monsoon,7.790737844104407,1.879692949328507,14.15270199379714,484.28684059920613,132.67067004813524,16.775975562380903,0
Sikkim,Pre-Monsoon,6.004667748446728,2.3873720089703965,36.00463770399263,357.14548474011127,104.87290562754362,26.21732624187708,0
Mizoram,Winter,6.770471958257936,0.86814433880786,48.415529084076475,79.60313582096592,82.45966279978099,25.52432454083452,0
Manipur,Winter,7.272479158829791,2.107998035739477,7.897816957793252,497.39823306342305,135.51510944993066,18.59133648785579,0
Sikkim,Winter,6.32051678664636,0.514878970054689,37.10556864213582,543.6550658174772,89.14074283885154,29.210984611369472,0
Meghalaya,Monsoon,8.35776030748317,10.012478569107355,41.09812584996316,1128.4296948291033,491.71156896692565,20.049901899928063,1
Nagaland,Monsoon,6.665672645958566,6.99450030049916,32.05298253436252,1752.3038656697559,607.0431316432523,19.771677704907567,1
Mizoram,Winter,7.531413526646926,2.6629933086225877,17.197625447986788,789.5116123747765,70.20785928408213,25.10761715964319,0
Nagaland,Monsoon,7.214491572917382,14.230213568727459,7.923463472477865,4217.678542999872,479.7927809828594,22.037025711913714,1
Assam,Monsoon,7.828297848158031,7.562968724892849,12.643561904651957,836.5994754003398,562.2819149236685,28.312988409896704,1
Meghalaya,Winter,6.669082817707185,2.74810229496781,2.6305508636523536,620.4279431560578,121.08408431590448,18.312930328532794,0
Meghalaya,Post-Monsoon,6.899857447733758,1.0963600934131827,40.3330601509961,599.6907861233592,115.1209067093889,32.79767575592683,0
Mizoram,Winter,6.023827897848015,1.7078935705327323,7.811311200202403,321.6103410675309,90.49437292681858,17.26552809809914,0
Tripura,Winter,7.902514934065362,3.7915314011165053,42.98017435047013,153.74619566162724,94.5770504510159,17.38987250397939,0
Assam,Monsoon,7.297819229438627,5.8001769396456995,1.0877704200801697,4955.9107646300845,640.5044856555909,25.613682658636957,1
Arunachal Pradesh,Monsoon,6.444745299085479,6.632163225984903,6.239625831327872,1609.7522586950904,564.908600849197,24.906676067941394,1
Nagaland,Pre-Monsoon,7.206588554803281,1.5083502555964585,17.09291954879083,581.070450465591,133.54057614095382,16.474570993423466,0
Nagaland,Post-Monsoon,8.193992035277157,1.0669885872921459,32.8872167943668,792.0472891742024,109.50691053380932,23.985501141787775,0
Arunachal Pradesh,Monsoon,7.596910871481258,7.627431214455264,5.739146628477437,1442.6900631496023,420.26768038543753,32.08283488640064,1
Nagaland,Monsoon,7.8102608167878556,7.306534879238907,17.7205556684764,3644.969140390669,406.81182908491974,23.544493897831,1
Manipur,Post-Monsoon,7.754560368263278,2.432269226789993,41.08582313748503,240.5776755837848,49.55910768973992,23.315570226870925,0
Mizoram,Winter,7.2443148786611005,0.5308124449611686,8.644387536769349,352.0811548295863,77.80835098064898,26.50286047511734,0
Tripura,Post-Monsoon,7.016194368908309,1.3437526655823095,4.6460339832498585,78.80677228586488,63.49906965078251,28.06144169271966,0
Tripura,Pre-Monsoon,7.206849444441465,1.475872823520655,43.42280695658801,300.8459865946035,140.99409281727011,20.17554837523049,0
Meghalaya,Monsoon,7.128373399097829,10.765903949131435,5.556182875839799,2090.149741441084,321.6521765436713,26.240230830264657,0
Tripura,Pre-Monsoon,7.681560950106732,2.9211656907855,42.51549693136531,178.9239221472666,26.376358491068075,27.47299127067729,0
Arunachal Pradesh,Winter,7.7933473890060245,1.6708105804670588,14.558899289446604,292.08473726833125,11.733550589977952,29.50105622226777,0
Assam,Post-Monsoon,6.953686689223362,3.899010479150985,39.855454917892196,787.3656196957047,103.3815275563816,27.361615356223535,0
Tripura,Winter,7.219250016628082,2.28069072671884,4.680317793555338,719.0856819332275,126.8960175444438,20.37204806226115,0
Arunachal Pradesh,Monsoon,6.0152000589378405,9.6330839694435,17.832124300249376,1427.1200178131512,447.75483710243395,26.325756419920566,1
Mizoram,Monsoon,6.970272145154042,14.090086626908285,30.193339188027597,1547.4310361247933,577.7301232581215,27.87632839683858,1
Sikkim,Monsoon,6.165185208327797,9.173765383468474,46.01008618913427,2481.572617592258,712.785803895711,27.609099757527993,1
Manipur,Pre-Monsoon,7.9550601466840645,3.8433476810308322,26.60084953529715,280.5884821156107,115.9671849945312,16.606243799733846,0
Arunachal Pradesh,Monsoon,7.182488856361628,9.124199083998057,13.72458360960978,4078.5624620407066,426.61187542740197,32.53133469684637,1
Manipur,Monsoon,6.5921198566949135,12.676047558328083,18.660754125056396,1432.1067063529322,300.8668800190294,19.135153203545798,1
Manipur,Post-Monsoon,8.484406230942126,1.1955272797265992,39.38818048724164,639.7440515741649,20.845413888505753,31.381289485005293,0
Nagaland,Pre-Monsoon,6.321738008702169,2.8950136085447897,47.58259118294394,486.62408151491996,99.27835982256794,28.823358485717208,0
Meghalaya,Post-Monsoon,6.48259751378578,3.9943635692478976,4.551649513874373,78.02144165747563,128.57601188949522,34.06963703188496,0
Assam,Winter,7.416523702359296,3.385755066826775,16.446901036706247,124.03498486603016,55.0855347568785,32.95576288852662,0
Assam,Monsoon,7.127907472379062,9.748456442777997,23.43309823939305,955.3618823148171,384.0959041663687,24.41247814314476,0
Assam,Winter,8.140688863638266,1.7362127617898155,35.28326072120891,41.36956320244392,141.43750918937772,16.049606040744607,0
Mizoram,Winter,6.126784479560553,1.3324396521072241,6.226733604010487,740.5575627628663,69.47418503974444,28.371151985130254,0
Manipur,Winter,7.710605321074943,2.914064633118116,13.858932930928825,432.7326887338764,13.720232453194381,26.133944266847106,0
Nagaland,Winter,7.263739579862662,0.8076916484527573,30.952249967310337,664.6469816214502,142.74622874671502,18.985829953006387,0
Nagaland,Winter,7.865550274262766,1.6519117924784188,24.78968455876562,621.0618535436618,24.44567976425299,27.94955022795369,0
Tripura,Monsoon,8.405720190925116,12.460499198868398,30.355519914802613,1960.344664043759,652.3793524588616,26.6310109480982,1
Arunachal Pradesh,Winter,7.635792874099209,2.7131297131052374,14.0552085739158,164.35884739763483,33.575425967774514,32.63662461381793,0
Nagaland,Post-Monsoon,8.116264736193036,3.75230089229399,24.95643229374693,376.0971800908433,122.13103907524949,17.80156373051705,0
Arunachal Pradesh,Monsoon,7.214705414733862,10.888500950329963,40.47889031571884,3374.8030772912516,617.4877109450099,15.099769097918522,1
Manipur,Winter,7.391762151470655,3.35822275116561,34.86888737965272,105.60782662528692,131.11771894147375,17.74091410714292,0
Assam,Post-Monsoon,8.285508521249017,3.3918740073977958,44.902979901838115,142.66259939974077,127.24553291606937,32.39250602558879,0
Mizoram,Monsoon,6.446527827810194,11.56722331583407,16.783840743095784,519.2479593108601,702.9928641406862,22.34436793396502,1
Mizoram,Monsoon,6.293285742381976,13.002223556953686,8.491634568600942,905.2783209094306,618.3513935117013,32.6322678545051,1
Nagaland,Post-Monsoon,6.190928167132927,3.44793300364506,44.21599655124505,236.8052157309649,110.79113666369163,21.071021348735517,0
Meghalaya,Post-Monsoon,8.451828815832178,1.436797115224521,16.72657970186427,639.5829171550276,39.41166071264499,19.39216655995325,0
Assam,Post-Monsoon,7.7630334868811905,1.0006477174564221,42.23804330123628,74.59852035186853,30.5654472478772,30.590561945891274,0
Tripura,Winter,6.0610664302625015,0.6609209830178202,42.998886574682935,171.537249111897,59.94718499466578,23.26413434236574,0
Tripura,Post-Monsoon,7.3059890377744825,2.9745236501516623,11.665019332650555,40.39303476628952,41.10469343521119,16.701380049888318,0
Meghalaya,Monsoon,8.355184638028572,9.408545119348224,39.3518098475693,1949.6094376878855,370.2833824641101,32.513560528428535,1
Tripura,Monsoon,8.477326887382967,5.41921080426917,45.10040769505914,1650.8102168506512,471.9348286164073,18.45082116529842,1
Manipur,Monsoon,6.803217277343013,8.951472972843355,34.53117956797503,2046.6767893457727,719.4499898999854,34.12696260561769,1
Tripura,Winter,6.2728354906666555,3.2387325820378177,7.434377098354789,260.52706998795645,91.1170442082117,33.53367213930555,0
Manipur,Monsoon,7.479383592667125,14.42407923353951,30.784687395980015,2421.047386432104,307.94898611473155,19.454409781310485,1
Assam,Monsoon,6.260652753103657,5.42066949119517,47.433876662487876,2583.351404373549,335.5247847215091,23.395576806669382,1
Nagaland,Pre-Monsoon,6.379176962337718,3.6617188217575825,1.4208562859931217,557.7735326726812,136.64454083122,18.58289314875001,0
Manipur,Winter,7.851756463242639,3.9409334549915425,21.781578371401405,343.2861731629274,135.92492409877264,34.7703316410801,0
Manipur,Winter,6.49120553767685,3.7075862594495788,36.93033479692133,744.784954289634,64.79548977936277,32.17241022157989,0
Meghalaya,Monsoon,8.114364524344337,12.433162509067012,33.85301210554164,4399.808029953239,719.9368363990395,31.625831134959157,1
Manipur,Post-Monsoon,8.137220000621358,3.677146354251721,19.741434933101683,563.7599392160665,43.80368727496296,24.246301225356987,0
Sikkim,Post-Monsoon,6.648840722306716,2.81025512853081,38.51935638606206,349.64367499896656,149.20897460010232,33.55451076117047,0
Assam,Post-Monsoon,6.182391676420122,1.974932648292083,2.5076051541028264,188.44882886786857,109.13266823571398,21.15421379462299,0
Manipur,Monsoon,6.925154493017342,14.546239880655019,13.322934337350711,3029.7704467858957,700.4568091790493,26.262443219644606,1
Arunachal Pradesh,Pre-Monsoon,8.29013959116751,2.7677443051782116,4.902408914812262,714.158792244229,49.273743706252596,22.944983745266043,0
Tripura,Post-Monsoon,7.55346736480227,3.4386379352413052,24.178642180519876,797.4083568147108,60.91957057712647,20.191197271874408,0
Assam,Winter,7.4765749049891745,3.1604947877445335,25.631946839989517,764.352065859917,72.82973593310228,21.610865497372203,0
Assam,Monsoon,7.371717050389156,6.439583646647369,38.474979601532496,3794.4580734247124,702.9960437613445,29.37616008270794,1
Meghalaya,Pre-Monsoon,7.874133255831415,2.6251601270708744,37.15466879216827,137.72035754673522,20.776350040068138,20.33771408218651,0
Manipur,Monsoon,8.49790201534107,8.51219964378909,22.910808645895386,3728.1452391173557,588.4657287969096,22.01816067701825,1
Mizoram,Post-Monsoon,6.857087833879646,2.813399980002073,15.654671998471093,548.3622996341937,86.02036418011458,29.30771601338307,0
Manipur,Winter,6.391176621505054,0.8566845750776622,46.48607337310363,484.5154482810328,27.04053420817245,29.67660243379681,0
Tripura,Pre-Monsoon,8.38300938092462,0.5937698393096896,35.84801345682583,640.8925160047517,93.65568466226453,30.756343222851587,0
Mizoram,Pre-Monsoon,7.796547922318236,2.479463731133808,16.470367455196026,225.72028482194878,72.61511586656836,24.338819922938114,0
Tripura,Winter,6.154496031313895,0.6593292295088076,33.54044742510593,615.0468780181131,61.162411464553806,16.324494116979174,0
Manipur,Post-Monsoon,7.946762555479661,3.733696840758467,30.372550696978394,310.37797964305895,130.0540638253263,26.360741854961965,0
Meghalaya,Winter,7.62218042238593,2.2747219800338483,1.675535836334624,798.9754596322437,126.33263353281352,17.21219565405835,0
Mizoram,Post-Monsoon,7.833942070566355,1.853618472948415,16.795644512359313,393.30411356523314,14.25257460565576,30.314135535271504,0
Arunachal Pradesh,Pre-Monsoon,7.423954036113669,2.8049473387900266,14.646599803901623,393.4846703472006,97.2248265232123,28.57165036773914,0
Tripura,Pre-Monsoon,8.45882103353886,2.3549204826750874,35.62446852054386,577.7592009377192,95.1914976191919,33.35413115254334,0
Sikkim,Monsoon,7.0257535627457885,12.238883556829418,18.070220359095917,1412.9787154348992,404.04371464745515,15.170045389390728,1
Manipur,Pre-Monsoon,8.365161548281469,1.2876697762870601,7.115653259262411,325.0950662141239,108.08962460359538,30.442482341882744,0
Nagaland,Monsoon,8.239849889936409,11.746603614441398,4.112462488967483,3171.621604645195,778.900113260638,21.9847515472681,1
Sikkim,Monsoon,8.054423179746367,6.048728470824254,12.086522910462916,2763.6112402654385,798.143303436871,32.50815369021636,1
Mizoram,Winter,7.084531656425782,0.9506979131096815,25.39875484080464,498.77752152453905,37.171251120704426,32.757546076554746,0
Manipur,Pre-Monsoon,6.33039851818797,2.0950739014785733,31.9516878337462,179.52102818828445,19.070373398693558,17.24285732489178,0
Manipur,Monsoon,7.307810705101771,6.649014612175362,35.49867050459719,4109.751291149525,658.8162226728386,33.579442002789946,1
Sikkim,Post-Monsoon,7.153018578032742,1.4131497492464657,4.255616537653772,665.7125982690649,60.36667137286204,24.681815845211148,0
Meghalaya,Winter,6.607599716021012,0.8016610000297737,9.01689547855183,190.51732201293726,97.51802979807954,34.453610821851235,0
Mizoram,Pre-Monsoon,8.492456754065731,1.2817438739953257,19.293959307533044,570.6181655065262,67.80363067500843,28.43955797862301,0
Arunachal Pradesh,Winter,7.284195899756125,0.7796749727806789,27.623942969717152,490.37348682399806,94.38168129902492,26.053434052298673,0
Nagaland,Monsoon,8.39704334305587,11.179323952609558,0.7911960455259048,2061.475679281495,604.1947025963764,22.49345579634626,1
Nagaland,Monsoon,6.154999473731524,9.755974224605797,15.665637158426726,3654.5558340610787,703.7205051487365,28.2559784576069,1
Nagaland,Monsoon,7.511888640095022,9.098698316090566,22.16173207072304,1510.4966044752923,328.14233066759004,21.45664869086641,1
Assam,Winter,8.414913381030118,3.519854965956071,45.87474995445913,253.36134106723617,67.65844407089632,24.68051569554718,0
Arunachal Pradesh,Monsoon,7.798705311731443,9.410100578656818,30.732946050703227,4495.509031269561,656.4993269440122,20.509389122447466,1
Arunachal Pradesh,Monsoon,7.767444748549744,7.3407233770692475,48.15887989688642,4948.572928962113,675.5956025391072,18.984045327778812,1
Manipur,Monsoon,7.490866499234947,5.988462152416596,4.061982112333146,2684.728720207035,738.047060394704,22.53830419274105,1
Assam,Monsoon,6.935327726780011,11.830978847669433,17.84365397136849,1595.527233255974,312.40578320917496,21.09089382163904,1
Meghalaya,Pre-Monsoon,8.440736824524139,1.5395189889619405,5.0452947942900614,185.36269537654965,48.61237103325338,19.4295814561991,0
Tripura,Post-Monsoon,8.353305699215813,1.370443366837448,15.784370622042893,639.6763481272392,64.32142715976113,18.587321670905993,0
Nagaland,Post-Monsoon,7.716799562608528,3.693620539251382,32.27425168215994,275.7364236574079,37.961924982914155,19.225267422866914,0
Meghalaya,Winter,6.898755545734919,1.3559207272638303,47.65342454228624,184.1218043930096,130.88029112375264,32.67813119267425,0
Nagaland,Winter,6.42420960513019,2.149313011280052,48.797252186646304,543.3490188094036,41.23551079576394,31.20352083536614,0
Sikkim,Post-Monsoon,6.781194812760107,1.3855503157546694,29.02340816347379,251.1696132946559,73.21566199064813,19.184144906002867,0
Tripura,Winter,8.45311560892077,1.535475637538665,44.85390888150277,369.8529578229701,93.84076270976834,31.202973172702315,0
Nagaland,Winter,8.061903144435231,2.381757718456905,34.33022594840965,770.0131387713266,47.109855011678185,16.90767449037098,0
Manipur,Post-Monsoon,7.274764094070241,1.990034069344332,39.68309161410482,424.14543139812423,66.26088451691331,25.02558856602967,0
Manipur,Monsoon,6.729534430064302,12.591443638265174,3.4804183853382966,1955.8552549401184,559.597401252346,19.47013983532731,1
Sikkim,Monsoon,7.454068125125818,10.172731081302677,21.967914028386172,1138.9677320893984,498.9779135707048,22.74919070782894,1
Nagaland,Winter,6.315433871080938,0.9747277309701241,19.36205398555977,554.1147637253059,60.06558399260058,22.65202902045292,0
Nagaland,Post-Monsoon,7.8060150483728314,1.4755196512915398,2.785890654481671,611.4627406213872,143.46530661360214,33.126878264771264,0
Arunachal Pradesh,Post-Monsoon,8.383156987485927,3.6566149782779793,0.09554362765117341,451.63011381721134,146.40927593067664,19.721243959738885,0
Nagaland,Monsoon,6.863294801402684,9.21743174302469,36.21420467660641,2218.829173775942,344.70169498539946,31.34393745196584,1
Arunachal Pradesh,Winter,7.1195092110613665,3.899878675873817,15.118913144046225,334.23163460187465,107.12486194611537,28.855016816364888,0
Sikkim,Monsoon,8.157687663782616,9.268861608582394,6.279751197486427,858.2051912233782,471.3673900546289,23.590752776094998,1
Mizoram,Pre-Monsoon,8.078607883795236,3.5309196737063426,1.7084543675944752,317.3624122949447,68.96675248967023,22.025387658680682,0
Nagaland,Winter,6.512516737931305,2.760657426500611,1.4802994864528352,791.35072927834,48.77371847530607,24.631238338484458,0
Meghalaya,Pre-Monsoon,7.304765200197057,2.120721007664077,28.766568027298444,165.22084750087282,84.444590943113,18.346657580576025,0
Arunachal Pradesh,Pre-Monsoon,8.22496107794715,2.302499539831854,42.63399331379708,581.793136743105,90.4078882084859,17.387677740667975,0
Manipur,Winter,7.005911082891912,3.281808403871665,27.427072701583484,570.5958340706483,31.149461276360793,21.950857698220798,0
Mizoram,Pre-Monsoon,8.405479265781308,3.6642143456076837,49.00124029213185,99.70429663685277,52.91110215762844,15.337591668104382,0
Sikkim,Pre-Monsoon,6.839253357468085,2.2026142201421073,48.83532461446887,639.2888620745872,141.67483006596805,21.337728700174853,0
Sikkim,Monsoon,7.613956807700701,13.71243974229831,26.610664396630177,4233.0109856253175,682.7816888846585,32.28285070687426,1
Meghalaya,Monsoon,7.510590516707333,10.851809240151018,14.272340275124213,4802.226788079472,399.8473435686035,16.80871765073136,1
Assam,Post-Monsoon,7.269166615001187,1.4801658803737188,21.288983977919866,514.8339521476073,100.94510867349322,30.978661167401047,0
Manipur,Pre-Monsoon,7.81653122838993,1.25616261205245,43.01634914783338,601.3163751467567,67.45728707996923,18.299554965874883,0
Sikkim,Monsoon,6.416149435591139,5.779164573171959,45.89575767697862,2910.9271077616254,357.46899878252725,28.898652992033835,1
Meghalaya,Winter,6.829334032382717,1.5459472070289548,44.678499825602785,686.4802242076838,124.81643961058889,34.79178628823652,0
Nagaland,Pre-Monsoon,6.919652822648524,3.226276286257708,33.054809820693826,268.5635125003604,103.43167296297375,33.436733976662424,0
Nagaland,Post-Monsoon,6.613255052252638,2.9754200860423126,31.88276073462361,194.07000560618056,149.1757037932782,16.215909249168327,0
Nagaland,Post-Monsoon,6.035140072219612,3.8877604545045563,15.947627519780106,129.37924763697941,111.28884545390295,22.27222725825672,0
Mizoram,Winter,6.951102341037484,0.5609512622479969,2.3802439497591257,708.1774050651758,13.180607112631755,20.649971940405944,0
Nagaland,Winter,6.63190351888189,2.6449060990455147,0.7182086336994076,696.2114532752078,138.13723063454847,16.907043065813106,0
Sikkim,Pre-Monsoon,7.356212827526989,2.1454806928927033,30.423759727032763,551.840665890181,53.67158803543923,16.71155981489751,0
Assam,Winter,8.342956556297077,2.658395375811934,20.516964434877227,211.0375864185179,21.5007628200403,30.304930561320468,0
Manipur,Pre-Monsoon,7.265611284881379,0.9661149574423435,17.879146805715052,509.23727196274507,83.14192594928828,19.40829009575114,0
Sikkim,Winter,6.426100030446533,2.430073508838035,42.62587909459835,161.15127237183268,66.72325260441443,30.986619952090052,0
Nagaland,Pre-Monsoon,6.243734129214254,3.9948237874763928,49.42416340066828,86.47330342909765,15.172178357881654,18.453896058417495,0
Arunachal Pradesh,Pre-Monsoon,6.315249123307793,2.4352895719268233,14.736360538181732,337.1425428211142,92.80130878867156,29.689474615493115,0
Sikkim,Monsoon,6.935479702226414,14.245805823703728,47.92783282417863,4695.107160599685,673.1139354481396,34.66482177269306,1
Manipur,Winter,6.433500781192983,1.3283317719355219,5.450229319721473,356.6028941671976,117.27113387321283,30.092943668445557,0
Tripura,Monsoon,8.47392418017376,9.052940794138143,26.01060774037311,1214.6480416996117,509.15911390096073,30.893564130719955,1
Assam,Monsoon,6.017972164930545,9.950918806239383,42.3832150941855,4964.23113952408,401.43258728001797,34.39528760127115,1
Sikkim,Monsoon,8.117585157341285,10.416994004745966,44.354638694473415,3988.166961234015,598.9964595853032,32.913738871931315,1
Nagaland,Post-Monsoon,6.0227494875773795,2.481576505648407,44.13409963117062,119.39387956873018,145.6441137158386,26.411124783211726,0
Tripura,Pre-Monsoon,8.0871434049807,3.7263353476283414,42.84592747155168,13.86610439620535,63.405929297829104,28.936834147956702,0
Sikkim,Pre-Monsoon,6.71589430058813,1.6064960285146082,30.080992514048056,652.7201317334711,46.36246835267261,31.464273793570353,0
Meghalaya,Pre-Monsoon,6.121590585889322,1.3570298330317159,4.824996752854904,730.5322365816521,122.35607816862189,34.61416081643999,0
Manipur,Monsoon,6.606705831252413,10.570607797951169,13.894937895237907,1170.5049912464342,727.245760143943,18.05686650308431,1
Sikkim,Pre-Monsoon,7.294878954305741,2.909011566243063,14.92439320435074,605.3604538719908,131.8125484714953,31.775421065306393,0
Mizoram,Monsoon,7.061011996190034,10.723740377401231,42.68989256497071,1226.5091769940664,587.2786056887574,19.072488130262823,1
Sikkim,Post-Monsoon,6.143765915920084,1.2582516945215505,0.11987256342239627,204.14567692998358,43.435584902428054,34.861529861294876,0
Arunachal Pradesh,Pre-Monsoon,8.265836388327994,3.0318600743971333,20.173119067220433,607.8161905719991,133.4157608718303,22.975486156333854,0
Manipur,Post-Monsoon,8.018241206977525,1.24422635556772,27.058206172023898,72.99170464757978,101.80861322341201,17.430154841852247,0
Mizoram,Winter,6.055909252830666,2.7652772197433073,48.98292569188155,375.0046271610207,115.70332662834477,18.84050591650273,0
Meghalaya,Monsoon,6.556276011734727,13.736277505600405,14.735735108264508,912.684670703068,452.5929210612783,26.47016122522131,1
Tripura,Post-Monsoon,7.4415067361214655,3.222667033742723,2.0558066375214237,318.82159069287445,78.72865610017155,24.78021615242924,0
Mizoram,Monsoon,8.111504380805341,11.985042048848685,23.509814922664262,1497.5539084791942,514.6762257091692,25.1838568582429,1
Assam,Winter,7.9473928243913665,3.567112485627982,26.975687946897587,521.4437892215624,95.96261610613409,16.299266084453887,0
Tripura,Winter,6.493252267828115,3.604460496311123,23.455569637609653,431.9454412791858,45.917407881454,25.651921159136272,0
Sikkim,Winter,7.438588354403442,3.218105925611541,49.35279149520816,675.7539305491027,102.55303641303652,26.75723394705488,0
Manipur,Post-Monsoon,7.301259638840894,0.6854906695934071,39.76059055727721,458.35949033946366,141.72389034207873,32.69464868299273,0
Assam,Post-Monsoon,6.856373470107423,3.5082812747315706,38.377294222093695,206.98052664400208,29.08725566557957,32.57224398362296,0
Meghalaya,Post-Monsoon,7.212880218319721,1.8073218575436454,22.086717695296453,308.0455257587246,131.456719101716,33.554680373387725,0
Nagaland,Post-Monsoon,8.076633023835091,0.9398647142844002,23.254288420599966,676.5869553807348,51.908581438368365,23.455748843096444,0
Sikkim,Post-Monsoon,6.133769184502414,0.8057458151155035,34.988649829395534,430.4919423196519,19.380612582471343,19.802170137361934,0
Mizoram,Winter,7.572382760482452,1.1564789685467576,19.342935300058095,693.6074462349023,78.47410991066083,19.774588189799417,0
Mizoram,Monsoon,7.437699861916798,14.411655060709197,26.881651822169637,964.368303728898,410.52573025676395,23.903492195564432,1
Mizoram,Post-Monsoon,7.039669201539349,3.08787431320717,38.93515768695344,724.8399022825793,26.236699821420476,27.350623558977492,0
Mizoram,Pre-Monsoon,8.306487931546322,1.4240602708536954,12.393294037693597,88.63251331017548,10.956582738071678,16.117441354145832,0
Mizoram,Post-Monsoon,6.768549731554548,3.1842452812334923,23.471235093075943,64.5664741541865,11.809149054477494,15.267585949461527,0
Sikkim,Pre-Monsoon,7.183814848134874,1.5793677224647968,46.44650647135976,671.0364579899348,59.92118018813236,24.46637629875108,0
Mizoram,Monsoon,7.098510988190262,10.43365780231984,43.33359778911584,2034.4270168927508,499.14606151259267,18.032243000233102,1
Sikkim,Pre-Monsoon,7.651001327773601,0.6060562951809592,8.068176790444154,272.1994840525946,54.562987686120444,30.02174979019333,0
Tripura,Monsoon,6.483811846687274,9.804198050894236,1.3776161962998579,3270.812107952529,594.8407116492216,27.93713220927016,1
Sikkim,Monsoon,6.914206592218278,9.19600085149768,31.706464099108477,3047.8660366313616,463.48006952816525,33.60810865298973,1
Assam,Post-Monsoon,7.288111534129184,0.6224959739436278,48.409201234641166,318.00456393188625,36.9942692304421,32.70982536998605,0
Assam,Winter,7.554339891380022,2.0721744130920174,30.19276382248816,422.69476502713155,88.05971734826365,16.180067903137697,0
Arunachal Pradesh,Post-Monsoon,7.805608998944506,0.9974583741689429,16.331312179097257,117.17134608325631,72.90160114873763,17.012720937183957,0
Sikkim,Winter,6.7989639448712165,2.7724788191231835,33.41839158372423,517.6571982066614,37.40973089171037,28.55537486464054,0
Assam,Monsoon,8.49994686409596,13.734368994331248,1.6887715142358373,2872.2088124113075,589.8143658837232,33.80453230299576,1
Arunachal Pradesh,Pre-Monsoon,7.807644857234111,2.699961660214564,10.670128682704465,400.4441419387823,18.682815469128855,22.840847439305065,0
Manipur,Pre-Monsoon,7.289322318946264,0.588455887526226,12.982936069619061,725.670768454165,142.82736056600834,16.846585131186966,0
Meghalaya,Pre-Monsoon,7.65362973120285,3.992725387760462,11.646129349946644,607.1714855491139,98.0267391291232,29.044182630089356,0
Arunachal Pradesh,Monsoon,8.350358794167303,5.0858055277848635,15.421670303961454,2259.090549288361,501.637761383207,22.432905967708628,1
Mizoram,Winter,8.414008111482053,1.177479679905069,30.673608918446188,528.9744233825032,22.136096871575713,21.693863607298596,0
Arunachal Pradesh,Monsoon,6.400047240163135,10.662969421298087,14.633689237733522,818.4355908948913,417.4601370507987,25.29735809852293,1
Mizoram,Post-Monsoon,6.4552546930919785,3.269093889914266,45.562629440914876,463.1046790911028,21.764771578759436,33.51623787141769,0
Meghalaya,Post-Monsoon,8.067410475259695,2.489760204148472,10.270293563295624,736.6596906780292,137.6162916977699,31.261630153800983,0
Arunachal Pradesh,Post-Monsoon,7.729898724704286,2.6952542061978026,7.21810499321553,103.8387384012873,119.76042077163781,33.94926034412888,0
Arunachal Pradesh,Monsoon,6.6557244636904045,7.591004023972301,24.092816438532726,1078.3679575428196,442.3928484299495,33.84518832570767,1
Manipur,Monsoon,7.889529994515834,11.208958181711877,22.641851929615562,921.3829511529108,789.1531928859285,22.25817870885418,1
Sikkim,Post-Monsoon,7.645312129346808,0.773172843270664,12.544377854855066,154.73454862493847,111.21923331659228,19.186880128670275,0
Mizoram,Monsoon,6.032658433137533,9.365155185746406,43.255621271650654,4147.790595940923,480.8565158584597,21.972859505308893,1
Meghalaya,Monsoon,8.294549061136163,9.150702958740453,47.429457605593164,2406.577522950736,604.6962484244468,19.821783041231395,1
Mizoram,Winter,7.259658225587618,0.7396915774195398,18.596684335054686,272.3374398851411,89.50214899488881,15.424553667405885,0
Meghalaya,Winter,7.348422599913255,3.2653351395297525,28.450438815042233,114.3170895048184,97.64781577121724,32.43454378453199,0
Sikkim,Winter,7.598828493734113,2.8742201304034585,23.991357812747687,93.28743183159285,101.25422351929627,32.399406337409125,0
Manipur,Winter,7.397625025449634,3.9301377565507005,41.08343480819454,119.4381316077185,93.60552492781167,27.1421430029245,0
Meghalaya,Monsoon,6.052437843601262,8.896871467278173,49.800804161274606,2427.888314519766,589.4140726370466,25.644824677773656,1
Arunachal Pradesh,Pre-Monsoon,7.999927368058994,2.1176336247768894,37.661060163901816,417.9000564988569,142.73463484588595,15.20552635689344,0
Tripura,Monsoon,7.995281207533117,14.488113485806483,20.71313176225128,709.787738397041,480.6875140076213,26.944445551817466,1
Tripura,Pre-Monsoon,7.533961127015957,0.5997888398463702,28.246201050250242,360.788595607779,20.328421237705392,18.338378423731747,0
Tripura,Winter,7.977769270646455,3.183858086430898,31.492634410949684,14.546180988553402,21.078016546455295,17.62087949558977,0
Assam,Pre-Monsoon,6.558127554694611,2.7060457653080268,12.042551799434165,457.64190042725505,55.37757906347477,28.947499083116114,0
Manipur,Post-Monsoon,7.045977520090624,2.3323700190708507,3.8019279433629927,156.60253842791326,106.477236319572,23.727751601183318,0
Assam,Pre-Monsoon,8.327189056208375,2.691241664714008,48.713666622907866,750.7156718501211,44.94089454198897,17.926971975499495,0
Mizoram,Winter,8.108147487773374,1.0498788549692533,35.780696217308304,197.71809588742556,32.55258811753649,21.485592602936947,0
Tripura,Pre-Monsoon,7.901742842824053,2.706694251689061,43.072917697361625,389.20084596206715,93.08633865745537,17.76397820538264,0
Nagaland,Pre-Monsoon,7.462257283627997,3.3737140998699235,37.35956947779916,263.5755372901679,84.0844595762273,29.660279031747216,0
Nagaland,Winter,7.182997690748994,3.8041306786487143,49.96503958712037,512.7104849848446,85.54852819165964,19.920668190067012,0
Manipur,Winter,7.981242944231413,1.9796849732039494,42.557376201852826,506.85818503666246,135.46315564751688,26.783247206971183,0
Meghalaya,Pre-Monsoon,7.818194752447131,2.602966704155165,24.92565661595278,384.2089049643986,130.43922948717545,15.907042553610554,0
Assam,Winter,7.08100163916466,1.9501200008094537,36.679833885473826,702.6568507016107,40.73779735165877,22.16753513367985,0
Meghalaya,Monsoon,6.810247162318857,6.9294631414824455,7.011228353852178,3203.3949246023626,732.350162512912,17.80339537605335,1
Tripura,Pre-Monsoon,8.115953925780357,1.28936032149261,46.58327528357842,275.6465089764756,17.67526039083102,24.43402534895205,0
Tripura,Post-Monsoon,6.50370098956011,0.7442442944263475,7.200556875941865,565.8433673077071,144.49290962646984,21.304720192153894,0
Assam,Monsoon,7.0144528906705075,12.080927844381861,32.93554527865959,4564.586868059503,588.4311059028452,21.057546643444628,1
Sikkim,Monsoon,8.23291649860911,8.83486819890635,10.148078982920255,1564.0835483454705,321.5441685107027,15.789433868042511,1
Nagaland,Monsoon,8.265192540750741,7.426055625743903,46.52660227434697,742.212207684145,529.1171098545941,25.4286772089463,1
Nagaland,Monsoon,6.334064703577106,7.4732184703891456,18.951234185808925,2093.715399567869,618.9312917087088,27.55656581366802,1
Assam,Winter,7.864640275350236,3.9005586919825213,25.043253810401882,717.2942565396409,114.51518417888812,26.12491702681318,0
Manipur,Post-Monsoon,8.103900172472116,2.1631984678648952,4.019896439456977,555.8305911233773,94.44131286990122,18.92806073041123,0
Tripura,Pre-Monsoon,7.738085008018202,1.690702877897416,28.547915118138746,779.5932436958202,75.84600140661435,24.661804097101065,0
Assam,Winter,8.43345699306646,1.5881467840657466,23.888221133941105,453.44327905834035,42.04021175322147,28.819551193340338,0
Manipur,Pre-Monsoon,8.451440973688793,0.5889324256748402,46.10596377226042,51.322130118498215,58.40212780474399,29.60327366596644,0
Sikkim,Winter,7.402057557883598,1.458812740658494,28.310904860997983,256.83921811688083,52.47841043937513,30.289795409890978,0
Sikkim,Pre-Monsoon,7.80364254001162,3.1655371301984525,45.075297756053246,41.07880001668169,114.66774156283638,17.616628956039612,0
Sikkim,Post-Monsoon,7.743961864777413,3.9169922307774554,2.24466508388283,108.01201354004463,78.1743649667216,27.975696618388028,0
Nagaland,Pre-Monsoon,6.365561383169049,2.7735124148321093,13.567995403076093,639.5120151493801,105.39871748618634,16.41586419324333,0
Meghalaya,Winter,6.958223485090311,2.2570112071858777,45.285569261365346,726.6097793426034,80.2617629187233,25.475922208240053,0
Assam,Post-Monsoon,7.315602935116964,3.4929290411702496,41.71622467199248,797.9532896835999,112.76476869510734,15.883029047993611,0
Arunachal Pradesh,Winter,8.365636550280911,1.7923193627520166,1.8323767157695958,226.337439520103,69.85373584091987,30.04754439231079,0
Manipur,Monsoon,6.197328000895231,14.97520972312536,6.924329091288595,637.8470765986842,680.4399838678928,15.09603891699983,1
Sikkim,Post-Monsoon,6.163586204492974,3.6916557227426683,49.927995125713196,174.18463076872663,26.965960023878615,26.11668937310133,0
Manipur,Post-Monsoon,7.62158268693277,2.2877329226707332,29.670894672449656,459.07371415544856,66.17977639092416,23.768002531610506,0
Tripura,Winter,8.482759768061154,1.7349872170214113,9.922099208099928,64.47673529174443,111.22151333612693,17.772121992529478,0
Nagaland,Pre-Monsoon,7.348910984938879,3.055211107894962,0.4439100060874668,676.7055186937581,89.88362740354532,21.28552087022847,0
Manipur,Post-Monsoon,6.037311325669236,0.9644985951402756,26.346505894365542,685.0216659651835,50.57649570316035,34.20971087563872,0
Nagaland,Pre-Monsoon,8.416440761597451,2.2201347906149915,46.66749337086613,790.762876081883,85.75170836431832,28.651082700489223,0
Tripura,Monsoon,8.050868261149652,9.158884232040393,11.008239487634086,3626.0140893182784,418.837761768761,18.15205985248115,1
Sikkim,Winter,6.092980647467201,2.6615952673474745,28.024829611789432,581.9350550341153,123.2750222459083,23.35810535588672,0
Arunachal Pradesh,Winter,6.901482484640708,3.5080935196967733,21.301896324713493,790.775992579516,135.23864144888447,19.18320017403142,0
Sikkim,Winter,8.040962255778219,3.167971093759829,41.226189121656624,216.35318535612828,39.06549053535804,19.322895723954097,0
Manipur,Winter,8.198014546228835,0.5775151265040088,15.701221255865915,306.88616454533985,24.564662462347506,33.92862941762408,0
Manipur,Winter,6.347673570785248,0.7915011817672862,3.954312723260278,214.53819107450613,112.9135259847341,33.77633846387471,0
Assam,Monsoon,7.5095219971926195,11.79466114817571,29.33573564726839,919.796627396413,471.2859470978075,27.757946081992447,1
Assam,Winter,6.16268932421506,1.8653828036981042,11.268780958643005,97.97938925657142,86.1032846340198,22.335280003457108,0
Sikkim,Winter,6.080513670006907,0.7899183690874728,15.545023561062694,767.4245808660688,34.73076794063786,30.565629703932352,0
Meghalaya,Monsoon,7.442960591687147,10.312680829022618,38.46224521717813,4932.596518211442,514.7200995131469,21.183616081838608,1
Sikkim,Monsoon,7.531148622681777,14.502204020021292,43.668716013615224,3247.059947287206,349.25255601018443,22.38911768178762,1
Sikkim,Pre-Monsoon,6.708639074903997,2.011226293087997,40.205067442289014,187.85710601442736,10.548710307597759,21.547620039496366,0
Arunachal Pradesh,Post-Monsoon,8.176418423464613,1.5162557669394816,25.289352892373994,544.188097830632,109.67249048836496,24.90460501731922,0
Manipur,Winter,7.081729556961323,2.059798472795146,21.776336528197227,577.3927564713706,31.2470269028994,30.781399271293388,0
Tripura,Pre-Monsoon,6.234482304491419,2.093534815518204,24.70778556730852,478.574673185446,70.6367404912843,34.35552798004758,0
Mizoram,Winter,6.472916022982961,0.6675275673427506,23.075379248341104,796.8171856145489,33.90612159846048,33.84830763439967,0
Arunachal Pradesh,Winter,6.116591507421352,1.4685346283651075,16.75403709197566,217.49321052519377,47.628324974336415,23.19431984567374,0
Tripura,Winter,7.970288372062234,3.847369346812969,49.684402867452114,559.9419297927203,82.01266519314548,20.271982819121686,0
Mizoram,Pre-Monsoon,6.340259405157201,3.1405038753008685,40.253867448869904,268.42499358343423,19.89802359399156,23.914408447379785,0
Mizoram,Monsoon,6.091281964057856,9.565363514159852,32.94846780171431,4348.051145762296,326.7991992774639,18.811552377704977,1
Nagaland,Pre-Monsoon,7.351666894393706,2.959859608717908,38.647480692516126,579.0168901206835,24.9866971089427,32.4304959359273,0
Meghalaya,Winter,6.267086889990282,2.9942139437450987,11.71070326671323,700.3144261877932,20.456299245823107,22.57183255855538,0
Meghalaya,Monsoon,6.563251996162876,6.752925686879561,40.06281534688255,3230.8819500570494,707.1622615330355,20.969902505299718,1
Nagaland,Pre-Monsoon,6.08256083025601,2.519576960046164,9.930905249076005,516.2210540636293,63.479775687149676,34.937062811056556,0
Tripura,Post-Monsoon,6.064230212794046,0.6950592270070843,26.35505797591156,280.85055562665264,124.06122566861833,21.474814028806264,0
Meghalaya,Pre-Monsoon,8.154251351570453,1.7918571922014532,31.411762984342072,564.8426581858104,30.201629234889403,25.071941216910467,0
Arunachal Pradesh,Post-Monsoon,7.592690723349877,1.0784932290533022,41.16038300755504,55.48547310771396,13.691118150961024,28.985606883441,0
Arunachal Pradesh,Monsoon,6.540454049598402,7.404782315067334,12.17062875012786,4924.906306070994,423.94122794252695,26.545044831239387,1
Sikkim,Winter,6.5261054834047805,2.572500841102032,19.163229219205807,131.0811764468461,10.91916803666907,18.1131021515814,0
Nagaland,Post-Monsoon,8.198695910304467,1.5089622114964898,38.10283114152454,419.2151389140916,52.367391941676686,25.343891785000984,0
Arunachal Pradesh,Monsoon,7.472083241456903,14.722198392224461,4.405573861755357,1628.6038683469899,693.633029848469,17.209158731942832,1
Tripura,Post-Monsoon,6.466634054847519,2.5620382194417486,28.14386838106086,744.9303668171507,57.84476072510328,24.19444859042218,0
Tripura,Monsoon,7.891994038715746,10.351745694113095,0.47919381895520363,2636.681999871443,404.2371446646743,25.202142730312744,1
Sikkim,Post-Monsoon,7.216740858291989,1.8785614488205393,26.96341380575516,113.98916650886713,46.054707173282836,24.724303682802976,0
Arunachal Pradesh,Pre-Monsoon,7.077355673673811,0.5850612437341496,22.396714384661337,733.6211074772285,124.71816206997384,27.602542033598507,0
Meghalaya,Post-Monsoon,6.429528833797194,0.5226538460370749,26.997277150525463,28.4157365455347,125.50619996460375,25.105156955215868,0
Meghalaya,Monsoon,8.035052919578538,11.619613401992531,9.322451365612029,4227.544853030175,403.9576009261992,20.226116854721056,1
Tripura,Monsoon,7.533993863221843,12.395464652982405,48.420523311954774,1963.179597630439,629.9320025685013,34.09403170203515,1
Tripura,Winter,7.231680582094636,2.9891112346779747,6.499502703858534,472.6891715226332,21.79393457298019,28.31012725785698,0
Tripura,Winter,7.137888605332311,1.2545677745002721,9.000693473291266,152.32746581809292,139.85960830817302,22.092710682783803,0
Assam,Monsoon,6.943347429566141,9.98642260410686,39.866042939037676,3984.146358142498,582.3185558258226,26.946578522999353,1
Assam,Post-Monsoon,8.42004953678489,1.8383893479402864,17.85817758818459,572.6248585586047,52.09648464665342,17.62777054681023,0
Tripura,Winter,6.587987180603319,1.7795978626625293,24.670636943749102,350.9008295010104,53.22948682665546,27.088042462790916,0
Sikkim,Post-Monsoon,8.382259384848254,1.463701371644241,25.0399054256833,131.03398576050466,12.97544801830793,17.173098146050357,0
Meghalaya,Winter,7.642857667075451,3.8417948830708926,34.083458915263826,84.44494951414482,39.84679959456614,29.3399465859385,0
Arunachal Pradesh,Monsoon,7.9421052334319615,5.378410763302722,6.67634563732023,1133.8037186267165,731.0913959855634,18.844159237166952,1
Nagaland,Winter,8.44400757650002,2.341403200299818,23.1070353274199,197.13398659745923,124.41965800723673,20.789196976713228,0
Assam,Post-Monsoon,7.963573546855789,1.8455175699901563,10.388183638827641,383.3077498145605,104.0282168440971,25.508538298917074,0
Arunachal Pradesh,Post-Monsoon,7.3908206153502505,1.639526651690704,44.747923137228305,480.049210732995,132.8711991821257,34.15235697836688,0
Assam,Winter,6.276705539267335,3.5249713918923327,18.579119356611102,285.0761430760636,102.40166950654215,18.135399369832857,0
Sikkim,Monsoon,8.135918979978872,6.668683899468878,38.922947257615405,1430.0095089435927,334.1917140145664,15.081801486004327,0
Arunachal Pradesh,Post-Monsoon,6.928199866859293,1.0899473444283951,49.9117056787992,260.65598533953124,32.59967317600611,27.66933445265827,0
Sikkim,Monsoon,6.854252838941011,8.105273796699857,45.14484884334558,3956.33951062565,637.9709422436554,21.056643346747094,1
Nagaland,Post-Monsoon,7.63526996144832,3.004511932142593,49.37409224887999,620.0142570163277,107.3962027391192,33.75342807325649,0
Manipur,Post-Monsoon,7.422297951822868,3.2352538952469256,42.20476533293227,707.0227136091427,18.934042902777364,33.83963009041403,0
Manipur,Pre-Monsoon,7.053801622423153,1.3280636131352117,35.92844954908452,228.5104135409196,141.95554688834565,31.37983115388509,0
Manipur,Pre-Monsoon,7.043787286074364,3.538378820032779,23.488240325735347,569.4938803104874,37.480530396906516,16.995749009773967,0
Assam,Pre-Monsoon,6.412176268760558,0.9293678978289144,47.2717089639941,654.6674023233322,135.36366631284594,28.385664021682814,0
Nagaland,Post-Monsoon,6.269407133974856,3.404087957150849,35.16132017960967,269.47916455504554,134.48906105493086,23.926657748095128,0
Nagaland,Monsoon,8.147381147109037,13.605030389659973,5.780994993264299,3174.3909779626747,503.61663949624364,17.551404324365226,1
Assam,Monsoon,6.733206293949615,13.992447962102023,36.13195838601344,1344.304275570376,396.0623311014636,15.320750811240362,1
Meghalaya,Pre-Monsoon,8.081386812692056,3.528921909396006,14.205344491287681,259.22449972560395,49.045875701247724,26.737059718116207,0
Manipur,Winter,7.263475259248505,2.4674005628230438,35.35825917679164,418.73747549770314,30.026303360949743,27.68293775431536,0
Meghalaya,Post-Monsoon,6.221344456787682,2.1694015192033733,30.105612722102887,394.0216350120831,92.79389307264064,32.528348465445525,0
Assam,Pre-Monsoon,7.991207907085856,1.8287882594555276,13.603551889410143,665.6593903154118,28.54351087468578,24.919206995808032,0
Sikkim,Pre-Monsoon,8.193408693080436,3.229676203302921,26.6634760665703,249.61580588927833,78.3156182249612,17.946307504336623,0
Tripura,Post-Monsoon,7.701559430648086,3.826202134324722,38.93294668613235,127.99575390757387,44.93526886818892,33.82962875839897,0
Tripura,Monsoon,6.984769231996619,9.230651932008527,21.110028325689274,1342.2815130985919,396.950468381885,26.858278833834078,1
Mizoram,Winter,6.585612230015914,2.999676936363098,19.094929927860566,497.93769570253096,69.54653089728566,25.93765978974276,0
Mizoram,Pre-Monsoon,7.784902076255296,2.659559717801125,34.21007615653946,567.1189955822904,42.53434879824455,28.176878347564212,0
Manipur,Post-Monsoon,8.46892513165503,1.4641427155946747,11.434311091225851,663.6439643481716,52.68377534038256,33.35634663804962,0
Tripura,Monsoon,6.571578361315762,9.280870778772716,6.961694851259686,1906.695829925559,502.44137259457796,16.011326692461633,1
Assam,Monsoon,8.241232255304638,6.994979008711529,35.22985565994236,4860.479357495737,368.1764929319471,22.94322421018549,1
Nagaland,Post-Monsoon,6.792084349398601,1.0297008608432212,6.716301131858815,620.8373762093831,81.69087495761221,34.70750479919627,0
Assam,Pre-Monsoon,6.470472803851388,3.992331933858845,13.558324499391999,431.8032783272907,111.28619356961312,28.952129062004655,0
Meghalaya,Winter,6.443938496614898,2.3083534451622545,17.371762301369643,720.9717820926021,97.67159747876435,18.772327649286208,0
Nagaland,Post-Monsoon,6.731114466469684,2.3778145339598975,16.06541584700692,73.84025230008143,51.99352168840402,18.495370095401892,0
Mizoram,Monsoon,6.522935589392385,11.139486406158191,33.13520086263373,1025.7824129667267,523.1707688072917,26.506560057916253,1
Sikkim,Post-Monsoon,6.72556616630702,3.9940969961017556,28.597306777208274,246.9761578774593,45.30983556772913,31.209174028760184,0
Manipur,Pre-Monsoon,7.8022734423388105,2.129810790746581,49.730388266666274,146.64613946907585,96.28323371761633,15.03626926545153,0
Meghalaya,Pre-Monsoon,8.284022016397776,1.8113579846814039,33.984018113567075,718.5911016070297,41.704512998988406,33.333655097095914,0
Nagaland,Pre-Monsoon,6.804540874895477,3.5242536684990515,24.207232360820292,516.4996587008757,56.16814990266103,24.51748469968796,0
Arunachal Pradesh,Post-Monsoon,6.468652260119526,1.4048832429604332,46.142038843753895,223.97370806528377,61.76217718440833,27.698031903818148,0
Sikkim,Winter,6.65605267217285,2.67007344817617,2.3262493660871852,68.65175953531475,19.316464535515,34.45072633088213,0
Meghalaya,Post-Monsoon,7.071419467505648,2.4661157406560807,17.314099123122794,465.5677301217458,120.68646731005242,19.14655348836281,0
Arunachal Pradesh,Monsoon,8.204759551759562,12.384263417105895,9.123237658675281,1591.6417127794896,351.89304972626206,21.958385833934262,1
Tripura,Winter,6.9133571394697135,1.8160855637106166,8.405504397903108,778.6162381257226,67.90957265346917,26.20417140897974,0
Arunachal Pradesh,Post-Monsoon,7.631101603927076,1.8540905077456284,38.38192577699226,298.43259170597486,114.92581359568975,34.07917502678809,0
Mizoram,Winter,7.745828810159432,1.2178174587135593,21.205298544291495,78.15667913391069,123.93345688680431,34.553297270879845,0
Assam,Winter,7.577260260143787,0.5361798895826193,12.46987939574209,444.7255286230243,64.7970624751404,28.14348627027725,0
Manipur,Winter,6.527442064370406,3.845379401836515,9.07874800946783,603.0056909736591,73.49299054928662,25.125173594396543,0
Tripura,Post-Monsoon,6.483210791323856,3.94693745367354,19.953702841504672,181.45046641374515,144.39566527148733,26.805282751894044,0
Mizoram,Monsoon,6.330880924654449,10.783076108732045,7.639711951284029,2070.1982190880435,578.1370345417488,17.775319807729414,1
Mizoram,Pre-Monsoon,7.085021212386372,3.5309199173427657,47.0190047117088,498.8015207213079,139.71049178527755,24.844249697779972,0
Tripura,Post-Monsoon,7.7765053662506585,0.8381664720522439,32.34381043945079,578.8837793458689,142.8452184871666,26.278864221519687,0
Sikkim,Post-Monsoon,8.393746917811816,0.7327108521225432,35.362998970025764,201.48235378250146,36.25798235347884,25.603874710840795,0
Nagaland,Post-Monsoon,6.9882375199252476,3.5049297304759457,7.224813279300291,780.5286771843532,124.02003884060568,15.296958037531418,0
Nagaland,Monsoon,8.32832345059257,5.699513821855467,44.67058358320395,1199.686061168969,723.2100278069594,20.291451977798403,1
Meghalaya,Post-Monsoon,7.66812102446211,0.7742238273023885,20.893200854330114,195.06684726530867,37.87424864462724,22.896836881896498,0
Manipur,Monsoon,6.6003103717658345,9.12309602624527,9.920731953053174,3991.827371839249,583.5047706028364,29.31924524010001,1
Arunachal Pradesh,Winter,6.301476441923402,2.01920612371392,47.30159468547788,663.5664451535154,141.56572091841386,22.831734931076866,0
Manipur,Winter,7.24417082649938,1.6603385303214346,48.058315768380865,504.0013434673487,55.06658125946477,27.270845322118912,0
Assam,Pre-Monsoon,7.838429718868431,2.049253786162571,13.576694660707616,296.70966801478994,143.63740390206246,22.593728751322352,0
Sikkim,Monsoon,8.154883779997714,7.342009319322563,1.2920069746900964,2826.7282922482036,770.4009036866444,25.70763413183354,1
Meghalaya,Pre-Monsoon,6.850823624231781,1.767271728709849,21.041112638053423,608.5385540691065,77.01643812637657,29.256161954310507,0
Assam,Post-Monsoon,7.520120118454331,1.7123166456568681,40.30019312808257,782.6625164509801,70.57767191204783,21.015471547310618,0
Mizoram,Monsoon,8.046047220755202,11.473255757169643,20.254823309586563,2897.4550979317883,684.1616382904357,22.332774078745466,1
Meghalaya,Winter,6.894097646554809,0.6112874887613384,35.97478464848961,294.9231586035145,97.32269678597676,23.176814734840903,0
Tripura,Monsoon,8.346666563881504,12.368226918372603,21.800640633415657,2136.5542961627266,495.8745456660871,19.84621433567704,1
Mizoram,Winter,8.060168325718095,3.0041118623257934,25.57920213958113,571.4080129317801,52.91081842043613,16.971142210873353,0
Manipur,Monsoon,6.415370310186937,13.716919738284114,25.008500038799436,3658.929985428004,530.8974809272538,25.805618431060253,1
Meghalaya,Pre-Monsoon,6.710377045706514,0.5422193421709526,1.653124198190914,566.9868713419565,115.91187115860924,26.32141588331366,0
Tripura,Pre-Monsoon,6.364579557599127,2.6586568004289934,23.079533207564833,681.7865387260305,19.70705688382336,21.536200366938708,0
Nagaland,Winter,7.682346434168147,1.0936064624704258,0.5480613534061596,178.90393259196574,80.43838859235524,24.469137608617988,0
Nagaland,Monsoon,7.58007259106178,10.293775196993584,2.08409564760586,4289.01685283683,510.89904724320854,26.686645112833208,1
Assam,Pre-Monsoon,6.657478026078874,1.736413944280444,23.089288461983266,780.5722966009357,73.97438339099615,16.522352334982887,0
Tripura,Monsoon,6.65288800140379,6.64267394489933,48.21903832450738,2722.217995480898,799.2467344803927,24.8121155318543,1
Arunachal Pradesh,Winter,6.808690958694248,1.9534583565224084,27.038404571469854,671.9870513319668,18.323970562756436,21.92623462793177,0
Manipur,Monsoon,8.04678346493377,13.446723646776658,21.91479065849275,3994.283391748403,607.1126477138095,28.80374214296262,1
Meghalaya,Pre-Monsoon,8.360350352629837,1.698738191386881,20.426289209298805,128.5826963116055,140.9408349917937,26.60665320750856,0
Assam,Post-Monsoon,6.445201461843647,3.4966374259354303,26.95759282501519,761.2100084336203,113.6727667300984,31.519707872830885,0
Tripura,Monsoon,6.645439271876365,10.615789274698962,7.949300115986557,4728.970807243547,568.6234777206475,26.085899212723405,1
Arunachal Pradesh,Post-Monsoon,6.91463534330552,1.12021372865585,46.53606612745432,273.8978300762414,145.80571012901743,19.536446108707537,0
Manipur,Winter,6.859921848997288,3.3688625618972465,29.49500200827078,363.5457934490044,73.09191532572838,18.753195829031128,0
Mizoram,Pre-Monsoon,7.518721127528865,0.9096897239130635,32.647005719953306,219.52093747901577,69.25635260328137,24.36795613043018,0
Nagaland,Monsoon,8.066680050237931,5.0931422748316475,28.887492935305854,3386.925836847054,398.01848166279586,22.551486268339,1
Sikkim,Post-Monsoon,6.752876295714139,1.1492776601609822,7.900979222661158,238.05791325855074,117.19957945343701,24.12942268383883,0
Arunachal Pradesh,Monsoon,8.02849799440862,14.671826789538889,40.340960136542975,1304.6904163346867,549.1772936074252,23.462319846474763,1
Arunachal Pradesh,Pre-Monsoon,7.658823261758766,1.0564669619705387,32.56898084299331,170.5079999666361,50.77653309442008,24.90420073212952,0
Mizoram,Winter,7.446383110569156,1.454007658457893,7.744778210024473,265.8291854441688,66.23036057081981,27.78712079929383,0
Sikkim,Monsoon,8.201364489361177,6.284549713719789,48.84689034816244,1483.4004348040703,326.37710359789156,29.04200785374984,1
Mizoram,Monsoon,6.049334880938411,7.70386867682491,34.62224775908511,2828.9461841280718,371.17534969074796,25.86605714575743,1
Mizoram,Winter,8.064762076002639,0.5712646587782247,19.450380805478506,797.6949106651481,125.38937885481533,25.574507310278598,0
Tripura,Monsoon,7.939894504585784,12.317231399175313,3.052263960675794,2766.605826449826,343.94378713487487,24.027713219649307,1
Manipur,Pre-Monsoon,6.179096702855396,1.1491436509757647,4.3460489227830745,307.9538195834778,88.74665327333682,19.21226352021879,0
Meghalaya,Monsoon,8.30003408258191,5.649194884596188,10.137433411724011,4290.298848405594,756.4523817986387,28.919780952406413,1
Arunachal Pradesh,Monsoon,8.081459798025318,11.249235397987178,6.602717008610143,4715.294606899329,320.79080349341064,31.74087986844254,1
Manipur,Winter,8.471781318915625,3.6566677470289495,39.16063517603809,270.03696608484495,51.40250774584107,23.055316237321726,0
Tripura,Post-Monsoon,7.14523979824625,3.2519200870688327,28.449667227176466,459.5234700215184,92.42182646640973,26.75304205700158,0
Assam,Monsoon,7.080444497015307,11.021412839676483,7.436436554728404,2783.5450276819565,634.8376530953585,31.501637199530705,1
Manipur,Winter,6.0663925368169105,1.3979336907808195,33.219751207811996,279.27352719752514,131.87093654427164,30.666623965012413,0
Mizoram,Pre-Monsoon,7.777532558768598,1.8263654716463957,16.866014344694317,54.339775119280326,60.304089450766966,23.773407908013244,0
Arunachal Pradesh,Monsoon,6.177084000387871,9.917902640750823,5.299058863911638,4501.375421692683,554.6145187025447,19.288595539955104,1
Sikkim,Monsoon,6.201423388895159,11.685995220354755,39.98629248534463,2790.285428358876,763.1997791510628,32.85222090721349,1
Sikkim,Pre-Monsoon,7.392005762559388,3.426052424484369,26.152036080754005,372.47307510774266,62.6131185878746,33.65684261799022,0
Nagaland,Post-Monsoon,6.357444942241244,3.758134955024626,35.79498033735183,124.64463991749662,133.06015365613484,23.780400423054587,0
Arunachal Pradesh,Pre-Monsoon,7.548574860586831,0.9467979932137645,4.584805410309084,496.6470474723315,47.41965919515303,30.577291466220736,0
Manipur,Winter,6.903020699332523,2.5755812484318445,10.677894318872921,246.97926262278745,46.92915535063445,28.88669266183209,0
Nagaland,Pre-Monsoon,8.444160248353178,3.505106107979092,34.67651185784493,720.9283356180299,50.864856246050024,28.520656339635476,0
Nagaland,Post-Monsoon,6.582870274939529,0.9634670718790981,32.87330972036495,470.0136598024549,123.54449948157296,22.948976833319612,0
Manipur,Post-Monsoon,6.355669470877499,2.92747482771944,20.94866026116793,11.662096026929639,137.57702098862057,20.96203061135615,0
Arunachal Pradesh,Monsoon,7.100296184675406,14.769115679423084,23.2427119139057,2133.45098675143,415.4667654102665,21.498897476648168,1
Arunachal Pradesh,Monsoon,7.822359411993138,5.8063516097909424,46.06521655110456,2537.7547951890488,641.8080039709064,26.055907850979178,1
Arunachal Pradesh,Winter,6.3029134777860945,1.2700092465469595,20.9708723524783,204.39613732077143,52.87441400843816,34.63944423233417,0
Mizoram,Winter,7.2122003734908295,3.583622275136581,8.852034429251054,293.00429376514455,133.6236592551005,18.343404943644288,0
Arunachal Pradesh,Monsoon,8.335128012784725,11.51880356800819,1.16948098495408,4424.701766820053,524.9560405779596,15.654455777202976,1
Manipur,Winter,6.135465209530938,2.0799880582455246,24.38924375163014,535.8109635692365,51.70354258736962,18.944087033542797,0
Tripura,Monsoon,7.839260022188726,5.436496431581316,49.50294150346947,2934.687146015808,370.7437868573586,24.13734057548828,1
Sikkim,Monsoon,7.030747909826044,6.975639708806964,36.34674775169204,4883.789542503073,436.99981148432505,15.247021418504804,1
Arunachal Pradesh,Pre-Monsoon,6.515529866862017,2.7633894045098306,7.897728042129016,663.6502784097855,148.47338913319024,22.00156368283879,0
Tripura,Post-Monsoon,8.495379193134353,1.1617797291507967,22.6986273133498,512.1347631746095,110.27429023845472,16.26426443139074,0
Meghalaya,Pre-Monsoon,7.293023162066459,1.1304947943429378,21.00577445833723,333.01951837910707,16.454294465787683,33.088010371852576,0
Nagaland,Winter,6.840833212706162,2.1429545287163774,34.509736470082494,556.9337481098216,23.52505998585758,32.64368652346734,0
Arunachal Pradesh,Pre-Monsoon,8.247438939151507,3.600167355700476,22.65920689421817,332.619363536595,93.30705565377038,30.79593297899141,0
Sikkim,Post-Monsoon,6.579073078483719,0.6022817594111676,16.347876230900017,743.7994582917369,51.86749457877951,32.04723976936164,0
Assam,Winter,6.794028263328903,0.828767234664278,35.77424415313138,131.80114648107264,66.25109853138267,20.68650471478535,0
Mizoram,Winter,7.185213033841064,1.8285793295669843,37.86894154798994,755.6236666329696,51.60248422696235,29.452160275468785,0
Nagaland,Pre-Monsoon,8.104492338441169,0.6011916467001407,15.617700900435516,91.27829584493237,37.96397714031765,30.35766183787551,0
Meghalaya,Pre-Monsoon,7.274363217140661,3.0812785072798214,13.768958901736877,720.6277436756641,140.64522673026542,20.669218035297884,0
Manipur,Pre-Monsoon,8.446311248621189,3.392869782302907,32.48578969548676,251.12793492102801,98.78423171925711,25.0584158630879,0
Mizoram,Monsoon,6.844714364236442,9.199391546253281,29.272334203540108,4036.6575705834825,723.0047139274786,21.580065674606637,1
Sikkim,Winter,6.591189857114674,3.8804492625629408,26.246666715265306,649.8779592230208,16.299605738795712,20.028966566968013,0
Meghalaya,Pre-Monsoon,7.093551369459821,3.7990105089205324,18.627713534409036,88.85013196977985,139.80190400365478,31.6379674470665,0
Manipur,Pre-Monsoon,8.215026673210193,1.0944090334797725,45.90457069434221,484.898191634667,123.17444478183678,21.260161072757512,0
Arunachal Pradesh,Pre-Monsoon,8.033296636102365,3.3088633564098155,45.03342848489634,118.62813759888829,113.35020946688668,20.119844980448274,0
Tripura,Monsoon,7.245593809431783,11.21356975569065,49.80469983333885,2132.7079485549357,344.1415792670545,18.957995490690923,1
Meghalaya,Pre-Monsoon,7.94896960327231,1.3371036459469612,27.952109115956336,781.6438264229482,118.0456336112893,15.307283332146673,0
Tripura,Winter,7.3939716120821455,3.4105196105482682,19.735241329560733,370.6202200325484,16.738928353171065,26.02997160306871,0
Arunachal Pradesh,Winter,6.138084246075159,3.7250854276352943,16.454335027364873,699.6863521150401,107.4066468133071,19.00645353005544,0
Manipur,Monsoon,8.276103641815439,7.055953039077406,28.9025137132746,4326.269153950323,774.3478492642325,29.64007558646113,1
Mizoram,Post-Monsoon,7.07025739991174,2.73157582884218,28.749162789042998,270.66260678789166,26.408978730397287,33.8996636458719,0
Nagaland,Post-Monsoon,8.106752053278631,1.1212265715712961,34.943837654765176,390.6690241293264,58.34389116073099,25.144619172510904,0
Sikkim,Post-Monsoon,6.3766527565737885,2.563598040868411,28.912452729571775,658.9337121241493,18.0217266244797,24.506944401075508,0
Arunachal Pradesh,Winter,6.9337136609132655,2.1998629512220407,11.16525212436293,470.7766147866775,107.43061901067021,18.73800714173162,0
Arunachal Pradesh,Post-Monsoon,6.6911595136846,0.5519210935403177,20.263413815372573,272.04797768432496,91.2784022173127,33.84778090823164,0
Mizoram,Post-Monsoon,6.939672665551817,2.1148971748588954,13.8748230836999,333.7277802304924,45.151882341396906,29.404304557339138,0
Mizoram,Post-Monsoon,7.716579701874199,2.2042002679618835,24.935160694255153,193.30851339710335,90.67833954971806,32.011003905013645,0
Manipur,Monsoon,6.100415261183692,14.973721412167203,48.35758061239145,1375.7326901494444,581.8446916084246,15.98814860630587,1
Arunachal Pradesh,Pre-Monsoon,6.07568000330076,2.316130327762999,49.49693782286735,249.26297602539958,27.094622030947644,32.20629537764505,0
Assam,Pre-Monsoon,6.428694280908006,2.7539590820404967,38.75915394829705,463.5527452746602,13.054271444066678,33.73507663567488,0
Sikkim,Post-Monsoon,6.639136385528167,1.5865832770267891,44.77596593343874,192.85427775463498,139.54288710846134,15.59250446309848,0
Mizoram,Post-Monsoon,6.248020653903597,0.9702797124040596,30.031486074589125,37.46102211122938,127.36703477662266,18.65667801170218,0
Assam,Post-Monsoon,6.706128426978999,2.7493488121493743,42.09277311173262,271.62414278082247,10.428236569794516,33.77711339392272,0
Nagaland,Monsoon,7.363192962132892,12.801885913868507,46.18348147642734,3953.5705924499484,429.81947749547305,21.66059002038554,1
Assam,Winter,8.09129054779994,3.2818274211518617,31.668353778084573,119.06306517530545,54.60079193634141,17.46589540588686,0
Nagaland,Pre-Monsoon,8.042881942874837,3.673120140542382,12.44341853556248,705.4144899568562,131.88897200149535,19.49938932357862,0
Manipur,Winter,7.307367658206627,1.798896586623644,47.87564635242158,110.4175896633295,79.07566515966086,15.734353934266823,0
Nagaland,Winter,6.917806658225466,2.77378095893181,6.587023240948753,168.2269829608352,57.16790106461824,19.383265560580103,0
Tripura,Pre-Monsoon,7.906905670012604,1.167712668621606,13.29664410333407,386.0713606971963,131.80274343445546,24.9498692048345,0
Arunachal Pradesh,Winter,6.044240257428067,0.7697988830830405,39.67481014300277,379.2043899691545,35.842292986992746,21.421367326898356,0
Manipur,Monsoon,8.334557919803313,6.131667512945029,44.58709296932528,1737.0831635373759,354.35754243975236,15.787095849585867,0
Assam,Post-Monsoon,8.144555378577536,1.3728246644912352,30.857247273873412,433.5527102119927,53.24176324141396,21.38494888121317,0
Tripura,Post-Monsoon,7.459462680106434,2.5159944173369917,1.181021855698805,197.38857317407738,27.344517227697086,24.464930175221618,0
Manipur,Monsoon,6.144036089680033,10.911711652905034,17.330815304683572,3394.9346156807455,442.7397309993629,29.322895391721012,1
Arunachal Pradesh,Winter,8.309846246719674,3.054323863990977,25.720175855650684,679.1056621404603,61.27794618061679,19.978977719732683,0
Assam,Monsoon,6.946598886457216,6.172007356180576,23.166102416154672,1320.5773633010185,651.9266456036237,16.784999291275092,1
Manipur,Post-Monsoon,7.13553613982457,3.4492742399081555,19.87359763671442,294.17579219242293,82.92019185581205,17.30493169211038,0
Nagaland,Post-Monsoon,6.997152929496117,1.478322989031637,32.35220117467999,386.26410158136423,37.196079163286846,19.91061450715185,0
Meghalaya,Pre-Monsoon,6.077986539025108,1.5693798939194854,1.749953909705504,661.5951992324478,18.95442855161399,20.77727373580164,0
Meghalaya,Winter,7.029881920050557,3.4246698311108967,11.058198858559647,259.58780324298027,102.17321756194319,29.522410071696413,0
Arunachal Pradesh,Monsoon,8.240785672142088,7.826010253124212,22.12617291516163,3736.434041430651,778.4010176582998,31.80376400558138,1
Assam,Winter,6.260067569913983,2.1628427666110692,31.152137896586517,409.5418648248385,48.55653004065543,22.215028489113692,0
Mizoram,Winter,6.219326624037727,1.1225192524144334,27.98265783063823,233.02195041807803,46.74056276565548,24.09011477424832,0
Meghalaya,Monsoon,6.2951772833379716,8.287427579441754,47.11526541011357,4845.149472583491,652.1686867255485,24.09663190795727,1
Assam,Post-Monsoon,6.684198169352809,2.5359341413135392,42.74637394747332,496.61353453690833,139.26868369210501,27.604272868831206,0
Nagaland,Monsoon,8.269237819902264,9.706462502228886,23.33403141110838,1491.1775985243294,461.0803889229868,29.36308609717112,0
Mizoram,Monsoon,6.508666816078616,5.0333081049713435,1.689677042363924,948.0062290348446,471.5217277462423,23.427565540111523,1
Tripura,Pre-Monsoon,8.388963881622578,1.0518039541655475,7.276846648264734,612.0310153020996,129.13687858177514,29.854347793341873,0
Sikkim,Pre-Monsoon,7.5895231872018805,2.5324668648068736,9.173248320762145,679.0817553681761,94.1530302379611,20.028567509116762,0
Arunachal Pradesh,Post-Monsoon,6.3848601143674735,3.1502369402615793,22.35036794898878,102.90132255179118,37.75024106892009,30.444237253731288,0
Meghalaya,Post-Monsoon,8.3333134344693,1.0235178300201393,28.547444196973515,222.5598404941338,64.8121395297859,16.013119711959554,0
Mizoram,Winter,7.827757202821334,2.136996657050168,29.73251694248838,39.32686420357567,18.153863013670723,29.350462523745712,0
Manipur,Post-Monsoon,6.087465209511605,1.7553599398239181,24.81053743346131,123.83317249744002,141.2819172712031,24.357671720328774,0
Arunachal Pradesh,Winter,7.623984550128805,1.8183936865585202,40.88745061785691,645.2226394271785,124.45944672868416,19.290524806600892,0
Meghalaya,Monsoon,6.271084162113222,11.669867205212839,7.467479510217656,3097.6567072891535,358.5606319912778,15.243708125826561,1
Meghalaya,Pre-Monsoon,7.608241453919156,2.3067725500711793,0.6464723609402534,207.37115058256754,139.08775939807808,16.385078326491403,0
Mizoram,Winter,7.702617843206578,2.3110917527975445,34.75015173933607,572.282358931977,48.42852267289478,32.79585093902676,0
Tripura,Winter,8.19728438511416,2.9057421892391453,5.836523432225377,134.2460523978252,17.353335113553086,28.999942032827057,0
Assam,Post-Monsoon,7.570127592652647,1.0892404545801595,41.86701062324737,478.86670862003024,98.84481405794956,34.3017678029977,0
Arunachal Pradesh,Post-Monsoon,6.653208769133061,3.881820155074334,16.96158389522487,362.0989963056068,35.117717945425284,29.901619427536133,0
Sikkim,Pre-Monsoon,7.4162166638379485,0.8975587651879201,22.45485072505747,579.1255270900946,67.17037503596853,26.655184253850663,0
Nagaland,Winter,8.292208714401967,0.8753009141317789,8.485461577391817,36.528037589750035,92.26408646825124,32.65190083205752,0
Assam,Monsoon,6.549551222840735,8.888462027689211,24.594110815332666,928.6171395500173,467.17863896092683,25.37718206013474,1
Nagaland,Winter,6.979898748984831,2.7444042786560514,22.432887151832926,22.985154797093216,71.42717021951526,25.51573815076904,0
Arunachal Pradesh,Winter,7.6338469582307,0.9237537458419619,11.73432008479503,75.56630673463552,137.84273733774842,30.08433127143155,0
Meghalaya,Winter,6.45490939035399,3.3225824995638678,0.8475124340378948,424.32517926045267,108.16771671902421,15.841074170530309,0
Arunachal Pradesh,Monsoon,6.3808921699493775,10.115785426611524,10.394390571033219,3587.6167848243026,497.1926738254011,29.468208646859228,1
Nagaland,Post-Monsoon,6.3976477133090635,1.4690470194786696,34.193501946282225,12.673559875823262,136.95864412617476,34.29668371087341,0
Assam,Post-Monsoon,6.319147320936606,3.8985444302122145,14.091226015733094,773.6092833639146,127.74436583424117,28.414496183239688,0
Manipur,Monsoon,6.507082790067178,6.308469170089438,10.94100169967296,2490.4169666314697,683.6666588868052,16.362740499256706,1
Mizoram,Post-Monsoon,7.552594143735519,1.0608155887145576,31.657781938674706,532.0980338462098,81.6948627493044,20.67862224056016,0
Assam,Monsoon,6.7890417638661855,14.98467615960977,2.3142323883136697,2799.903397707837,784.5235811255649,23.3959562092046,1
Manipur,Pre-Monsoon,7.61713680707776,2.0914304599726457,49.629181281048105,789.3868835591152,24.116082975015228,21.831194289467224,0
Mizoram,Pre-Monsoon,7.741477944858999,0.7682646930559084,14.6990389312402,195.16630303036112,117.31420170488443,27.149361477372473,0
Meghalaya,Pre-Monsoon,8.250517786181177,2.9941050157185014,9.047494663679867,478.33396454613774,11.921334254388494,21.279402731402676,0
Manipur,Post-Monsoon,6.977349191699188,0.5159444087154414,49.30782353971088,542.4985589740575,116.30917519166783,25.63890360421275,0
Sikkim,Post-Monsoon,6.793445471814764,3.6471113716203503,8.170406097940653,463.39019571034,116.96099330255203,17.486043626559155,0
Meghalaya,Post-Monsoon,7.1541466186361395,3.7496413152769446,26.48240578707576,262.6541943429825,62.75320961358043,23.30334453412201,0
Tripura,Winter,7.353063575386684,0.6136902215645792,7.291817570906989,664.4702913073997,146.1535627635649,31.274137815752546,0
Sikkim,Winter,6.416272669825692,1.2576396635773357,23.82230666452404,352.85346161382574,45.612540542673365,23.66443069414626,0
Arunachal Pradesh,Winter,6.976001811266271,1.7028805244364416,0.8414827413129211,779.1674596665437,132.29997231830635,23.780041067233398,0
Meghalaya,Winter,7.717654542613981,0.7568116782380677,33.894650523727854,399.7805893743992,123.87898073764829,26.176525723024724,0
Arunachal Pradesh,Post-Monsoon,7.446371063471545,2.4739946038996394,17.36001192583546,661.3071449736232,54.191301750351464,23.263142950807552,0
Assam,Post-Monsoon,7.5658706634909,2.572810020107579,30.38157751909239,590.5103032175599,142.60845974848476,17.440378630752875,0
Assam,Monsoon,8.465767563024642,5.234750507134943,1.2349611490413248,2145.9411019217564,771.1922575821145,26.567927334703818,1
Nagaland,Monsoon,8.481645167173664,14.684629458743455,22.838718138270263,1755.7365098207301,523.8651037867443,16.594082346264027,1
Mizoram,Monsoon,7.511813944727261,9.526389477567076,20.318974470934986,1268.1909026562143,584.4464160311163,23.98423569170521,1
Meghalaya,Winter,6.989329313545022,3.20240397921695,25.590398263560814,210.7651566097814,28.128433314261123,22.925931865658804,0
Mizoram,Pre-Monsoon,6.5439734137920995,2.2561086938320623,10.374213297514807,48.6023076289432,105.23293214153983,16.605977957306482,0
Mizoram,Winter,7.231106169425539,3.9086901949978663,42.304306733855,284.6902314598778,62.731047651389815,24.12631157698947,0
Manipur,Pre-Monsoon,8.094752600306553,1.3829930523408567,25.02034989532756,438.83903252590915,66.1386938632422,29.488094975570853,0
Nagaland,Winter,8.040993444179183,3.6447812966542164,10.243672185655223,718.13896953576,132.5933595670134,18.46514849768484,0
Tripura,Monsoon,6.224262809510583,6.3561925959262,36.428790565284764,656.5503152129841,582.1368610970987,28.433380342682216,1
Manipur,Pre-Monsoon,8.357609478941363,0.5395284133962857,36.14204215181446,571.3509676153335,145.4648485727501,16.257751310468308,0
Meghalaya,Monsoon,7.366987419536107,6.411474671637281,4.463559900042258,3447.3558487977934,796.542000248419,27.0042171357397,1
Arunachal Pradesh,Monsoon,6.747567048963756,9.749219594572434,38.18122654086899,1954.1344694812485,431.72373164083024,34.41996136076769,1
Meghalaya,Winter,7.218217379408257,1.8304680640592652,5.508641960005361,773.2409142976135,39.810884689902956,22.429706399874604,0
Mizoram,Monsoon,6.537837727463618,9.447816062975823,44.752326279713586,1759.715795292483,301.3963280641798,34.45918453703311,1
Tripura,Winter,6.537672508886361,1.361963459431771,38.657939308263664,327.72056809540436,26.355590449400466,21.410448007807723,0
Nagaland,Winter,7.772408119757875,1.3842575977976825,45.07045607573925,147.61450847787083,41.22831534005841,23.833501295560694,0
Sikkim,Monsoon,6.288319954586827,6.201277138895199,25.90969556542449,1779.7598471294596,379.658599970912,17.076321133114483,0
Sikkim,Monsoon,6.192591318936989,10.574898318791917,49.49267975076195,1604.6138915678277,641.6562419260488,15.838399256502445,1
Mizoram,Pre-Monsoon,8.415478870298166,0.9153246805089141,19.225015914874533,660.7890582570374,50.277068442577715,19.10750727711533,0
Assam,Winter,6.184048391411529,0.6622911669749122,11.772171891168949,373.6571545353261,33.10084506799737,26.738369766804873,0
Arunachal Pradesh,Monsoon,7.7083663182126,5.980268897563636,17.435067293181582,2313.09470459531,377.30960039216245,28.699078682780637,1
Sikkim,Pre-Monsoon,6.912140198711756,3.275867409680059,27.91590296457412,105.37631215638919,54.5149751123758,26.30891779011006,0
Meghalaya,Post-Monsoon,8.418415120192789,3.134427849819257,47.67616177471106,276.7649799910396,59.5209797811853,34.53678928407885,0
Assam,Post-Monsoon,8.3814670301907,3.956700189328765,46.412190402417586,196.54170659174088,44.11559481156039,30.564987528317268,0
Mizoram,Winter,6.523715123112062,0.9278218648497427,22.5170355142225,142.82215571350076,126.14387053080597,20.318003375018197,0
Arunachal Pradesh,Winter,8.480796144431281,2.97353632555253,31.030719319233597,443.53791013402264,122.69629412856725,15.497441054498402,0
Mizoram,Monsoon,8.006773524925501,10.98693313139851,45.320442656665136,2545.5224192346154,349.48770807173827,32.385440076994506,1
Mizoram,Monsoon,8.027666472926358,8.827918698079564,47.855185345054764,767.3915393581261,302.7203982332282,24.69415578468362,0
Mizoram,Pre-Monsoon,7.506139005784748,3.0357009609294625,46.65986666011131,581.6029592860132,54.07560401890803,18.64790080774641,0
Meghalaya,Pre-Monsoon,6.469098239377532,2.8386383839306797,8.222100269950799,14.07583372543405,30.810728718248892,16.85511728092062,0
Assam,Post-Monsoon,8.02166256277409,3.3903088179808356,27.981913642696238,615.6764440231104,51.020051824628496,18.73856451757571,0
Manipur,Post-Monsoon,6.807871098664279,1.3604641494463108,18.11283629747474,419.5747296413922,136.92503354567782,33.14196794793788,0
Assam,Pre-Monsoon,6.372599268938954,0.9591949491678495,22.47825399337509,65.0069997271411,69.23111736063908,26.35369652216357,0
Tripura,Monsoon,8.406845515319516,7.126986289887355,40.912846139970384,2575.1955188450074,607.2478572512807,25.331096578615544,1
Tripura,Winter,7.806093562771913,1.7345291775361202,29.745705205852975,757.763220237628,93.38532838469112,17.587082167088322,0
Meghalaya,Monsoon,7.408540796172968,7.67442825618182,37.384322593494154,4038.066485662267,352.2509101675073,22.639389367375234,1
Mizoram,Pre-Monsoon,6.429415132315959,1.976346709306438,4.615010756236964,747.5034054896607,128.74279157029304,23.1052098650471,0
Sikkim,Monsoon,6.085642820401268,14.077801470150789,24.896127255069224,3734.390611868108,565.399136954588,33.11381410589612,1
Tripura,Pre-Monsoon,7.230844815697388,1.7159176877691604,3.9506369887807424,347.76002438545095,143.5166529274762,15.171347836914732,0
Assam,Monsoon,8.237216202425731,14.928466475307703,21.258517221492134,4911.433292968321,303.17378409324476,16.96376597009913,1
Arunachal Pradesh,Winter,8.145106874778007,2.482508705435606,1.8123248397049097,668.9309711227252,12.228339297648267,32.871542734005885,0
Nagaland,Winter,6.700016682537883,1.3225057013236678,45.33197471355392,553.6578068128082,52.731617492570535,34.366218901219995,0
Nagaland,Post-Monsoon,7.50485440256846,1.7688302284727693,6.147935647137026,164.44579381183524,114.18465630464935,21.30429024335033,0
Assam,Winter,6.2419887633603715,1.2253038198065642,25.70177837088994,576.4156928174107,132.7255554934189,27.747114779576044,0
Assam,Monsoon,7.298538783714445,9.932152679610713,21.5954546891104,3390.8913388925193,616.1011167054384,32.5481521244744,1
Sikkim,Winter,7.772748388181327,2.589922334038406,24.114797031215257,162.7221724827714,73.13112809806603,30.24511729261544,0
Manipur,Monsoon,6.695676147858891,5.4204077582155605,26.38730397619284,4512.073342895124,561.7026721009202,28.08052477424778,1
Nagaland,Winter,7.23102628547787,0.5901293778230203,44.920176859865165,764.3661638568734,111.00106246342489,20.61688313849527,0
Nagaland,Winter,7.063192961206786,3.4881435462295998,22.01659075001735,399.1079322344717,23.174567151343133,34.99404719970109,0
Mizoram,Winter,7.999237268734844,1.9616732023172292,31.240162561415787,124.42119994878036,141.39335790840775,27.64158133726859,0
Manipur,Post-Monsoon,7.562550475821791,3.950560806799642,17.211332411556548,410.2176365939952,77.25805021358717,15.394069210563973,0
Assam,Pre-Monsoon,7.630843661954568,2.983494684156038,12.665266521597118,724.9229114882229,13.41390464756513,24.83943103428006,0
Assam,Monsoon,6.595933839644999,10.162623932837747,43.59691793879124,2840.44714490179,431.77024619230895,25.308425719640297,1
Manipur,Post-Monsoon,6.975622041879269,2.9383480510810407,14.331300027967242,634.0062064024754,74.95894536939133,15.189786378954258,0
Sikkim,Post-Monsoon,7.092979505890385,0.5505304657081496,43.788017157586154,305.4722507572005,137.45602052618796,17.912289422283195,0
Sikkim,Winter,6.109605878978456,2.674282317269531,9.626325408734242,568.5006533729918,16.498485663260986,16.08649900000913,0
Assam,Pre-Monsoon,6.557793077058338,1.9434194324773615,15.31283386905245,124.70381109996653,113.08651312934272,15.112792189789046,0
Manipur,Winter,6.8712267129115885,2.1811331862496095,13.610237220125898,672.6963332472928,98.88992835217712,28.739074335329338,0
Tripura,Pre-Monsoon,7.236018077325404,2.3120043884182007,33.84875018326691,679.9736218716284,21.518982981425875,30.035740293309757,0
Tripura,Winter,8.01791746761586,0.7957337544829299,15.379868694264426,671.5665663680088,48.98429640566187,31.30251197922709,0
Nagaland,Winter,6.692684063513522,0.9794263058020968,1.3255050856367412,214.15067223559112,49.32452371524461,22.41202492878316,0
Tripura,Pre-Monsoon,6.399962175688615,2.2494213381606705,2.4039651925378323,481.67579939306046,39.58160610935295,26.591671514943172,0
Mizoram,Winter,8.47810481160218,2.9486390495315,1.6082198735024755,109.14678434399586,84.19514218261581,27.289105607046835,0
Tripura,Winter,7.009446082242991,3.350972179299076,35.094903854240066,705.9790804154532,120.47074331715315,18.676748480261832,0
Arunachal Pradesh,Winter,6.8040316790935025,1.428017623260576,14.299374283796595,553.3291230618366,86.6420791771381,25.47782895734573,0
Sikkim,Winter,8.4776400906275,1.1210895000371435,29.826230599748143,148.0497444522644,135.54084420860863,23.650886875082122,0
Assam,Monsoon,6.000468248555905,11.778229817691223,31.182728427558594,813.4774387856683,433.593646469899,21.10451983729353,1
Sikkim,Pre-Monsoon,7.344776377094146,2.2351231247737733,43.55667229817756,35.304311538277545,39.091939231297225,24.512311899060474,0
Arunachal Pradesh,Post-Monsoon,6.013895338213974,1.6999377089712413,45.55147480571095,538.745052159853,96.60696683448226,21.08030638870831,0
Tripura,Pre-Monsoon,7.756490488985828,2.688632871071541,41.69651439391182,462.0281262818141,83.4294923807796,16.67064047164483,0
Meghalaya,Monsoon,6.764245173428186,11.379926496521957,25.43188126606011,4253.4276851590275,761.3367432753877,34.03163306540867,1
Manipur,Monsoon,8.25164831253387,9.889797280012948,29.560498223382027,685.2388649896263,372.58573756350665,34.13316133783075,1
Mizoram,Post-Monsoon,7.689786875532974,0.5211977613724111,25.494162520715307,257.85077102847333,39.09028165908729,21.329018595869023,0
Tripura,Winter,7.944914956712029,2.1685196461398193,29.218403867578495,581.9267208127078,112.62572621888481,30.39818655903344,0
Arunachal Pradesh,Winter,8.167526526314152,1.9208393222428182,45.98158087276881,94.54477457190455,55.375467601509825,20.56965142206633,0
Tripura,Pre-Monsoon,6.453449594203797,2.596629137604087,30.200680524203438,473.5374160996026,57.12533556217261,26.858736552700506,0
Assam,Monsoon,7.103300548810241,9.689636612755448,20.627016688116935,2424.953691798884,516.3366314925826,15.625885366282844,1
Manipur,Winter,7.643314282545362,1.4906000749112476,2.8588579785358172,411.8141627901737,66.5271557237362,21.396367267284333,0
Nagaland,Monsoon,8.287723689574454,11.70913263804696,33.49247864585674,4350.810496379536,771.0291072354635,23.857883694106548,1
Nagaland,Monsoon,7.998129590342785,13.667248312773951,27.840561014201874,3002.181364553463,360.6039314392934,23.302629922953994,1
Mizoram,Post-Monsoon,6.918590229998762,3.881487823533031,10.425552737484095,278.69188580486974,145.09584988356235,23.990054032543036,0
Nagaland,Monsoon,7.090913663936604,11.652525808277357,47.62121134160888,542.3360374223112,487.4421000543563,31.03803086029981,1
Nagaland,Monsoon,7.025693492184311,14.769702592522421,10.86752097348872,871.9231014943084,414.6780427552309,22.49850693221281,1
Assam,Pre-Monsoon,6.2870825401810295,1.2414852879558473,49.36199114478355,331.58434833603087,128.7450021972469,23.737720689920224,0
Manipur,Winter,8.166620395485502,3.23474172271956,49.560444422171976,746.334916241463,55.82420207474114,21.7338886649446,0
Mizoram,Monsoon,6.049630226739271,10.955817468329952,22.0332461864377,2947.1510369634043,633.1719917253554,31.135153752490645,1
Arunachal Pradesh,Winter,7.892929129113233,2.1212302508869616,3.9934192742278887,433.0569127086393,91.91569286990725,15.32878747216262,0
Manipur,Winter,7.054718595508471,2.8095799976865545,25.617587100999238,154.04491288456035,65.62573124450502,33.91197342199395,0
Mizoram,Winter,7.235541956334047,3.7551714909185177,43.54311580936848,403.80050413532933,71.97367187211921,26.775680465588014,0
Sikkim,Post-Monsoon,8.382545127601688,1.256668355581906,5.168037624651156,637.6412778858048,121.619533441357,17.181053574985608,0
Sikkim,Post-Monsoon,7.8190782122362315,1.3513491798371406,7.204703630431047,775.8055810480506,85.99681858196935,25.275430318110683,0
Manipur,Post-Monsoon,7.451237009658094,3.646609828648838,6.966171673494142,614.6883031088335,34.061848704525175,28.607941466425878,0
Tripura,Pre-Monsoon,8.234932289194987,3.1892010762099163,0.7595222381476974,649.9241419213256,104.12536650035173,29.380327624447276,0
Tripura,Winter,6.883429069557127,0.5242903065566583,44.05646768805029,536.0492310136523,63.24605481578612,32.69374974794024,0
Tripura,Winter,6.121570172137873,1.433727241536876,47.58966110182288,288.6522689530635,115.90006287550281,34.33933723471081,0
Manipur,Pre-Monsoon,7.684702986849724,2.7782073671693546,35.46687927732057,187.5990664294288,62.10228637595246,30.06129626396869,0
Tripura,Winter,6.76098339688097,2.049582195321647,14.878276919558653,266.11884103728386,43.904591716078684,30.60615696607379,0
Tripura,Post-Monsoon,6.379456571910046,3.866063751753187,18.974153472169508,670.5184974912726,57.10630147438786,33.168001903581015,0
Meghalaya,Monsoon,7.776793587123805,14.699792063734678,3.5670069342817357,2121.4469834921974,524.5935928214582,16.36164430846393,1
Manipur,Post-Monsoon,7.008422482509257,1.4939029507345305,44.97941860253027,483.4971671615902,49.48301080155068,32.04833894986377,0
Meghalaya,Winter,6.722089747933728,2.007573744572942,47.8498574972742,189.84055946524143,74.11806730337413,23.784887413065462,0
Manipur,Monsoon,7.308083515000003,13.843891564143732,6.444877291730933,4212.126600221226,595.9404662249024,16.959090448781435,1
Meghalaya,Monsoon,6.314369032254528,5.509169944192141,6.2438101379046875,4195.268588788885,308.89728773082703,24.573177871972256,1
Manipur,Post-Monsoon,8.144905959483241,3.2217849354101937,7.752805282451009,401.40374788223926,108.4844066659908,24.081839540733483,0
Manipur,Winter,8.205449413008738,2.4882917323956897,14.846034625460769,643.6956254219817,15.673543483517399,32.64389119250206,0
Tripura,Post-Monsoon,7.3831024472471976,2.1610112613211627,23.123608618573872,526.0188615126216,71.72327431303384,25.915553189685856,0
Assam,Monsoon,6.931374028469484,13.95633990130145,21.356491312575297,2798.7164463716754,799.3820632896911,17.530234250850803,1
Mizoram,Post-Monsoon,7.1750119556311915,2.502568048692451,3.7680280610732533,213.14995700307702,22.655426688898675,25.48846615946713,0
Mizoram,Winter,6.134599502927126,3.0852867667570414,17.31814351921538,93.12579819555896,82.89393088753339,21.454160368825306,0
Tripura,Pre-Monsoon,7.154463728260957,2.5121695554214476,33.0311502257835,90.56115038459315,13.31088192051416,17.7327521457213,0
Assam,Winter,7.03781341330588,1.9024972274307446,41.106337030485705,201.9352372501028,81.34054626649743,22.831155026615992,0
Meghalaya,Post-Monsoon,7.687694847315902,3.6241706649753525,44.778028986539326,653.0116143810068,37.837264991470214,17.561783359088043,0
Nagaland,Winter,7.289878680053273,1.8591568946205328,19.712975871053,13.321026299971175,92.81802417123012,16.276255206761185,0
Arunachal Pradesh,Monsoon,8.037406006025526,10.643811297944545,48.97645242307253,4434.082650217282,586.550474794547,27.743885599796776,1
Manipur,Post-Monsoon,8.26719005439277,3.6692411935475557,12.932304552203727,508.7411921951115,60.141111282971764,21.962285152998625,0
Mizoram,Pre-Monsoon,8.274903222756969,3.4601691483559778,40.3584825758566,87.42186212614293,116.30032656934502,15.170805392199902,0
Assam,Winter,6.485633365540029,2.0586410827308628,41.57824968735512,581.1124187853937,64.82633988340561,34.82419288417341,0
Sikkim,Winter,6.22935117251805,3.0709120325112496,7.759236257254165,773.988611707224,102.40648240504406,23.98948080769935,0
Arunachal Pradesh,Post-Monsoon,8.252778402362612,1.3559666136343138,13.418159124127948,775.7920274167478,142.61185044124397,28.32747659801811,0
Manipur,Pre-Monsoon,8.479675004128453,2.4544693979023595,37.85382404004912,686.7682606301362,20.598806367014568,34.72796722832642,0
Tripura,Winter,8.254008575594646,1.3605865282265461,30.276067087470015,260.6392966260477,34.03571983824823,34.27405868416828,0
Tripura,Pre-Monsoon,6.6795531635311,0.5395738351911563,36.96234679788179,134.15184882733212,38.83269457865046,33.94029500637026,0
Sikkim,Monsoon,6.34258836572683,8.931296310516576,17.423498624003326,2409.8255365098967,407.63085342608025,20.45175668627226,1
Sikkim,Monsoon,6.310868617522066,9.088396954875948,48.65923039225984,1728.911016321222,522.1077550857433,30.452619303715313,1
Sikkim,Post-Monsoon,7.289153883165566,1.1869793724353317,8.480391686394062,383.64137735739985,76.43553148481237,23.69312236005499,0
Tripura,Winter,7.308191141861073,3.3114318083826895,4.118178875795614,229.66923803752508,39.426384846245874,29.526398327921896,0
Manipur,Post-Monsoon,7.904958263597761,0.5326124346123707,31.98680526491529,314.14046693972676,25.310192567651242,24.43017265941224,0
Arunachal Pradesh,Monsoon,8.464624677650924,13.6976281095527,27.611152532962908,1206.973115532052,712.4130560084384,24.70372302275038,1
Arunachal Pradesh,Monsoon,7.714206457036417,14.771490916477969,47.76132274816844,2102.2633056188247,300.1845950755214,25.211223701618984,1
Sikkim,Monsoon,6.254795130160996,9.915615963523248,26.617898970690636,1097.8745789965549,387.1508808901492,21.23079667745161,1
Meghalaya,Post-Monsoon,6.809252019374133,3.8495940870336085,23.88528768526537,319.25432195525815,131.84834273909513,17.552970921815916,0
Mizoram,Winter,6.056326003727461,2.8698682842651952,42.157772442048056,533.7086991669546,43.370335669082564,34.08173791033278,0
Nagaland,Monsoon,7.978492530337833,6.5956802256431875,35.50796223506112,1090.752366183236,562.8949320696522,34.71035621636534,1
Arunachal Pradesh,Pre-Monsoon,7.612243832043751,1.843746625344894,13.905934853962714,29.38699842199035,143.11320846714946,31.148742910787533,0
Meghalaya,Monsoon,7.207877326929874,6.648478276049588,44.408380338307744,3328.124631304135,652.1221975921312,26.4167607339598,1
Arunachal Pradesh,Pre-Monsoon,7.920632465708319,2.1349836183899162,43.233892289483514,186.40256640383268,51.353473362342214,30.894648064536064,0
Arunachal Pradesh,Monsoon,7.588433963131113,13.556754052650854,28.20443816586307,3250.4184600105923,509.4386067801031,21.57516189378802,1
Tripura,Winter,6.210533677029916,0.9697310279658707,25.91056276725725,218.81286619296816,12.046395483588967,29.14774576734068,0
Arunachal Pradesh,Post-Monsoon,7.329230043730297,1.0940147199653416,49.51981943403324,543.4495047106603,136.22801638465137,18.250619103900707,0
Manipur,Post-Monsoon,6.588335740990951,0.9187028086459225,6.728510347270494,749.5760912085501,39.32154486764108,19.53361172723137,0
Tripura,Pre-Monsoon,7.537474943427867,1.9403479161713322,44.02171186016671,481.2518399096394,75.38922152526881,16.25999400203976,0
Tripura,Post-Monsoon,7.940633651428795,0.726731271167752,28.301318229166434,101.50497957954323,111.47241870518054,29.4297269703127,0
Assam,Post-Monsoon,7.845922614444609,2.332484913348888,34.70328331431602,219.97724973870305,47.41923708355126,23.384317880071464,0
Nagaland,Winter,7.7311394454794975,0.6506708206854346,25.699223005376027,715.0872024484896,32.68489721948866,33.69900158201801,0
Nagaland,Monsoon,7.649733163554115,9.143089334510663,1.383341120033249,2013.813213616617,389.4521735462495,22.29798224683011,1
Sikkim,Winter,6.359645474690405,1.4031782373985031,28.564237184902513,308.6460127084973,32.069808945285246,33.036217359417606,0
Manipur,Post-Monsoon,7.784952678859316,3.59562818230387,23.26931712382435,38.91328872340937,117.74615324265386,16.918660749162896,0
Arunachal Pradesh,Monsoon,8.388571537502857,6.291297444785787,3.5145606202819812,1130.5388006201447,544.1668796550516,16.60428875288494,1
Assam,Monsoon,6.066009790523739,11.68558763446747,26.496807661627376,2624.362644453856,344.5768785414665,16.43552542802158,1
Manipur,Winter,8.363417953898033,3.0028082816774804,12.47362362666466,121.58301979209881,84.28103235301344,32.68825920960593,0
Tripura,Monsoon,8.097967681469765,6.234465377725373,24.61206915303605,4318.865826393265,684.4460463303263,33.78148677457534,1
Sikkim,Pre-Monsoon,6.5784075996553355,3.612609581205115,7.568304547124938,544.4154127699479,126.41330368525857,18.26399206053069,0
Meghalaya,Monsoon,7.1390036014804465,11.987574358124764,21.201632022587763,3805.7726664650663,757.4283090524013,18.454800842431304,1
Manipur,Monsoon,8.418128329742382,11.968429997328116,34.24396642425811,1638.5376990300902,680.0434310052271,22.372228212381,1
Mizoram,Monsoon,7.119846641012458,10.8606937763033,33.147179472162804,3776.368318949605,649.3094512918124,17.234695574402885,1
Manipur,Monsoon,6.058453688649722,11.75212790807544,36.377314748350756,3755.9911878733137,326.49880414251885,31.39398421824699,1
Manipur,Pre-Monsoon,7.230422030166826,2.5114155374570006,4.669395965168787,269.6872375305851,53.59350722612021,31.92804921617089,0
Mizoram,Monsoon,8.28061632303616,12.115595937146693,8.79899147064685,2648.6687333020873,488.104044098505,25.998736463581878,1
Nagaland,Monsoon,7.677094938141254,13.243474285305854,40.3153581353244,4211.917919476091,459.07891348973186,25.679527081090605,1
Sikkim,Monsoon,6.684075447218663,8.563832455326757,37.54415371078063,1069.258184017501,764.1135814531116,32.989844052839146,1
Arunachal Pradesh,Pre-Monsoon,8.333341273996918,2.4238047920287067,45.49156770015353,27.588861184258388,53.56935746911257,18.057115374455343,0
Assam,Post-Monsoon,6.95757046366643,0.7867851037218678,12.743146924611432,776.9606875069942,65.53305048258215,33.34011982537821,0
Sikkim,Pre-Monsoon,8.462231732268767,3.8073721408833126,38.032949091033764,272.40314834252837,108.90268099488024,33.26748639187532,0
Sikkim,Monsoon,6.940945739145858,11.862219290315595,18.60578424647128,2593.6829187850853,359.59075297791503,19.801883502283474,1
Mizoram,Monsoon,7.844969240495214,7.444459794429793,15.788528720211437,1606.103436725249,362.9181810637119,15.404525746478846,1
Sikkim,Post-Monsoon,7.410065174376651,1.4617190901579464,36.70961590601015,581.9473511603778,85.97650878065339,30.9620499157327,0
Sikkim,Post-Monsoon,6.521011037753644,1.873820478087331,20.51234525253451,532.0749065112834,139.16475291918803,20.14140904423629,0
Arunachal Pradesh,Winter,6.735202690651128,0.7470630912064502,19.57205841912531,687.2746152320051,84.65852096048009,34.752080252996805,0
Arunachal Pradesh,Winter,7.6727321436496885,2.140828834997497,45.87661645323447,544.7254346821578,83.77812837818435,33.40937873662551,0
Nagaland,Post-Monsoon,7.067422549116653,1.0002290095508881,1.965420950110014,347.5194260203721,113.07945110837765,25.65163761726975,0
Mizoram,Winter,8.162435622915195,0.8418121809961474,29.675258291282685,106.04891769848871,145.9924526063698,31.521367255221982,0
Sikkim,Monsoon,7.819091603592389,14.322507660836306,40.157915259140545,2337.1163276502057,616.0285517009038,18.460261901048387,1
Manipur,Monsoon,6.37367877492935,12.075825160546444,4.536423209810852,4698.165901243647,605.1493570424442,18.288451350609265,1
Tripura,Winter,6.731920510818092,2.532587392581173,3.5236924315737994,262.67880763792084,31.207808015211913,26.011229775867704,0
Tripura,Winter,7.90341955871633,2.1392297825977424,47.8410326558531,496.18049850643644,12.7237689604772,33.547463214159094,0
Manipur,Winter,6.633577321313111,0.6876096195723379,31.20841354089585,225.13659299422062,46.0386155573055,15.936282763131599,0
Manipur,Winter,7.469959259558267,3.1328389366764258,18.616951080105075,751.976089753608,113.0565159678545,24.582853794491157,0
Assam,Pre-Monsoon,8.484485185832092,1.0857939427192753,48.18134814898119,378.38985634959477,100.74173174511024,28.780420294928277,0
Tripura,Monsoon,7.143753939367748,9.490904587543373,1.9372623575855896,1085.831016572579,439.5537158844869,17.073592361639594,1
Meghalaya,Winter,8.392527128530567,0.8632748516298837,48.65063540600347,184.17634154045996,70.07387874303231,23.91478909509422,0
Nagaland,Monsoon,6.039299604444826,9.5864278968497,14.896176781314951,4478.352291217723,755.282647815103,22.624929644729892,1
Manipur,Monsoon,7.641088225512731,13.732592463110949,32.09319289936741,856.1372731363635,562.0063290635248,30.09067035120818,1
Mizoram,Pre-Monsoon,7.46485518710418,3.8624390906608506,35.2569623435905,390.06871977265564,124.1237135889255,30.33219589851722,0
Nagaland,Winter,6.203675908366104,1.1876952056109242,33.097288863424204,372.1076299831244,122.34909209929559,34.9288316481674,0
Nagaland,Pre-Monsoon,8.247081840035317,1.2247236389573648,37.80826788969207,455.5379365655259,48.20848453784008,23.30255710944787,0
Mizoram,Monsoon,8.015025880155587,9.439724422636269,27.621570354283477,4112.740057125229,405.6501857329066,25.568431067318222,1
Arunachal Pradesh,Post-Monsoon,6.736349777814447,1.341366547608768,25.78961193031837,22.640609793665572,128.3016963055877,18.901451610978043,0
Meghalaya,Post-Monsoon,6.724453685501133,2.8173684053682284,28.594071047193008,509.84436940564706,125.55259672909865,18.878525069257208,0
Meghalaya,Pre-Monsoon,8.045194882050431,1.5973407523355314,36.13487639936989,380.93220976670773,98.62181035759119,24.447686755826457,0
Assam,Post-Monsoon,6.70123101223526,3.7069747487415228,16.05816427644296,591.0662585658625,118.66850793477141,34.16844609373736,0
Mizoram,Winter,6.67174095678128,2.8435944599442937,40.36563467264127,200.44062646614492,91.57117108445692,25.995128167736425,0
Sikkim,Winter,7.693840829185461,0.5360411661443361,23.0360446777076,233.31240871450373,26.915086205293306,18.799343000044033,0
Manipur,Monsoon,7.222787792190653,7.66145446200588,2.5507666679306262,1766.6132976190538,400.8299808477727,20.034246721026115,1
Meghalaya,Winter,7.759868021024458,3.086744781060494,31.459803286592148,183.4926434223714,43.67852224031773,16.075043537623902,0
Meghalaya,Monsoon,6.276564306978828,8.163443841137283,46.611857453383095,2303.368226660121,789.6543931819847,19.14882473531219,1
Sikkim,Post-Monsoon,6.878157954168579,0.6075950487910005,42.64475288082104,676.9958337595626,15.32676571439973,16.01381698337256,0
Meghalaya,Post-Monsoon,8.225824538523536,1.0675239372753533,11.045433097688512,341.51086729138797,73.66432342416596,33.10721179434187,0
Arunachal Pradesh,Winter,7.925814627558048,2.255324909168575,33.01760517068856,579.153081868857,37.03140118680572,23.803871493482184,0
Nagaland,Pre-Monsoon,7.555752668013157,1.5998235641184366,48.90892597243998,692.2005302878798,69.2084050478108,29.688043959037334,0
Manipur,Winter,7.061551397070625,0.9214132901886156,20.80134778085721,727.573826942037,134.97138048756705,26.098158144545973,0
Arunachal Pradesh,Monsoon,7.161700944069983,8.618153158853339,2.1233934346027494,1238.6355392151659,614.4988380734078,28.151942763145204,1
Arunachal Pradesh,Pre-Monsoon,8.117420212677626,1.4524019441761125,1.4575476091387152,189.87612504704052,95.72927807344276,29.751589954187253,0
Meghalaya,Monsoon,6.161099595061292,7.333609446348035,27.40732587179686,3767.3845383473063,441.6096619368285,30.189757584182516,1
Tripura,Winter,7.3788728224328,0.7549657360780546,21.494606633382507,252.21202973085798,57.804726950022136,19.940306615368733,0
Meghalaya,Winter,8.444766553900198,1.9915101422879218,9.991814602812365,606.1794098760892,63.090643084034724,34.94992205096017,0
Manipur,Monsoon,7.767707930403373,7.890764803746792,19.61073158847087,884.1279597492122,738.2116785383173,17.643520645631178,1
Manipur,Pre-Monsoon,6.268668746454736,1.3325679085044086,2.852100447364736,613.0225889948142,91.86640117519819,26.351633836886414,0
Mizoram,Monsoon,7.247632017286801,11.497855320210636,22.958809311988276,3231.732371455266,586.0276728329771,24.848681902128607,1
Assam,Winter,7.138858262280801,2.868472064640206,48.557255800295415,21.693265564899136,105.12577873287091,19.828341230759712,0
Manipur,Monsoon,6.832513080533443,7.945668604751052,28.888941423936675,4485.022308980302,746.7265606919825,27.275199475441,1
Sikkim,Post-Monsoon,8.109304459625404,1.956237172042334,36.219798930574406,719.1609582812486,43.36884036434801,26.74783170457971,0
Tripura,Pre-Monsoon,7.1347251251755415,2.405821539857839,9.382095788715073,576.2179435381129,54.116635846188885,28.368083557363576,0
Mizoram,Post-Monsoon,7.521511924329128,3.069862944573586,6.0161658294198785,365.57413713444265,115.45182479407197,23.184866599305018,0
Manipur,Monsoon,7.2244863007427025,7.477721721537128,40.59550166011817,2248.7883732289383,579.1717659079525,23.39281551150427,1
Nagaland,Monsoon,8.324781314852892,13.333437061340502,14.006250749132803,4052.057538201812,683.6091289453545,30.515906446216487,1
Tripura,Post-Monsoon,7.38530090723815,1.4161105509665408,22.86661779840552,731.9361460698963,146.16519433504843,15.302808165411935,0
Nagaland,Pre-Monsoon,7.314572337769126,2.285825871731165,20.417099797473163,794.8316078979581,144.93152371897537,25.258182120233094,0
Tripura,Winter,6.8823116077774245,0.9818630202899399,47.50508789083504,384.9790261351638,28.534276581181047,30.669600878684555,0
Mizoram,Winter,7.4091508759822515,3.5937508046405924,45.936699180819524,384.14136240953934,49.330621005598886,25.090298999790257,0
Sikkim,Post-Monsoon,7.692445753791484,1.5989850172272624,33.182678215796095,439.01801594278277,129.21707354393612,25.252828793146755,0
Sikkim,Monsoon,8.290844036112341,14.96571064735157,23.403439878580436,3478.8495234119027,332.0731582429339,23.355111249672454,1
Tripura,Post-Monsoon,6.324236342061592,2.94182786579392,19.778805895639866,573.1173895007897,117.72503770514754,18.829848364673953,0
Tripura,Monsoon,6.412256971571249,14.211334470072474,2.9235757944885368,1422.8988239494452,374.1673757663387,16.244119345613555,1
Meghalaya,Winter,6.182868706791696,2.4041093307208756,18.738686408893006,172.92917299853585,84.43159372965164,18.949921095562686,0
Assam,Monsoon,6.773798957548259,7.66811480890896,15.267005759351138,2556.506505567779,465.3816521616325,34.91566542673468,1
Meghalaya,Pre-Monsoon,6.776047254560047,0.8413647611779289,12.296158544844921,411.9661991316434,133.41438149612696,31.291404232875596,0
Nagaland,Winter,7.005964784477781,3.4797697046530702,30.96856054308155,150.76153365890818,24.44491678903072,30.3624770844467,0
Assam,Post-Monsoon,6.165339533789459,1.5348521871848573,6.244830616649555,272.2048696258271,72.12794967332088,21.550868326990624,0
Manipur,Monsoon,6.207616061247018,14.507499455799211,37.56744252808096,1485.8241625421645,475.08765095644196,26.528024993120628,1
Manipur,Pre-Monsoon,6.128994470986786,2.4421641172933697,14.052060124574284,467.7787738361153,147.60578085101832,18.009308384011536,0
Arunachal Pradesh,Pre-Monsoon,6.3393569790966335,2.3524139232384673,20.601441377787307,121.6357245936378,93.01769660369712,15.352938218717895,0
Meghalaya,Winter,6.123214532858344,1.7192130123966916,33.760828712786015,554.2733301151592,85.02821479223141,26.274046988341013,0
Mizoram,Monsoon,7.248586113817622,14.888223036931574,0.4745462333604511,2948.430211877931,726.7045165235604,22.746710255013863,1
Assam,Monsoon,7.95705374960301,6.18284094124456,23.584688944921606,3687.8863737746296,689.6334140151018,34.26673149819201,1
Meghalaya,Monsoon,7.480067195100972,5.860808788039252,17.214791542495057,2544.5419914039617,686.6316557882726,34.92895883107094,1
Mizoram,Monsoon,7.59879129135797,6.191062136790225,27.733213135844885,3730.1623206374525,653.0153404566395,18.83481090198369,1
Meghalaya,Post-Monsoon,6.01417200468981,2.612949307769217,7.120736250060072,594.6065980651385,41.54389399170183,19.899536463886925,0
Mizoram,Post-Monsoon,6.172829136740294,1.6684246520997839,37.2484922193745,107.81983377881875,16.309518017056075,22.086782784427413,0
Assam,Monsoon,8.035735800496159,9.256431276848387,27.719334227998132,660.6040490830828,461.32421161264267,19.122815317721532,1
Meghalaya,Post-Monsoon,7.303246174810298,0.6816348228568772,33.118452283472685,216.60091088659078,63.48889638510142,31.552924728286275,0
Mizoram,Winter,6.832810678557732,2.2766515971539825,0.7357893172159402,288.83590347654945,67.71314352616821,32.498403474724924,0
Sikkim,Post-Monsoon,6.539164674703337,2.4476735435624173,2.65160585554694,347.9595132331857,144.97365245863375,31.229665835017112,0
Assam,Post-Monsoon,6.8169774658853495,3.6254330901776286,21.511326866634594,677.1059063947903,82.38908646056788,22.32792216356536,0
Meghalaya,Pre-Monsoon,7.476694191175423,3.6986337282534882,19.502998977295245,492.7525471096196,106.94376269795663,23.017917391771334,0
Manipur,Pre-Monsoon,7.281746824242265,3.8345609128747715,22.783199115703017,52.97105107820394,74.79124904941857,33.59949317612399,0
Assam,Monsoon,6.068818710663895,10.395435450663065,21.500514011780638,1712.6340606394583,539.4965527069546,31.336153483144827,1
Assam,Winter,7.326853016497559,3.7832905308718905,8.960684163102655,376.75091598115785,132.63560420581388,26.66745439910946,0
Sikkim,Monsoon,6.322977581681828,14.077608011543594,45.92759880040009,656.3027354828096,765.5463274734916,34.96499936489282,1
Nagaland,Winter,6.058897346457057,0.9264552880372265,17.136869424209785,311.8758299605883,79.72725104745287,26.177977957411418,0
Sikkim,Post-Monsoon,7.465698958039302,0.6233707695603565,40.11060826885351,12.582063120339006,117.76586514426246,17.522521893313098,0
Sikkim,Post-Monsoon,6.289701239134284,3.145327031076035,35.351761186609046,482.7409934009803,28.688209630667764,26.04655900781631,0
Arunachal Pradesh,Monsoon,6.363190530420081,13.760792631334478,19.532153136347517,1318.535502666598,474.43755764451316,24.207867023867017,1
Nagaland,Post-Monsoon,8.084770773252751,2.9705024961469775,6.520021238178936,273.18904914106844,88.50407871902749,17.71354385137006,0
Nagaland,Monsoon,8.030085231731967,7.088724740391333,2.660232226527609,526.4086087016182,482.62293084547036,30.050880368809274,1
Sikkim,Pre-Monsoon,7.497373402451377,1.889669474520028,49.730057855026274,612.1348329955815,79.53013015424649,26.43061740905253,0
Assam,Post-Monsoon,6.5747356780313755,2.091323689367564,45.80881824486413,94.44248805520267,18.91243842596976,32.36979997886202,0
Assam,Post-Monsoon,7.500370457248392,3.5070362303160145,41.9995155893928,628.9814319964242,78.85281892399948,18.30495792757227,0
Tripura,Monsoon,7.253411767850702,12.82438113017955,10.308263566806557,1071.7387817411918,753.750566610954,33.46121329696898,1
Arunachal Pradesh,Monsoon,6.874492191186844,13.711394712385507,44.64730876313317,3693.6761690866892,782.6506817261143,29.916387393927252,1
Arunachal Pradesh,Monsoon,7.060970897649357,10.791399307288678,35.454646597787935,3520.8147877982956,485.2099784890252,21.196639799202927,1
Manipur,Winter,7.889861774736202,3.3059600799902014,23.492333099363677,138.1738648971059,15.56197959155817,33.40288585023984,0
Arunachal Pradesh,Pre-Monsoon,8.215048576209103,3.100694445530609,33.20796776778146,106.56588357591538,75.0038780371034,17.321353324872963,0
Nagaland,Winter,7.88896968283496,0.5616943969929831,25.480696943239067,120.8310840234075,57.6522542122105,15.091257777666753,0
Nagaland,Monsoon,7.179736990372545,10.243831864982528,0.3970398383445817,3609.2281404054565,484.9228189534652,24.271155777101097,1
Sikkim,Monsoon,7.934992334060754,13.76444029012031,6.9989694263288165,2150.235329596925,529.2569230341005,18.58150189028795,1
Arunachal Pradesh,Winter,8.35721418640993,1.6456378825601656,21.63093682339994,28.83446624212282,122.50878368979313,15.3041570837098,0
Tripura,Monsoon,7.651807598012709,6.296945432967943,21.057570026156252,1014.2680632239947,484.1280132018518,22.55129808804505,1
Tripura,Monsoon,6.343414782083015,6.38758191650906,9.244516315242429,1058.2607865162104,571.9552450865174,15.036597705004038,1
Mizoram,Pre-Monsoon,6.02898099709363,0.5067872359599859,23.030117737166776,358.1778144468997,15.868549959191519,26.34901366751663,0
Assam,Post-Monsoon,7.916622902111996,2.5978501810522983,41.727546813685215,432.7998644993998,53.79984297483049,24.89601419734705,0
Meghalaya,Post-Monsoon,6.444432986468203,0.6794977837572677,41.36950963142638,661.575885573244,99.34421199194725,21.589613384084753,0
Manipur,Monsoon,6.61282839088446,10.382125609509423,31.479566601336245,639.0803374291215,377.80655149577785,15.503422807834726,1
Assam,Winter,6.426613887149654,3.8846333179661507,43.15045048631861,638.6885587758721,134.60744710120656,34.38974065485836,0
Manipur,Monsoon,8.412983759897534,10.234460785084984,43.344533208329835,3618.626495685068,599.830761711969,20.60993954425877,1
Mizoram,Post-Monsoon,6.589312079986813,3.7196400388835724,33.82281498600052,529.7404810556066,15.682403148756173,26.211613913291576,0
Assam,Post-Monsoon,6.705525135736192,2.7011445480332728,48.86813890854574,244.894135122064,20.19595201204567,34.392029625626606,0
Mizoram,Winter,7.067784481987145,1.820227611730559,49.74096947700107,283.90340411446,55.31937218336562,34.50184646082276,0
Meghalaya,Pre-Monsoon,8.186262453554317,1.9727602266970055,3.350421321777536,95.84031682103931,17.21448237464432,29.4776839190327,0
Manipur,Monsoon,7.4099542443606365,9.354325983782385,41.29811416156207,3107.671440879036,497.81469661489393,32.550249634315854,1
Arunachal Pradesh,Pre-Monsoon,8.118783722570416,3.2385135649645416,11.149578412489081,538.2777852158354,92.14640025820316,31.015171296015897,0
Mizoram,Post-Monsoon,6.708787176449292,3.5804580289237102,25.80332664527666,470.11867386799076,109.74556252447157,16.430227682564865,0
Manipur,Monsoon,8.058315801545408,11.96753791061003,8.581319052665654,2689.026972482349,326.6361750755918,30.868444651226454,1
Sikkim,Winter,8.315462554393497,1.3399775241669398,26.539684853951883,319.407026536859,102.55794453535204,16.09172841134,0
Sikkim,Post-Monsoon,6.532215460352637,1.001236183809423,43.070399328275435,354.2093760119254,57.47005222716244,17.233497650468365,0
Mizoram,Winter,7.6218272694674,2.161042672647431,9.127594152968332,560.1247966499257,19.468758221597515,20.794191769401095,0
Nagaland,Pre-Monsoon,7.773568809295943,0.5434156082976557,29.317167060432244,757.6080311706364,98.96691660064793,26.627524801850758,0
Meghalaya,Post-Monsoon,6.013996769586262,1.5912947933743107,18.813837228187413,721.0996963963578,33.78847786527075,27.180170965117348,0
Meghalaya,Monsoon,7.947346630401173,9.343106242275198,41.18906568532263,4043.7362606034453,615.4101928875201,24.158473574696995,1
Sikkim,Monsoon,6.640358023313289,7.866621737246936,42.86096664742817,1934.6040478678563,501.2055208558014,33.29386711241142,1
Assam,Post-Monsoon,7.126950904033482,2.944332308150546,41.48293794898546,334.29191478908433,84.22515219179756,15.232022758262602,0
Assam,Monsoon,6.4351891395153915,7.341639236631031,10.573933962757959,1304.6488011717129,614.4961755887091,16.698666274892783,1
Sikkim,Monsoon,7.886241055618439,6.444051425107958,39.1602669005707,3489.35682203219,347.7714233537038,28.848813114844805,1
Meghalaya,Pre-Monsoon,7.710768609058086,1.7248568921426224,49.66939549299818,610.7537640691766,65.14448260035047,34.29401051893968,0
Assam,Winter,7.762998455138598,1.2250443152729273,34.931446514512956,221.41422907238402,111.9795098220432,28.26305256145148,0
Meghalaya,Winter,8.31043432854875,1.429946168061691,44.18225334439032,215.0832006302015,71.25050614011543,22.95526408141326,0
Meghalaya,Winter,7.1061307501440085,3.3666467199290673,20.0092774099717,106.34184387150772,73.6483542661511,33.64449211579321,0
Tripura,Winter,6.088417310796802,3.3015436928389117,14.953270750066972,489.0329576350726,24.362940889832316,31.0436625725241,0
Assam,Post-Monsoon,8.091701131356446,2.7968265988424283,39.908367723336994,158.0322088942352,21.524281134689293,19.599558037036182,0
Nagaland,Pre-Monsoon,6.0203747350832915,1.8397612330320274,3.6915759728295194,177.11482533544907,52.5294208405963,32.44039199063478,0
Manipur,Monsoon,8.183315751255122,7.487537754502053,47.043787351591085,3330.640754270444,609.6273286777616,27.20629957081401,1
Assam,Winter,8.210200548258607,1.3943907860446134,40.477069761796535,91.27885765905047,105.91643358740686,27.74243493028821,0
Sikkim,Winter,6.390437892265354,0.608877208587269,46.83284666711106,779.9347488938092,132.11533038756,24.001556026315086,0
Nagaland,Winter,7.660465046065264,3.610210523805795,11.107990661043466,373.2325165771414,85.30972802907964,33.242741315607084,0
Arunachal Pradesh,Post-Monsoon,7.290530373557366,2.9699141087370804,7.030306054095781,131.66519779944772,133.4050453330126,34.302248060240515,0
Manipur,Monsoon,6.416166082434572,12.212347069796035,24.775034476409587,1902.6465122179618,692.5170187166398,15.174856318244048,1
Assam,Monsoon,6.448526533908374,11.344654377778436,24.95076727903039,823.7303954282567,467.33936430174685,18.075112157609347,1
Nagaland,Post-Monsoon,6.486745056230999,0.8660525573477179,46.65076435708518,592.214021648027,115.42189361477833,17.29742294692373,0
Tripura,Winter,7.191273575008265,3.0739948029169355,42.33685298024889,298.25343496883437,87.37741600508988,19.0356981248804,0
Manipur,Pre-Monsoon,6.592647088667892,3.3424648067003515,20.528373287717795,649.8522786216614,100.89165384738386,15.778399016602517,0
Assam,Pre-Monsoon,6.273116350126952,1.4259346164068627,30.131942772886077,387.15108934113033,99.87344227682631,20.53830578059015,0
Nagaland,Monsoon,6.43619906202766,8.95682290134129,4.335766642482031,843.0948363695148,488.2049516003458,25.24289568477612,1
Manipur,Monsoon,7.180646340888869,11.671869601439898,12.906010145043624,2921.8180737368652,395.3411935523522,17.99444272639604,1
Mizoram,Pre-Monsoon,6.86196392529423,1.9270975072375822,1.5201370774705292,655.1153748598198,54.767950448085024,19.99913344294955,0
Mizoram,Post-Monsoon,6.931484687054001,1.9345400981070273,41.51292610519195,85.29200128812299,115.26542736770642,17.987372365704484,0
Nagaland,Winter,6.913213923941772,2.1674588588662838,24.645780512811754,305.8623571382722,58.75565804108478,30.087687955232255,0
Nagaland,Winter,6.678671644726782,1.2470271095309773,23.021405176699027,275.0830674746967,41.58192598730807,26.87648919476708,0
Manipur,Pre-Monsoon,6.527370383700936,1.54389874732543,32.138560117702056,580.0743155744184,108.71825638320541,31.39963921924612,0
Manipur,Winter,7.261708024090368,1.8846707802009006,27.452974080711197,768.2838891216243,135.68035702071424,28.684809528625035,0
Meghalaya,Post-Monsoon,7.772884233536597,2.1016023773330748,48.807964743561165,633.480115375727,109.69341184984252,21.76208142887245,0
Assam,Post-Monsoon,7.862334013211658,3.5168322754308203,0.1819951313999757,332.94401930439363,14.722135520221949,28.35865676888067,0
Arunachal Pradesh,Pre-Monsoon,6.697229869012671,1.2743853567785401,34.4758985149776,225.63115650390435,124.33542563718103,32.69712182982365,0
Arunachal Pradesh,Winter,8.037119898221373,1.274512903511178,17.150167476764715,482.63586892535693,93.62816790279298,24.52501888239064,0
Meghalaya,Monsoon,7.667043633471813,5.847571585984733,45.61054452890687,1368.9867240799742,398.45059116479473,16.19878174283274,1
Tripura,Pre-Monsoon,7.340932922108687,1.7345975311991295,10.720677643770482,92.77352479219009,141.65157852397576,34.6353650010782,0
Assam,Pre-Monsoon,6.658396734920581,2.3057488956127346,6.737767361352076,75.29161345161329,135.77271588997297,27.395214251265326,0
Manipur,Pre-Monsoon,7.720977970804823,1.1450149484171874,4.752494789479245,671.8449461684736,92.97350880774431,27.29483199849502,0
Assam,Post-Monsoon,7.100391946154545,1.8556721582195017,27.80031409934054,665.6004400200978,64.15483984613485,31.013825380834465,0
Assam,Winter,6.896634759409265,2.308086329006536,34.55923308821054,439.0564566942652,110.7814136831738,28.01051595845425,0
Manipur,Post-Monsoon,7.6354411275095195,3.0227709510695036,12.792843353953476,174.84960238077113,86.88845475949898,18.982073816387214,0
Manipur,Winter,8.326483706628695,2.3000515293623978,11.020826037599003,386.85000943089585,90.44980412397209,17.616390042875185,0
Assam,Winter,8.361599287490439,3.9034000984926784,30.54831437649817,74.30494515140674,112.32840862937014,32.51490057880341,0
Arunachal Pradesh,Pre-Monsoon,7.232662519102668,3.755822167276969,43.53271518399896,537.7583291148513,102.82622170624055,22.359682418170667,0
Assam,Monsoon,6.818187751445186,7.9305312016372955,23.580092185593436,1013.26134015216,340.5494494000585,31.53381787857613,1
Tripura,Monsoon,7.492576841413818,9.286518492156475,45.77786640265939,4461.013521263811,587.4590803116496,17.522219127288857,1
Mizoram,Pre-Monsoon,7.1642802383216395,0.5794800878099542,21.899881792164127,640.8129675029318,75.29361576081949,17.823806108645627,0
Tripura,Winter,7.676907024500318,2.6468145335720155,12.79684435171241,506.9555290467642,108.51348692822069,21.51460244159191,0
Arunachal Pradesh,Winter,6.281387701334187,1.9156702280547666,1.1588126996339432,15.508141283460617,52.503346828787585,20.719352542915992,0
Meghalaya,Monsoon,6.526239164718507,5.299644789703563,9.5776890680011,4729.232544419665,703.6550097674738,20.733431720329094,1
Nagaland,Pre-Monsoon,7.29317629931381,1.3128218610690063,31.649651218284664,124.37078990499363,69.35918343857259,17.694340041200714,0
Manipur,Post-Monsoon,7.272561253862855,1.756181641185409,27.769522556883047,582.5613951415343,97.81702269027375,34.120082784214055,0
Manipur,Post-Monsoon,7.796461136979804,2.5391572603232246,39.73715481652956,588.1179030915379,140.94108534751336,25.610335231122612,0
Tripura,Winter,8.363312089215515,1.9298327398327224,12.544952410250582,139.1343098866704,22.978943579401523,21.962662271271313,0
Manipur,Monsoon,7.108333094744653,11.30951673979861,37.394173765720254,3514.57188971953,733.7416732734453,29.09127375498663,1
Assam,Winter,8.162964748830175,3.488404673028233,32.25951414908261,124.55070581878046,67.73615834084507,30.61616887205785,0
Assam,Pre-Monsoon,8.455385521325798,2.953296725412248,17.705510804026446,219.85772936262128,92.74752090334219,23.115772320470477,0
Nagaland,Post-Monsoon,8.030746434320235,2.792013775850598,28.07541925484316,236.4509768818121,69.8744811698166,32.35886030982743,0
Tripura,Winter,8.14633808170724,1.6988190778247823,1.9099012241829083,481.7439535048971,145.51083583082416,21.576324354399688,0
Assam,Winter,8.128150192144647,2.7865332963895098,9.576383523063997,524.7930009096378,139.855935564657,18.778113080609987,0
Meghalaya,Monsoon,6.519812863112529,11.222106745485643,27.049537568045253,2736.9193284118464,426.5334659279764,32.66129293034162,1
Manipur,Monsoon,6.344365289587158,8.093833589612771,28.676036945319066,3047.7051746764173,535.4078669177293,34.84544434567402,1
Tripura,Monsoon,7.7355950777274955,6.781358710338426,40.7113989231735,3691.549250041609,696.4344918949954,30.037196273466378,1
Mizoram,Post-Monsoon,8.051957267209124,3.2553547237946208,18.529822641396247,160.10498130060307,19.683232037614555,32.841148598813305,0
Arunachal Pradesh,Pre-Monsoon,7.2120959029015275,0.9157986590958584,5.685703978152478,716.4392227839835,71.41109676283739,26.468382461742156,0
Meghalaya,Winter,8.232246071242788,3.3633738944809393,21.989580242632833,424.75652451897673,127.42685048572898,34.56033945794408,0
Nagaland,Pre-Monsoon,6.876952404165305,2.1788163757820858,9.45078807305243,498.79231599215876,29.63175147067783,20.533466900689554,0
Assam,Winter,6.2853340806801326,2.181398048016611,12.906400407288038,550.3491355977385,113.56051102152543,33.40063197637707,0
Arunachal Pradesh,Pre-Monsoon,8.23516855020432,2.844322755404894,30.98971778962079,536.8616925806662,64.22245551307054,30.997417050418587,0
Arunachal Pradesh,Pre-Monsoon,6.5350669847751455,2.6054019172646536,23.0213748399831,737.1570031457379,137.1170425983181,26.335666016067677,0
Arunachal Pradesh,Winter,6.067000314364562,0.9616697037527204,25.957529923414803,352.99595168136767,84.17644853878089,34.49264665696126,0
Meghalaya,Monsoon,7.655491838641188,8.1117417673701,29.75475320572862,625.4730871012817,320.1550022226151,20.85215122981102,1
Meghalaya,Monsoon,6.063263418789275,7.868420552612224,27.538049148430638,1244.84793017218,694.0190727690997,15.07152257063067,1
Mizoram,Winter,6.645236464408209,3.371008090604003,28.35373837865959,736.5325335391998,72.96279016664819,17.181135651696724,0
Meghalaya,Post-Monsoon,6.615178960363487,3.439428192891531,5.477765351828201,129.5184893185225,91.30467228003134,23.438988727750534,0
Assam,Post-Monsoon,7.341018220034151,1.8507318429415236,16.555953415107457,476.7826054857334,68.54474762003254,29.687449164268685,0
Mizoram,Pre-Monsoon,7.241355755940497,3.6917203047039813,18.167762358786234,334.18276832014413,46.72910263480803,24.367426256002084,0
Nagaland,Winter,8.0786651500688,2.3309519128709777,5.791031766317611,578.4928009081559,58.92284803180117,19.035038628817013,0
Assam,Monsoon,8.058018426119554,8.26066443281407,36.01887455204526,4421.336094851415,582.9480228124114,34.82172703771549,1
Mizoram,Monsoon,6.935551108109852,9.782369985019866,42.75468170110278,2115.3711185627844,496.2153163488773,25.08499957268527,1
Meghalaya,Pre-Monsoon,8.4900701261353,0.6202142128809583,22.460010659791514,549.3739483940874,40.43980131513022,15.213177615228169,0
Assam,Post-Monsoon,7.949976472070931,3.6493113344855113,13.396321159124108,467.67875341272,27.44274837485062,19.963469784207703,0
Nagaland,Winter,7.799811287573583,2.7476276345653403,15.230411595993482,763.7721752084573,87.05946690539251,29.152692196069598,0
Arunachal Pradesh,Pre-Monsoon,6.125303198394312,3.796916125288496,20.82850308264738,669.1368421088773,13.39317958727397,26.210458887767768,0
Assam,Post-Monsoon,7.668775120593072,2.976698248560498,49.590206034119646,245.69533877965137,33.56871595977171,17.06508357345206,0
Sikkim,Winter,6.263751099792146,2.6942823670756786,47.291727173526205,787.6839160704151,69.01875782499312,24.728196850009198,0
Tripura,Winter,7.791078344479951,2.795260029372172,20.09482945958893,85.3799970773525,59.47371312410206,28.239663958569242,0
Mizoram,Pre-Monsoon,6.230363121093598,0.7119898234161515,34.159385224302085,632.7842881485672,96.6800954152895,32.76678484086965,0
Sikkim,Monsoon,7.514591380173665,7.043110912098096,35.794227663837155,3665.916491978094,320.39766552290405,29.85599656820677,1
Sikkim,Monsoon,7.8846483140089365,14.40022022366452,23.067320713895885,2319.921971566259,748.1726993089536,23.550139501242924,1
Mizoram,Post-Monsoon,8.47891740813313,0.98229677014224,41.2070863978467,85.43945101475964,100.74841006057548,24.344697795424437,0
Sikkim,Winter,8.336089358691673,1.4687974006428064,25.21392271853444,590.7185798608494,95.44271886378124,33.40541560943769,0
Arunachal Pradesh,Winter,7.794988525021785,1.8991568640288552,41.53710330775826,459.72470395323325,21.90862411640943,20.12694766573803,0
Manipur,Monsoon,8.185155875985613,9.995111665591867,26.26773594555617,603.300244615019,725.78836845454,28.24205756182603,1
Mizoram,Monsoon,6.575861475545384,8.021656400780735,26.028369009645697,3435.4587367282215,608.4481887633199,30.719379696879713,1
Arunachal Pradesh,Monsoon,6.5203258031270925,8.353109773184084,19.493278492271433,1985.0801609829578,637.8676856363239,26.02374578762605,1
Mizoram,Monsoon,6.259497190686054,14.204923363505221,41.05957838777653,2057.0052776341854,371.4120662764297,20.864110408089793,1
Arunachal Pradesh,Winter,7.902362559725997,2.761172006502017,14.77203475390243,88.43139845301403,145.33577731829553,24.74956385898085,0
Mizoram,Pre-Monsoon,7.623010918505046,1.90521225775226,27.099298697397987,738.5241860726624,62.24601620147636,31.27086930489642,0
Sikkim,Winter,7.192778075375077,1.4500152213125765,8.048731906466283,453.958753341852,10.691757172395915,18.46206142242496,0
Sikkim,Winter,8.370245075484851,3.9106387136589706,44.514842090131275,18.58463147406238,97.71868753656139,22.84492505837847,0
Sikkim,Monsoon,6.72515959098096,9.558658291012794,5.655985792409296,2656.679363582568,533.2394027515688,22.52932199863832,1
Sikkim,Winter,6.0433800779943265,2.6536995137673975,7.3810216315448764,519.8703330422643,35.97341237478533,19.48956517515601,0
Meghalaya,Post-Monsoon,7.405668197183921,1.9914499738067342,15.588799486656601,745.4226172376544,143.46925953141843,34.491279635808795,0
Tripura,Monsoon,7.125268475615607,6.02829457021339,36.48946326135605,870.9115745520542,336.9292983688398,19.440494254868913,0
Mizoram,Post-Monsoon,7.461999012484934,0.6061731307663634,34.65466502897415,151.7438449796544,55.9788578535727,19.922549749358108,0
Tripura,Monsoon,7.508588324322806,11.656962556512873,24.714765154485534,1083.4919943287337,766.6805537891581,33.54387993459879,1
Nagaland,Pre-Monsoon,7.016904437700311,3.4144462845992525,34.11732262568182,564.5403052788384,90.1467309569393,31.787654130185665,0
Arunachal Pradesh,Monsoon,7.200367208336502,12.215990661355846,24.360527435829155,3732.447542080542,497.70705463321525,21.976974775944633,1
Meghalaya,Winter,7.251692175359379,3.7929887233670856,2.0883742266738894,402.21642107823175,129.80847381961183,30.533838295992176,0
Nagaland,Post-Monsoon,8.057481438862613,2.0451647213703064,45.578406379608225,745.9968186358146,50.93504362352354,30.207888518495693,0
Nagaland,Pre-Monsoon,8.064032982481148,2.0484903896238125,20.56168056698537,415.6430507323816,74.96174608791335,15.205652215564673,0
Arunachal Pradesh,Winter,6.862035855459687,1.4733289227770052,27.97319671471109,570.3924217195507,27.821113985505118,21.512441135052615,0
Tripura,Pre-Monsoon,7.226135980596174,2.116724787871189,39.618170169935304,174.4223210913374,146.70451874889065,25.83203442049902,0
Mizoram,Pre-Monsoon,7.464487493555862,3.5032892832094253,22.53279241967779,209.5028227542045,20.67755678570323,17.422955398106915,0
Manipur,Pre-Monsoon,7.157432132731198,2.236651148112225,0.7598048509260935,790.9382212429929,30.545393710949263,25.431514458154957,0
Nagaland,Winter,7.1811113179908155,3.250334018456449,24.30799063011418,483.50978516516165,51.83043763596223,25.593090193326717,0
Nagaland,Monsoon,6.8350157815760495,7.2357606336083915,39.271340669500894,1377.8850806654361,459.8100578017055,29.59100229181378,1
Nagaland,Pre-Monsoon,6.768904736904851,3.9821064822082572,29.367076626714017,645.5459504095469,141.06394442300723,26.965469720961543,0
Sikkim,Winter,6.809671429286503,3.7520009214168795,41.48046602861847,399.28696909882655,115.87939316625292,16.47368326544012,0
Sikkim,Monsoon,6.038637580174966,7.820881840413732,20.400488799279497,2687.4576294219,351.34139085674974,24.132081483117563,1
Tripura,Monsoon,6.592138919280057,5.085552130321699,37.30951814725179,3887.990719923654,555.023623225628,21.153031612341877,1
Arunachal Pradesh,Pre-Monsoon,6.83750956233616,0.636883922326061,15.712467528349267,631.4895687154016,149.29319274858088,32.593744148558194,0
Arunachal Pradesh,Monsoon,8.184877037983316,7.8780386690671556,12.61532309951522,675.9488996109278,398.57461418835,15.788353052124682,1
Mizoram,Winter,8.214949710608389,1.4341150193886287,47.7814366486768,187.2199450445358,149.36156570500026,33.43051558380683,0
Mizoram,Post-Monsoon,7.8115033469885535,0.5890356568744914,1.3124887344574454,237.3276805268699,137.03957858027005,17.21402878751216,0
Mizoram,Post-Monsoon,6.7164667696641995,1.0712158299878305,33.48767272758889,683.9028728804989,121.83765117542957,21.543177479277297,0
Meghalaya,Monsoon,7.9450935113506596,12.727187403399183,2.6110157042348536,4692.029700328164,643.8371377497253,16.306365502375236,1
Nagaland,Pre-Monsoon,6.903091206821927,3.259342367705598,44.52258680681803,291.37198175479824,30.006784507844255,34.5922935559488,0
Meghalaya,Post-Monsoon,7.473529300448748,2.258791111144303,42.95133743355699,481.5258657804796,73.00724655113568,20.57273466636761,0
Arunachal Pradesh,Pre-Monsoon,6.631754501666392,3.3412067288313443,30.859007774723324,602.139283789717,66.2110132406134,29.725827135926366,0
Mizoram,Winter,7.987677267622443,1.3971069505873042,7.226929157864786,219.4907183859044,88.63320484169887,32.1387345076283,0
Meghalaya,Monsoon,7.919474140147771,5.849113745029239,42.208695139197985,1160.9277777373495,749.4508649872233,27.67786268324754,1
Assam,Winter,6.668055043646318,1.6344178128530775,14.106740943476836,742.9975071376281,78.14113968842602,18.018306275513034,0
Assam,Pre-Monsoon,6.340017824946545,1.541302190198957,40.963118373736165,332.5652455719718,68.22042290523886,33.290644502504065,0
Mizoram,Pre-Monsoon,7.356124280029933,0.8664871381633383,12.792786625699959,395.5028170672019,51.24599299445424,18.70373978960839,0
Tripura,Post-Monsoon,6.71457280751839,0.9597292425216932,36.80757598127824,693.3704828264424,149.0529155653835,17.083513134042,0
Nagaland,Winter,8.28930675161554,3.6884681924911735,36.56850327146724,501.36598619147924,42.59236156886789,26.465890966207457,0
Sikkim,Post-Monsoon,7.337033905043664,2.9277836285509626,7.064201257490016,571.0023660462681,75.55150308514214,19.883518944863802,0
Assam,Winter,6.044246059322484,2.5555743473103547,41.617111953545596,289.98432296991064,96.53595297294697,32.450209302338614,0
Sikkim,Pre-Monsoon,6.4849341987538764,2.519247338269139,11.295857178737972,134.09537060684985,30.276896717500613,25.82490994668045,0
Arunachal Pradesh,Pre-Monsoon,7.621960715920065,3.3381304573066064,17.99738724676297,412.23840394439645,25.49878472910074,23.642070089594153,0
Arunachal Pradesh,Winter,7.644044355190056,2.6782369990516743,26.214790430820955,298.6435486335208,62.36439112938154,23.865441071807552,0
Mizoram,Pre-Monsoon,7.070607218405425,1.6364537580086234,49.34375130407899,306.08689509244994,48.26264748708441,33.98636325727764,0
Manipur,Post-Monsoon,6.9306358686167435,3.200089094281168,36.052607578889265,647.762905319487,49.08163586704512,32.19875219673163,0
Mizoram,Monsoon,7.905722924579209,13.310927750361422,42.89171984467829,2489.9321814249533,414.0365912084715,18.26762096189941,1
Sikkim,Monsoon,7.1388528749857345,8.440434489076065,35.69227036908972,2519.6167668878497,304.97252144875694,27.483534280224166,1
Nagaland,Post-Monsoon,6.8672761809637635,2.546263266300787,18.0081673294543,677.1342813902409,104.57455847815272,31.882568858359736,0
Assam,Monsoon,6.819337381021309,8.973370960565646,41.558391450156265,677.7772939402473,777.5572641493645,34.35047599511809,1
Manipur,Pre-Monsoon,6.149107559421489,3.6229586745549134,44.389574974193174,529.5961925225006,149.66689494172283,16.289268498623315,0
Manipur,Monsoon,6.847439691504233,6.596871646198265,18.182916287229894,4665.055014324084,506.71462629604514,28.48949364841566,1
Manipur,Post-Monsoon,6.946252303843131,1.2279435850135154,35.7820974466261,441.0821747116367,26.216129403649692,31.712265280600292,0
Arunachal Pradesh,Pre-Monsoon,7.075035435649341,2.977626641403896,38.41542794419447,84.60290410348185,66.83088631923509,29.224986442216117,0
Arunachal Pradesh,Monsoon,6.289235556402012,10.094187114531712,37.07114315942746,1409.4591470413275,529.4140516605385,27.637135857098208,1
Assam,Monsoon,7.244328113815496,14.673368644400188,41.021428069700846,4504.47659527394,734.0986259971586,26.907327412664483,1
Manipur,Pre-Monsoon,6.013017228565493,1.2504598645343616,26.76429216715624,84.51928894291386,38.62673540419111,24.232974880300606,0
Assam,Monsoon,6.409121126774004,5.917504493754452,3.056694582624048,3014.660185151586,302.4825778224957,15.921010762135001,1
Manipur,Post-Monsoon,7.312714868692318,2.6194836423597954,32.46670570053971,645.4938812119931,101.14349513560029,23.421619733781252,0
Manipur,Monsoon,7.961323031169414,9.841044738458109,10.827828588272281,1096.8071196334945,529.3478277692346,24.291347565203928,1
Assam,Post-Monsoon,8.374388581350727,3.9900139958435834,48.81453534998624,634.4891896728585,73.30142174916969,27.04389631962262,0
Mizoram,Pre-Monsoon,6.741042149873104,2.5837087490007487,33.26577026524072,682.6817536135287,127.67238206986222,29.80322080860487,0
Nagaland,Post-Monsoon,6.43375856977184,1.4929012455183668,38.397332425891236,354.48018042270246,31.69653333348649,20.508968430575543,0
Mizoram,Monsoon,6.273166268939927,13.027356107131213,13.626227061155689,4168.664618734649,585.1244192816591,19.695672218117966,1
Sikkim,Winter,7.906345443088064,2.7367085884180558,5.924665980446658,571.8899074765263,119.49336301623345,33.465643948448275,0
Arunachal Pradesh,Pre-Monsoon,7.456937832530491,0.7035205563941539,35.14670861455949,462.5610609293757,19.7954334746699,32.80705738197206,0
Assam,Post-Monsoon,6.3055152582293035,0.7814543389595234,5.180421587691547,273.4545817465579,56.9419535418056,24.90919596004191,0
Assam,Winter,8.276281206413607,1.8187648853885312,48.12249340036139,722.5592566010426,60.662111260442146,21.724327517051552,0
Sikkim,Winter,6.179867025209087,1.658837557226808,12.288347836580439,673.9009669840739,91.95523425847892,34.19958134087975,0
Tripura,Pre-Monsoon,7.917708790224646,2.0716997941988087,21.091102655520157,13.026349909892035,43.00131368787366,26.50093016369936,0
Assam,Monsoon,8.470146021952157,9.312482682061678,46.36250169904802,1323.6305337165404,768.5024709902323,15.362002043818364,1
Manipur,Monsoon,6.357009581539793,14.160658955716418,34.803990801012255,2013.335426388607,560.0631268414547,34.582099200518584,1
Manipur,Monsoon,7.762858062654113,11.392208729768097,14.631034398724962,931.7072012174358,482.29691778508425,23.0406381123511,1
Mizoram,Winter,6.063364125358986,3.1225084525996447,11.971796711075939,61.22474892446458,76.68711492427317,31.484865854225834,0
Sikkim,Post-Monsoon,7.138733860938212,2.7166036080988425,43.14935422706598,341.7077601392647,28.05423749310939,28.18264831718791,0
Arunachal Pradesh,Pre-Monsoon,6.859226264108108,1.3810736005469095,11.708506737341478,587.8154937090785,123.72513328972428,22.68201972658206,0
Arunachal Pradesh,Pre-Monsoon,6.8318442087834255,3.0398755223873093,16.916931431347663,738.6065070408773,30.74046242538088,21.4645216734609,0
Assam,Winter,6.014362577253034,3.331700760544187,1.061114684323916,16.2852572818372,138.64978308116707,31.18947781091004,0
Meghalaya,Winter,7.95675048828907,1.7413188973141418,37.67402667433894,333.55381780540864,42.78544768934813,19.696302190333697,0
Mizoram,Post-Monsoon,6.101886109347464,3.9680656751112298,29.55867093880537,676.1985036218601,69.8132897799608,18.2463306905189,0
Assam,Monsoon,6.575682691502142,6.9823952652121,26.38237176087331,3408.367267225807,541.0779610027838,25.911917912883382,1
Sikkim,Post-Monsoon,6.639578919775768,0.7531959476876888,39.208257521192344,217.95761221866937,129.29780829440787,27.47526305037682,0
Assam,Pre-Monsoon,6.7678173518938785,0.6413982894750887,43.5873343944063,726.1809175181356,80.67523165988757,16.603535010493257,0
Sikkim,Winter,8.269784368541817,0.8748865016103022,38.27488121249007,308.75746150150763,85.47651011519933,25.55348625390166,0
Assam,Monsoon,6.824850371805774,5.801108302000122,16.552355604148943,4213.465089581296,363.52649921335546,29.51804774872734,1
Mizoram,Winter,7.576242357119509,2.8759528577544327,32.65703064179883,342.1787289316925,61.70567189586253,17.145479312768167,0
Meghalaya,Monsoon,7.8993049000517335,11.045098694119002,8.187295344151469,965.0324513231094,590.3819020076681,23.831683633298933,1
Assam,Post-Monsoon,7.995484064988888,3.7231727924932443,17.49340440402956,682.6525826595204,66.6244265356096,29.72349540336819,0
Tripura,Pre-Monsoon,6.181167252996432,1.342090225175748,12.193924824134662,796.7062428194563,54.807197996746524,25.934332422524598,0
Manipur,Pre-Monsoon,6.33654038098484,1.6915803965980196,9.410928194362755,199.21596086897046,28.577616078496845,31.842075089796243,0
Tripura,Post-Monsoon,6.489325796815916,1.4060112859952858,6.962102429180233,495.0324858006606,89.64428062734423,27.781599825514803,0
Tripura,Pre-Monsoon,6.635264663467488,1.3562636822884286,27.05058331829987,102.28590963227637,54.01462239416057,24.856968057151207,0
Tripura,Pre-Monsoon,8.35028480170048,0.7453473460087652,9.044588209128051,539.8417186597597,115.80417087612497,18.15915398873184,0
Tripura,Pre-Monsoon,7.352469088302639,1.9233133164146174,12.825354618832574,655.867628971417,98.59347733156174,24.765860443811327,0
Manipur,Monsoon,6.975974527732188,12.428326902838494,6.648777773834719,4003.3772587799954,390.17070716082765,23.18092731466121,1
Arunachal Pradesh,Pre-Monsoon,7.530535184440546,3.0413865555807083,13.640284798769697,178.02020051331525,53.219047288309156,21.41783851923101,0
Manipur,Winter,6.463600334929123,2.122719612040503,36.5200958163541,622.5098894026833,149.90914368018315,32.35762506018726,0
Nagaland,Post-Monsoon,6.134738464989553,2.770345956876776,36.77709091334358,71.56302098279653,112.70702286793616,31.471018123506525,0
Arunachal Pradesh,Post-Monsoon,6.6154420797851055,0.7148918028010165,43.73428313651914,737.5423825963043,107.31771735371754,27.059287869276112,0
Nagaland,Monsoon,7.898649818482446,10.910501118242648,23.67590093525797,2862.0117138673386,712.3084028816493,16.91284447407795,1
Mizoram,Post-Monsoon,7.705824737753648,0.9984304369973356,11.626297744026132,122.07063502319153,23.603281730732775,30.294667751317927,0
Meghalaya,Post-Monsoon,6.489865246741433,0.7726436652432533,21.169263613783475,116.40101483686159,107.40858789604103,30.550793831769525,0
Arunachal Pradesh,Winter,8.186116903637961,2.8057785575828342,28.217117088780753,184.15856044010619,131.61992479137763,15.493810076137562,0
Nagaland,Post-Monsoon,7.9451562364692006,3.5328214439151493,18.695984368737516,745.3440233286083,113.94964723322059,16.06495811768575,0
Mizoram,Winter,7.745660902981305,0.711637786584576,4.368436942330472,658.0559958442153,43.81244407641071,29.583667062270987,0
Meghalaya,Post-Monsoon,7.4954526248002225,3.148079923316164,34.277370081253544,221.88697757745672,65.11993379522671,19.76376866241486,0
Manipur,Winter,7.955406195718993,1.940963247204145,47.959762788042624,481.8377991798345,87.61259224030381,21.40238447798673,0
Meghalaya,Pre-Monsoon,6.335094336474105,2.9359080520019,16.539478758404897,173.7553738978133,21.09686829138547,20.62265520853559,0
Mizoram,Monsoon,6.557236596104975,9.797180748085161,41.65125137931959,4161.02769998813,417.302064109519,27.906000277383423,1
Mizoram,Post-Monsoon,8.437963497735492,0.9121919380415613,15.648522787906089,395.75592076244646,47.49243219118401,28.856276268998037,0
Meghalaya,Winter,7.676595348705849,1.1145159931231428,43.877507959971396,511.8227579581738,71.42854704428933,26.614884273085114,0
Assam,Pre-Monsoon,6.046807926743461,1.665337627211334,25.20391133535469,659.9900898272931,42.43795003311523,28.991226725897228,0
Tripura,Pre-Monsoon,8.327591362921622,1.285830243973054,37.866522970179965,300.73389984526955,42.787498094474074,22.615017300731854,0
Arunachal Pradesh,Monsoon,7.326195247090432,7.380696664504171,31.418399389372098,2242.9377211028523,692.2894361266251,24.293319662024853,1
Manipur,Monsoon,6.108528123061454,7.820146306797607,37.50713714731268,3613.8786288645224,583.0481674119062,16.002875505017645,1
Arunachal Pradesh,Monsoon,8.421564097549373,12.670730193436325,14.074414470912389,2580.913237761449,516.1606751657041,15.548609840778532,1
Assam,Monsoon,7.866859267177878,5.909399019300514,33.73619794077097,1457.1838182432589,442.3545329065005,15.253102740033288,1
Nagaland,Winter,7.4812791156209055,3.0886797541087656,43.83344734612965,677.514383703818,100.33580014216352,18.987348090421836,0
Arunachal Pradesh,Winter,7.044990165087087,3.1682161855099653,0.7332486825111395,115.46285412015067,99.24634473987919,27.17278255286133,0
Meghalaya,Pre-Monsoon,7.806511380850461,0.7732487054602591,24.94427589026213,561.3534375725955,112.21773522135904,28.42495642929052,0
Meghalaya,Pre-Monsoon,6.713356299133111,3.9886474310527076,36.99113248644381,311.96711228209364,119.13634148059033,23.777143142869082,0
Sikkim,Winter,6.360791027609263,1.7302583845940143,5.572180993539794,621.8639055968927,124.68409834727947,28.640923702957824,0
Meghalaya,Post-Monsoon,8.492422335641733,1.772200646439706,6.392073157091338,56.98474816033826,80.58359004359419,23.254389844844873,0
Assam,Pre-Monsoon,6.839211929445365,1.8969702135943518,15.894264379464907,92.58889781464737,47.83931613718048,25.51245111782053,0
Tripura,Post-Monsoon,6.6195705599345445,1.3882541123720014,34.2476333024725,469.9527918476152,77.08782260975839,27.269695466367025,0
Manipur,Post-Monsoon,6.134519738821,0.7772067234993795,2.2940201077618463,430.4206690303183,110.99758558981527,15.240533434485021,0
Mizoram,Monsoon,6.113256584998977,13.362266235028278,18.532488280029618,4095.2735168279064,600.0363819935255,21.331242015499672,1
Arunachal Pradesh,Pre-Monsoon,6.902799854507423,2.776109247050228,48.41449582766808,745.5547730256451,41.61538382611435,20.311650890995512,0
Tripura,Monsoon,7.7706878526745875,6.374370894861075,29.96601382269119,4397.914368630684,400.9088913445529,22.033460102858836,1
Tripura,Pre-Monsoon,7.264129484509026,3.5912131189203187,12.300999567996552,11.805467669715458,146.60564383112998,15.08081366534898,0
Sikkim,Pre-Monsoon,6.444486419570135,1.444510745015869,3.428031248102509,463.87295393308204,51.08378012139296,32.11526628680408,0
Nagaland,Post-Monsoon,8.439983555116047,3.8161781685385736,0.09396093368068126,573.1398264564499,19.918271919888188,31.762921694552325,0
Arunachal Pradesh,Post-Monsoon,7.789664239342139,2.6336718931737573,12.831361256201983,291.43538377295044,44.945699984406374,25.22654694307666,0
Arunachal Pradesh,Monsoon,6.464866699001394,9.842358486170193,39.63887622926082,950.6121033814654,578.5631580130421,19.54013167851679,1
Sikkim,Post-Monsoon,6.561271388918911,3.7603657586951815,30.490502866437495,208.3344111900226,79.05554927219602,20.315570568097314,0
Meghalaya,Monsoon,8.234868213988221,12.38592672245903,11.973199964056807,4736.279503431932,417.18132369256784,28.28015366447198,1
Mizoram,Pre-Monsoon,7.424016361098652,1.2708549600203851,47.71076125064969,528.8018029590721,94.21930207308498,26.050113593594283,0
Mizoram,Winter,8.183949980274665,0.5633999042110587,32.34828883893712,117.04107350780504,10.176252299082257,22.53227678872314,0
Mizoram,Post-Monsoon,6.103424738376716,3.0016912564070006,11.686671557578887,317.76130635818697,96.61215632908629,34.52866084832595,0
Arunachal Pradesh,Winter,7.786196948967047,1.227875440176335,36.54705592135219,160.7977201554434,71.65612516767605,18.04090672577,0
Mizoram,Pre-Monsoon,6.162471531030384,2.973920738908916,24.71035144795688,273.9298641074441,98.8791767128814,33.634205498358,0
Tripura,Winter,7.5785246534988495,0.790331271251167,5.21475857923519,358.3448276726024,145.29825971680512,22.125768793297652,0
Tripura,Pre-Monsoon,7.23619147365641,3.1530867793403576,39.556528190559305,594.8131572108547,106.621498591143,18.276111109112456,0
Meghalaya,Pre-Monsoon,6.3032073418487435,3.0934454348760205,39.33485238798834,668.8539481014943,42.32407114487136,31.95666159227599,0
Arunachal Pradesh,Monsoon,6.676354201761494,11.982039647163571,0.4061394737568891,4473.70177978459,386.0333827638982,23.32795835951304,1
Mizoram,Pre-Monsoon,6.197765985025498,1.0248206547082765,7.556765603291643,379.6535932387083,64.0642781616364,24.097145068017795,0
Arunachal Pradesh,Post-Monsoon,6.231841206161315,1.3031791631732692,21.200300931773285,514.3182340465773,121.56764051032297,31.086059372693935,0
Nagaland,Winter,6.700140365599284,2.45292149824464,34.99814446301496,436.22761291478236,32.33138098236988,27.561593152893444,0
Nagaland,Monsoon,7.888853861924714,6.496273990669055,32.56371412835284,2135.289916827187,415.6799923427292,28.732409681908816,1
Arunachal Pradesh,Winter,6.588759659176163,2.971444701890354,23.63876977978468,735.2230364609553,20.46807719387644,19.05504732303626,0
Manipur,Monsoon,6.083325227323771,11.867056628445958,46.20559822370732,4904.849741888041,570.6254005315251,25.20042491788356,1
Manipur,Monsoon,7.526864953622105,6.049035424189354,9.454710738594747,2800.479704090888,573.4050928013487,29.932097918426237,1
Nagaland,Pre-Monsoon,8.448041256379131,1.9353450789395814,16.46249623393297,45.171588358047885,109.55330062835512,28.67395316408689,0
Meghalaya,Monsoon,6.710381941621673,11.851910014329524,33.50547543032532,2171.7245055256735,561.3548779188604,20.331530718332722,1
Assam,Post-Monsoon,6.829079129919966,0.7876866411798853,33.82225756155342,358.0316446948013,77.39843906336603,32.301842120453585,0
Meghalaya,Pre-Monsoon,6.9697897601304115,2.8810845246140517,0.8730364925612744,597.9524461880186,99.52306708798062,25.347987236385144,0
Mizoram,Post-Monsoon,7.407729966889038,3.9678140541174374,4.3943722856257805,655.7167688324927,149.102898791437,19.860886824125977,0
Sikkim,Monsoon,7.200649806218113,14.781306358733554,41.58005186402058,994.4786155781993,609.4391843838899,16.185080775338456,1
Sikkim,Pre-Monsoon,7.5431359998221446,2.3659024687541237,43.56317721220036,396.05450989647636,16.146630456839567,22.041905785732386,0
Mizoram,Monsoon,6.397240493843711,14.95454260958285,10.007562153420658,4397.500890073061,709.7988396071851,28.44649018774431,1
Mizoram,Monsoon,6.571375692681524,9.59397051688407,28.527236271131706,1771.4676937225224,590.0213814194508,33.369648302619616,1
Tripura,Winter,6.759744279570098,3.615581705266152,2.4039596097200078,202.81916600740954,77.01741212292355,21.335228077108795,0
Nagaland,Pre-Monsoon,6.671956331323085,1.311049251520617,21.308461302121472,330.34260518209453,65.82891602749743,21.44732614957472,0
Arunachal Pradesh,Pre-Monsoon,7.910283194237406,3.4795208543645186,7.045740303073911,483.17352406295845,119.89407268644798,19.262730472537392,0
Meghalaya,Winter,7.928211115590306,1.1458198946119647,15.023445550421076,236.92046710447235,122.07149420323685,25.094551848013243,0
Assam,Pre-Monsoon,6.1629334823861885,3.329604002299807,30.26173733500664,771.1429827228621,39.424793068542414,18.279725184230845,0
Nagaland,Post-Monsoon,6.524839889890845,2.462602617795337,23.684796205115948,192.7343616005438,68.64054663508219,21.710551433769332,0
Meghalaya,Post-Monsoon,7.606643548734473,2.326828048107876,15.121889554596562,518.721635153442,10.021173136987747,34.75420485480585,0
Meghalaya,Pre-Monsoon,6.7026152337945835,2.5907421867430753,31.983963788047358,596.0215686993294,107.22609073466573,34.14164575212551,0
Meghalaya,Winter,6.7505417712459135,1.8955351538531133,23.564426868680943,701.4891449064208,66.40687947886164,16.837966922502105,0
Sikkim,Pre-Monsoon,6.972510774473659,1.8529193763543195,35.77784896851089,105.24848279955464,112.98792730102872,26.817800470018167,0
Mizoram,Monsoon,6.5213279055880085,6.40057702708882,29.85214535683524,3912.70330736749,372.8711247983034,32.238793483579215,1
Meghalaya,Winter,6.462162907917878,2.909666113354954,35.649465306148706,273.3339179093709,16.167590353405952,25.214909806541822,0
Nagaland,Monsoon,7.7961262788473205,9.425247344167142,8.908659985431944,569.7408975521364,706.5154819128293,25.858323392421156,1
Assam,Monsoon,8.266883361995397,9.26353952249393,45.541430367866745,3834.0983436996403,503.64865173311364,33.03773708910465,1
Nagaland,Winter,7.969979266221059,2.0942742540275168,47.61666886351432,271.73446650833193,35.04750287100319,34.424041950139696,0
Nagaland,Winter,6.433984511750809,1.0362033118892577,13.75716752231606,617.8329954458742,28.0882279740516,18.398245493829542,0
Assam,Monsoon,6.088440026281507,13.542601286364178,29.61242147638405,3764.163828214635,672.7632204292939,24.053787464075477,1
Nagaland,Winter,6.145495922636364,2.412141595827534,44.84964587471713,69.87875725575037,35.79986066508238,33.583343026973715,0
Arunachal Pradesh,Monsoon,8.491355082010497,10.343551928119446,44.519896935057766,673.2929380105445,574.6633385987859,26.920122889640254,1
Meghalaya,Winter,6.560607582195823,1.933987301110292,31.22455481839713,128.0661356373929,23.79665849128505,32.68388663904143,0
Tripura,Winter,6.244297489476235,0.6785058392620326,16.219845253938125,254.51122450553456,75.88958489695824,22.54022387531092,0
Mizoram,Post-Monsoon,6.997039372693683,1.6954360354242288,47.94589970509888,389.39687173967906,33.10115135214081,29.42426331203273,0
Assam,Pre-Monsoon,7.675011038614332,0.6946971522699154,26.702658681728558,222.6400190810947,44.22426220699742,25.396551985948506,0
Arunachal Pradesh,Pre-Monsoon,8.071402189370943,0.7594840799563549,36.68033994499759,680.3040915170675,112.60011393829012,19.433133757518213,0
Mizoram,Monsoon,8.31299395687266,6.9377695678703075,45.18184602544167,4898.926266986223,496.09975203824285,15.915952625598713,1
Sikkim,Monsoon,6.099794945809188,11.479354681709713,15.234429283146378,1930.0297776637226,578.1756499801284,22.969286294965023,1
Assam,Post-Monsoon,7.75759478274596,1.5098335159459813,15.843970559543298,54.82646937761173,25.09154345294867,31.49376136676443,0
Tripura,Monsoon,6.44684549149202,13.568504707303559,42.738908326981736,2672.7536088716147,339.14120178596846,27.793385499808625,1
Manipur,Pre-Monsoon,6.762868913724851,3.8006809089551346,3.688396439574948,231.81682934183866,65.58303174233592,30.828061590187914,0
Manipur,Post-Monsoon,7.875184247729953,3.9827234999248016,39.98275257887568,318.52261878988656,106.66675307197082,23.643289391119055,0
Mizoram,Pre-Monsoon,6.9663864272389295,3.9317649243203787,10.249473353925776,162.1378100972258,70.72085226856517,21.32967533943283,0
Meghalaya,Winter,6.922367139014775,0.6255746656940723,36.65034430587806,428.07843332074503,54.80860330193895,16.723588324764886,0
Tripura,Pre-Monsoon,7.269141519528967,0.9559297804243823,13.485232032577454,179.2279629246935,116.61455173056606,17.00649354280997,0
Mizoram,Pre-Monsoon,6.547576026057097,1.7772595286237893,7.857296768952848,558.2151798202016,125.0253879661114,21.9728324097085,0
Sikkim,Monsoon,6.328154087838816,8.424572008147159,38.28291622566557,574.434759867009,331.4477898544024,19.16793914995646,0
Nagaland,Winter,6.681104170243359,3.1874347590130876,6.552631309963547,99.16069278054684,103.42474619042045,34.27095339514547,0
Sikkim,Post-Monsoon,8.384279568390497,3.7055989168583037,0.5443232493208328,661.7025482598018,26.276425769008643,20.29066783965434,0
Arunachal Pradesh,Pre-Monsoon,8.46101697571476,2.441599993431118,28.781815856517674,600.9910621808496,128.1620940027374,31.28192568631007,0
Assam,Winter,7.076765232234105,2.2174304046967723,15.603880752811422,576.387924602325,55.88575648285232,17.314294677422456,0
Mizoram,Pre-Monsoon,6.81414070693869,1.8456097487907266,18.756440218567615,696.8370549026403,36.909389323692515,18.03831859306368,0
Meghalaya,Post-Monsoon,6.384391066895962,3.920995038959028,45.47333286077114,248.69868637440453,20.836427902205468,28.87369431433909,0
Arunachal Pradesh,Monsoon,6.088862312749457,7.700827891392929,40.41761890654062,4985.480182836193,666.3184359513207,27.24220621763029,1
Tripura,Post-Monsoon,7.367885833865749,1.7634294033087494,9.104142820823984,642.0543039942859,33.1981652683142,26.368901560092652,0
Sikkim,Post-Monsoon,8.319214666138356,2.5970008615895006,27.888620391264556,659.1638311200134,122.66528251199507,15.93096380850525,0
Tripura,Monsoon,6.092136068241853,12.263335562296664,36.35977345705255,4819.521217046883,409.22535892083425,29.513917715113998,1
Arunachal Pradesh,Winter,6.573041847105207,1.6616792695440814,40.47944221915912,714.2221386752971,88.01174458795022,19.86591964643656,0
Assam,Pre-Monsoon,8.365265066284746,2.726620812541716,24.80059094808053,578.2001223345826,84.56679190046586,17.45492308806093,0
Meghalaya,Monsoon,6.071787478091499,5.909867891386265,41.43293610150584,2998.5479229325374,600.7094351804514,22.350807640601317,1
Arunachal Pradesh,Pre-Monsoon,6.230505724548989,0.527657855169982,23.39806759545775,453.01051073590753,126.19763420106156,27.61192729474271,0
Sikkim,Monsoon,7.063156499727678,14.652708565426027,8.02595151672319,2695.682512946818,742.9237501433347,27.477760761064346,1
Sikkim,Winter,7.194087254274826,0.5970309191292692,14.856333422202567,613.9578443672199,91.4125190447428,27.794789651884507,0
Tripura,Pre-Monsoon,8.311255023698125,0.7427868400991378,45.20626227870673,93.96121209944455,68.30859050016082,31.200811944720584,0
Nagaland,Monsoon,8.328505028337473,13.74131704136385,48.902726374987125,1693.4183367697856,731.0947118061156,32.927629198499005,1
Mizoram,Post-Monsoon,6.65475179773975,3.819689199337269,33.08797840694122,375.137014423798,36.67944208043983,30.45829932378517,0
Arunachal Pradesh,Winter,7.460556430034565,2.663277033642269,15.871959298349292,494.52422114347627,142.3561419350209,31.25094881375013,0
Tripura,Post-Monsoon,7.382401354778634,3.6880904893721174,33.41561456187342,578.999578890844,18.7925906303302,27.148669539107868,0
Assam,Pre-Monsoon,7.235589057462354,3.736795163762765,10.174561988677084,465.3067675473368,122.1301954306671,27.687322049831668,0
Assam,Pre-Monsoon,6.417487430049571,3.839220921914267,2.3580714429733862,107.45247007320009,118.962866751027,18.530895845192518,0
Manipur,Pre-Monsoon,6.415829402369992,3.8797724384892525,35.32782175458095,348.1524525689682,149.35048999827762,31.33865631790361,0
Tripura,Winter,8.139175258507617,1.803359998268981,47.35070984944063,769.4252115040878,61.11156055269345,33.870779589397486,0
Tripura,Monsoon,8.457950218199061,11.931627272108525,15.654423800422618,4381.589371141208,366.8215381811088,29.96931218520043,1
Mizoram,Pre-Monsoon,6.030908015051631,1.1524309445055199,22.655163264425877,595.0461985043056,68.16716113669078,20.364000608388903,0
Sikkim,Post-Monsoon,8.481542985669487,1.9292178928317258,49.695722316538046,367.18675876638133,115.28150827630405,19.44572787673877,0
Mizoram,Winter,6.271160211740944,2.7791905348735955,11.453166981361434,348.3075502582818,15.408830845799335,28.64834191992265,0
Assam,Post-Monsoon,6.560058980877692,0.5531345082478746,26.98038206122665,483.145555844819,124.06557031807247,18.836962951609827,0
Manipur,Winter,7.17040934973559,3.536379369439843,0.9976719233698361,84.74938773959103,110.31920322684523,30.556753614831894,0
Sikkim,Pre-Monsoon,6.741336034230775,2.232340459984737,45.91662385829916,603.958435521832,48.01412182318483,18.91666845669215,0
Nagaland,Pre-Monsoon,8.039610258250022,3.4480327456147535,13.008832090691325,440.9233667174795,117.32250960438053,22.173651105802108,0
Nagaland,Post-Monsoon,7.446210929234834,3.6732651477032277,46.71209848523533,450.8913423552435,118.39138571065969,20.077197753956014,0
Tripura,Post-Monsoon,7.0932910047791085,3.055712644751236,9.040421311141166,616.6329227982638,25.421089136468805,28.758379366103192,0
Meghalaya,Monsoon,7.099840412088827,11.829856151051478,46.545610655534055,1616.9446101446943,785.7800415400316,19.072719404389794,1
Tripura,Post-Monsoon,6.788597838958067,1.7162489065231814,28.695335765423852,39.872052637859575,27.32981348859828,23.941404433446614,0
Tripura,Post-Monsoon,6.464996934812308,2.592399278870083,24.002542054692235,453.7646306210638,102.6504344923509,15.164780423339487,0
Nagaland,Pre-Monsoon,7.044120856619732,1.9800992962148938,29.95358718323121,295.5289351684466,30.412570228437332,29.0299383807333,0
Sikkim,Winter,7.785956007008358,2.8118146534911554,10.34690732392658,57.67099710330836,125.6314688469649,15.029052259603318,0
Manipur,Post-Monsoon,8.24078240066615,3.608562515086918,2.0105109016146705,691.7259660552651,96.87666853112502,27.48451176438347,0
Meghalaya,Post-Monsoon,6.849389553886163,3.1759001629283516,21.985878656907122,624.7580058535273,81.95645503937635,16.99438571035285,0
Mizoram,Winter,6.623998971401778,3.1748015206319526,24.611168634569815,335.09455603749655,69.53905017695634,27.33822353148112,0
Sikkim,Winter,6.299048114045651,0.6253382531966528,0.18126492709626962,94.6696156596598,15.440472429633981,34.72943020964496,0
Mizoram,Pre-Monsoon,7.245990754595847,3.9319801490360557,18.46588506216747,538.7028035174966,101.47381354494118,32.31178205567495,0
Nagaland,Monsoon,8.197646263526742,6.896336563752941,12.563384309146446,2711.6917543923687,731.3541451279116,22.04023245206976,1
Tripura,Post-Monsoon,7.75672709653081,1.4344380155550924,12.708391781402145,519.8124745037327,123.69755435916132,27.269132182799417,0
Tripura,Winter,7.256671414291672,0.6379733227437523,12.26558332111216,145.27867090686314,82.82860742191453,29.599131279176213,0
Assam,Post-Monsoon,7.9679554494819875,1.3208067884889347,41.24271269961749,83.8018833592439,132.29855656076393,21.478338488209225,0
Mizoram,Post-Monsoon,7.732519762925294,2.8863226843474235,21.11968129889072,591.24789313727,79.66242379585225,26.99679036770318,0
Mizoram,Winter,7.664958708001754,1.7922580239436667,21.604998494632476,554.9493474271662,51.99325483594996,34.04029450261444,0
Manipur,Post-Monsoon,7.15948933585934,3.7202097911975742,49.62235200425665,72.12217779890054,57.89403443297765,29.867578393155842,0
Sikkim,Post-Monsoon,6.066656328601437,3.903541116941958,31.77339186022681,141.0736853480901,68.83271103174127,18.821973120503632,0
Nagaland,Post-Monsoon,6.828598724858455,0.9879194818058914,24.579546107929605,679.963563600209,123.42022810667552,20.193921219731575,0
Manipur,Post-Monsoon,6.517558481996538,2.7829596832333414,2.3832008888160674,510.98913693054095,50.06612502358167,22.43766908195216,0
Meghalaya,Pre-Monsoon,8.499769879641647,3.68096897927909,33.06860870339537,556.584044066912,126.83117655359034,29.917204429732998,0
Meghalaya,Monsoon,6.983841807293574,8.982902886291779,46.54774557601952,3100.0831874493506,719.4264066325798,29.147126822259786,1
Arunachal Pradesh,Winter,8.002640940585493,2.9348266677001966,20.597748079669365,373.9477489813117,10.520402926774274,29.093894666382,0
Assam,Pre-Monsoon,6.536607206499075,3.8280870404056726,41.81424753251213,474.095030672977,116.83899417478712,34.509994578564715,0
Manipur,Post-Monsoon,6.816998975488579,3.2670765610686447,38.73976478174664,669.6371985377854,59.660206366105335,32.629651478228865,0
Manipur,Pre-Monsoon,7.903093963719266,2.5138882457078666,30.72614062675084,502.7413741596798,36.78389947248668,19.489651203346195,0
Mizoram,Post-Monsoon,6.6232041367311805,1.9974634437830305,40.126149411074095,673.5076139471215,149.27440664596188,26.110667887420867,0
Sikkim,Monsoon,7.406048390747716,13.73318159174175,8.954503432279381,4138.710304356027,674.5429569812521,30.6432732301214,1
Meghalaya,Winter,7.36328467585483,2.55100470207011,45.081191609895995,175.4006623435758,32.99388149355738,16.038764885182033,0
Sikkim,Winter,6.1430456786820145,3.056345029386324,40.01734047974459,190.93962256101304,78.05851747545051,21.217033682986152,0
Mizoram,Post-Monsoon,6.730691232107013,2.701392580466321,29.97243540621427,757.28575652107,13.663380464501213,31.907675167121912,0
Arunachal Pradesh,Pre-Monsoon,6.781979190106732,0.8586777549493265,0.33402530426523414,580.8193048034516,97.99293186310757,16.588594748382146,0
Tripura,Monsoon,7.014894161894885,8.410390345785537,16.278985209103336,2610.9261175688825,515.643747097736,18.000441679750725,1
Sikkim,Pre-Monsoon,7.679143486190982,3.2570606109575664,29.008076217908428,647.6846229753868,120.93422246111712,24.0429786175522,0
Meghalaya,Winter,6.540727997587059,1.8862580977344472,4.089328088935485,367.7068908632361,126.65221418467105,25.92395905683672,0
Arunachal Pradesh,Post-Monsoon,7.18018295410292,2.418634933547733,43.14052863659397,483.02370143430693,97.37383556945983,15.654860083303507,0
Arunachal Pradesh,Monsoon,7.149048182965844,6.849793665089913,37.55262772983126,3975.7379830001973,311.5221168676764,33.32078366901888,1
Nagaland,Pre-Monsoon,6.445044202012253,3.049014052233089,43.87623801941489,236.3870018842184,49.57650602367462,29.55019674163843,0
Mizoram,Winter,6.806203236096416,2.7191820389177837,1.5602127636984597,776.1015001959616,56.39960491179379,28.730546550844494,0
Sikkim,Winter,6.81385442425783,1.0338013767840515,37.23442821616143,140.74688167348586,47.640917814348384,27.252944609241446,0
Manipur,Post-Monsoon,7.484760096657868,0.8072226866615093,10.099287273095264,636.1879897027078,16.568168305952625,33.27787502810726,0
Assam,Post-Monsoon,7.978406588725317,0.7737373132261047,4.663968966860837,423.1590783686678,115.2379935155501,21.946367332424046,0
Nagaland,Post-Monsoon,6.790447335625535,2.7363469410219206,48.65621284546565,265.2763098802409,70.95047553900662,19.666783338659823,0
Manipur,Post-Monsoon,7.013523778908501,2.7177195228398023,22.102102393453176,462.29027028567765,94.36879050273805,25.896406206594733,0
Sikkim,Monsoon,8.027536290483035,6.346655416582873,10.006933101583593,2828.144533366211,680.6453171963078,17.85198598811854,1
Manipur,Monsoon,6.7165301781355655,14.331739082356183,14.664055487829048,1401.2752196697957,564.217646014881,21.766025164070278,1
Sikkim,Monsoon,7.865552059261744,6.244440099742334,21.374189953820082,3501.2864221054956,600.6427778196744,17.222993019401066,1
Tripura,Pre-Monsoon,8.362956238900457,2.669883420369762,44.877005147386015,210.5498698359003,81.48281038197446,16.18881993767063,0
Manipur,Pre-Monsoon,7.29356211475458,3.207879156081604,40.77837995474396,662.547392626372,71.93884573426472,20.647683257301207,0
Manipur,Pre-Monsoon,7.616693188012783,3.2395216179150927,49.99209133944825,412.09719227449426,99.62969323242177,28.172761895311616,0
Manipur,Pre-Monsoon,6.80092318868412,2.617327912150887,17.77361886578623,787.740121470794,149.48218317331637,26.545041985824405,0
Meghalaya,Post-Monsoon,7.878004241116997,1.7275624660657847,26.689311132464223,627.3386759592399,141.92724285139843,32.941340727020744,0
Sikkim,Monsoon,7.401276000332453,7.967148697140612,13.335094715711616,4515.599260093546,548.1364506315741,29.471450652033454,1
Meghalaya,Winter,6.928184639324546,1.334949636953959,9.86359706894171,552.2560746006778,117.54077659982966,30.194514611507092,0
Nagaland,Pre-Monsoon,6.621168771808489,1.8497126188083841,35.1881577785192,785.1598193813243,130.8059682525713,17.575093063234327,0
Assam,Winter,7.742019038639485,3.62641627147865,16.791231665097488,556.37833721021,102.52475652719394,17.32116933843544,0
Nagaland,Pre-Monsoon,8.233479800034488,3.7255334367027415,40.817907656749,656.4598299439353,19.97697352568573,28.9067334865548,0
Assam,Winter,7.76688375805754,2.427203410454227,24.642545957988727,619.157688481294,45.12562400782437,26.52972215158005,0
Mizoram,Pre-Monsoon,6.861721566464181,3.9545841900318877,20.58334292759906,328.678803374409,93.32843184377698,29.046456942077473,0
Sikkim,Pre-Monsoon,7.062281676715601,1.6122980622791585,23.282135031752137,742.3371954772546,90.13975184791587,29.301717111030626,0
Meghalaya,Pre-Monsoon,6.815520264470673,2.8351830643879197,3.5655518444913046,175.3059941746547,99.78809011071985,18.987332374381914,0
Mizoram,Winter,6.0088849512248,3.7689704710333674,21.359898475653395,505.33866386997755,134.04334576490913,28.212655489738445,0
Manipur,Monsoon,6.3279602765361025,7.227931247481072,5.40090161276805,1384.8565922648936,314.2333327551763,27.221623507134737,0
Nagaland,Winter,6.169260519859331,1.5201947561704814,12.049935713088267,199.53077287932882,90.00805842325268,26.58318694087098,0
Assam,Pre-Monsoon,7.70417545618891,3.6792240157305387,21.5187051702265,250.9106621622116,86.23722114881286,21.995206130373496,0
Meghalaya,Monsoon,8.33150968576166,13.374280741802046,33.912830648470376,4222.702936743632,394.549648184191,23.1125381798264,1
Manipur,Winter,7.915667340980148,1.116212917492029,31.35495157829621,645.4323215238319,34.03587844627659,32.575509933887886,0
Assam,Pre-Monsoon,6.685849921134409,2.6625262829916707,24.77115518571445,257.081568034229,69.95343879382504,22.140827625897614,0
Tripura,Post-Monsoon,6.0385427605777,2.106326886081185,29.170413408374042,759.5923711548909,73.35167348705227,25.22650846773188,0
Manipur,Post-Monsoon,6.374479825122561,2.7286130420688086,31.21325582986188,508.7924603294811,51.88272551550022,26.053890635839156,0
Nagaland,Pre-Monsoon,7.503460037339426,1.3526667550849631,9.278447109080151,592.2054142487381,81.27924659980766,23.664687494972007,0
Arunachal Pradesh,Pre-Monsoon,7.885060731308907,3.443532769106959,35.39037763517996,712.6338948052224,128.17073735122443,32.47988639364931,0
Arunachal Pradesh,Pre-Monsoon,6.172112834213339,3.7118739044016396,48.12914137398814,487.7499430278991,58.382223875539864,32.434313153188704,0
Arunachal Pradesh,Monsoon,6.023740041041029,7.015849423830332,32.13140628948411,1046.64832094011,755.20949678219,28.035811456521166,1
Manipur,Winter,7.155585862414587,3.4654392851856093,8.680572837413097,73.3838828249414,30.70410842091912,20.434741801677717,0
Mizoram,Monsoon,6.729343434616036,10.565813116059989,16.135271037737475,995.5791779622193,389.97922162737154,25.08449892967555,1
Manipur,Post-Monsoon,6.572723711906317,3.304385395024235,6.518742879411504,760.5098986887947,89.10553256759106,19.04105268276237,0
Manipur,Pre-Monsoon,7.91279975464086,1.3211334505756558,45.97868934225686,602.3125423019366,90.0740600997568,24.20949346303687,0
Nagaland,Pre-Monsoon,6.655195894801047,2.057383651543124,22.94138097483126,432.2972630318456,45.11304553593349,34.74745254546313,0
Mizoram,Post-Monsoon,7.300564689569672,3.7389148713272284,10.401985580517648,594.5911519663406,39.746832663165556,15.662434929717469,0
Assam,Monsoon,8.205982298595522,9.717622535718544,37.554126370121296,1460.870503644451,366.33576908297704,21.956838771145463,1
Mizoram,Monsoon,6.63041124404315,8.86494534620789,6.283973863101289,4764.896449957055,628.9167545323046,30.88720080168995,1
Tripura,Post-Monsoon,7.152645447351908,1.7679061559494365,1.3313694788226582,540.0595935281957,65.03577484481303,28.554309970164933,0
Sikkim,Winter,6.087762240319714,0.5724815023465031,18.48100604675269,566.226613970452,111.20344003649922,29.72652090010518,0
Assam,Monsoon,7.692607757722724,6.011793730396766,46.84616448126068,1905.4041830697106,557.4550069615976,27.097328147775457,1
Tripura,Winter,6.472617914664026,3.635643765861073,36.62235655739888,175.87726497930632,96.07897348546483,32.94114455819719,0
Tripura,Winter,6.857527774464442,3.128272107759814,40.01664736193051,627.8030745238951,44.714043173374456,23.4871970604073,0
Manipur,Winter,6.359164450200449,3.13436238953187,18.161385880353503,554.4679673877135,26.846836892260693,27.246040419987974,0
Mizoram,Pre-Monsoon,7.722914869668651,3.4537301206764957,31.065041181551408,451.06333238472837,48.543840607117396,28.641012148297566,0
Mizoram,Post-Monsoon,8.482495051099473,3.648560875379964,33.56862679147009,317.0879432053552,118.25425055718951,27.566383382239035,0
Meghalaya,Pre-Monsoon,6.328143388152043,2.3911658707273977,43.89965848055709,261.78176631641156,117.46685550096797,23.482055988479466,0
Manipur,Post-Monsoon,6.956783540121168,3.788868547010225,47.24729829421047,282.3083024322958,62.39123622669812,17.222189081693,0
Sikkim,Pre-Monsoon,6.325754115257432,0.8592740658664206,44.5877645382365,784.5354102467074,140.25376568909869,34.60793136688387,0
Mizoram,Winter,8.430524077569844,3.6951646921816783,33.87226449283604,161.79112640718978,74.3288492243179,17.610655385926297,0
Meghalaya,Winter,7.061092276237505,2.97094176472798,9.661131156510955,112.3478986318763,43.890540337531334,17.666703326540222,0
Sikkim,Monsoon,6.403498678113176,13.730099597278771,43.037659470682364,578.2716094088289,438.3541113234413,16.395241824819507,1
Meghalaya,Monsoon,7.129885902827919,13.80093511241876,22.382226376615556,1520.9646704497318,458.2310121784018,17.04547188537093,1
Sikkim,Monsoon,6.824565100092599,5.029841321064739,42.019108213732636,4855.474399857065,662.7327149076384,19.720155191711328,1
Meghalaya,Winter,7.768773882386476,1.4355073865093826,35.41856349665453,190.99660166843393,114.5270723865611,26.316118471295784,0
Manipur,Pre-Monsoon,6.629458012966424,0.6510389282772471,35.27397283437106,528.843445291585,74.22456071849489,26.140883918745423,0
Meghalaya,Pre-Monsoon,6.132476786143931,3.37897005583144,40.97967064148782,166.2019860770136,117.32205091821699,20.372590523708716,0
Arunachal Pradesh,Post-Monsoon,7.345678417267442,1.5080777679290682,25.392486207323863,95.133888133265,108.63229402819304,30.29235578834875,0
Manipur,Post-Monsoon,6.1795741272886735,1.2310303705127756,40.70791334351758,272.6293866694263,123.0464289472188,22.802860493905417,0
Manipur,Pre-Monsoon,7.792079868983365,2.0903356235174075,36.246518786369975,200.28587247553352,48.434078507000095,32.07790193785887,0
Tripura,Winter,8.499961351927263,2.2663176408420624,4.3771164193097345,772.6835986917126,19.592319845765527,20.097878241762935,0
Manipur,Monsoon,6.5709442459106455,8.762522963121901,38.54388557305242,1356.2439675840305,660.5474950996426,15.039220232998424,1
Assam,Winter,8.324934983674616,2.258534332940539,1.729187549912642,17.438713941101664,35.584712558359044,22.136191459304857,0
Sikkim,Monsoon,7.945960504200925,5.655128920283294,1.9559129447447199,2141.6513903965847,687.5208470565422,27.475175784082374,1
Nagaland,Pre-Monsoon,7.798363026467726,2.330205675037725,34.21737168954764,412.00742641401496,138.8225417956285,25.200616699964375,0
Nagaland,Winter,6.073484967651641,1.1232942578714906,31.066929101151164,690.5719136973128,125.84802064705619,26.810584313870176,0
Nagaland,Monsoon,6.90543891217261,10.317378210650464,15.120649500416238,4166.716289743682,422.96145391474226,21.780247080418903,1
Manipur,Post-Monsoon,8.032377712964774,1.1674905428541706,12.503076108957023,499.16792781999266,43.43672363059033,33.341988152341145,0
Tripura,Monsoon,7.627011820038907,9.011042737286875,28.420461313947165,911.9179135212189,747.2639242479572,21.008049428217166,1
Sikkim,Post-Monsoon,6.970188611291104,2.84250054377263,43.30374965191463,727.5979470419272,26.969051915333722,23.35105297907532,0
Sikkim,Monsoon,8.187142662193878,12.6926122589175,19.14778697328935,4421.106807208467,434.6233750747109,28.90716164835434,1
Nagaland,Monsoon,7.272754210481406,8.117785083280097,20.51842227720942,3630.934991907035,618.9375875999524,15.905261973066056,1
Assam,Monsoon,7.661136902514386,7.867461635194694,23.46420245264238,2127.4167701301385,463.653387945747,20.108038360146406,1
Nagaland,Monsoon,7.979349782717589,9.903922223465305,2.913962387111768,862.337109851666,301.88838207444076,15.007819807246339,1
Manipur,Post-Monsoon,7.072268383710463,1.9135544727098073,17.507235604617748,64.78955758322495,15.441751829994974,18.968986109014068,0
Nagaland,Monsoon,7.895053727052888,11.384081162726133,12.625334767368784,4837.9970100270575,367.5010908183175,31.957783735050917,1
Mizoram,Pre-Monsoon,8.412851383446284,1.7079342707989804,12.488366476036033,463.4101108157567,132.68004758599022,32.153274194405974,0
Meghalaya,Winter,6.247628877668793,1.3885653033109508,45.58782548500501,769.7903066621008,38.77157317316001,32.88555556218218,0
Assam,Post-Monsoon,7.549220974664353,1.427240203970734,12.625383304041298,607.9124020611919,74.50823654427171,22.559339271966834,0
Arunachal Pradesh,Post-Monsoon,6.817207762566045,3.0824326566585634,44.885844604596755,223.24311285257338,107.94303396072212,32.24284528575149,0
Sikkim,Post-Monsoon,7.761151801863377,0.7501094121043074,24.68239134100924,61.22076141033991,52.41280854514615,32.75005984825376,0
Sikkim,Monsoon,8.095955838312522,14.203322083755156,15.941522658448386,3140.779183982905,472.4347586008979,33.8373620889773,1
Sikkim,Monsoon,7.305570502719421,13.87510032376687,42.552933926287686,3677.468706491285,305.79878889615867,15.866009418636304,1
Assam,Winter,7.3982262044718325,1.2979564953734606,33.96971193628156,680.6562726733553,59.0814010425667,21.32183728784114,0
Arunachal Pradesh,Post-Monsoon,6.561320172434373,1.5790568948281098,24.1858387671908,375.3784495089248,118.57587818638079,18.57752873688694,0
Manipur,Post-Monsoon,6.151335357773257,1.6038208840315558,37.62479577080606,218.97180782787146,124.9418162221665,30.268612586212527,0
Sikkim,Pre-Monsoon,8.49347490587894,1.8995466514486774,18.915946744204483,139.79047862676705,30.359034646335857,25.57335461144055,0
Manipur,Post-Monsoon,6.623455437043833,0.6349642022809014,22.63736213339969,504.69810018811637,122.51419578865062,19.019444165529293,0
Nagaland,Monsoon,7.631423346692338,11.414505124471027,32.300919384038515,1393.7833702427106,356.5262083519244,22.81306953721767,1
Arunachal Pradesh,Pre-Monsoon,7.912786437194507,2.7884087439213867,42.63120692271246,486.95543952412146,149.84480060559562,18.076478571454075,0
Arunachal Pradesh,Winter,6.715928573277891,1.5385688598778173,26.682881106990013,197.7941361916463,75.0821368296301,33.04546932388156,0
Tripura,Pre-Monsoon,6.977620385780018,2.940838551038985,20.636975093132488,576.6398996131381,28.085993420557166,21.857793225416863,0
Tripura,Post-Monsoon,8.462382114251794,0.5460167423797053,39.22422141620612,474.6648130848403,81.10084556364926,33.29460791714898,0
Assam,Post-Monsoon,8.173170549801736,1.7828410681994584,33.27365492627363,631.3034574737853,125.83301837556006,32.80207493252533,0
Arunachal Pradesh,Pre-Monsoon,6.82150590721202,3.414304215562441,8.685474115479174,88.75616390334908,106.62038723231497,33.65955329179087,0
Meghalaya,Monsoon,7.935261482258004,7.7858681672125,2.346113839356229,1154.0861511876647,683.8228588161295,21.609893274740685,1
Assam,Post-Monsoon,7.797929767934262,3.926270891560427,44.01407498964296,58.96502865535737,21.963968333150156,32.678343182810735,0
Assam,Pre-Monsoon,8.249638089235296,1.4567458102362036,48.32567407497393,382.92539600598036,99.1485604709942,32.450581855697436,0
Nagaland,Monsoon,6.016519754352064,14.631487635975091,22.633617272784218,1028.5764204517798,789.0630381301166,16.990874274261515,1
Assam,Monsoon,6.2874096501552454,13.584422151855852,4.105501487982016,4288.120767977443,677.7521795542896,15.026289122246137,1
Assam,Winter,6.224017088818231,2.6521931277748405,2.6164685473872518,339.31023847113016,114.77636618741148,18.445495713165926,0
Mizoram,Post-Monsoon,6.992570374156135,3.634583671911479,14.113552476096537,78.3390606370675,59.45981676048022,25.804596758069763,0
Sikkim,Monsoon,8.22117194221247,9.272066056391726,28.41581714260839,1937.8989074469876,380.2854871643063,20.207073027381455,1
Meghalaya,Winter,7.4665541792918475,0.8328586609946844,22.199315210942792,536.8399924137132,104.40708024190273,24.957931251717607,0
Arunachal Pradesh,Post-Monsoon,6.188558817092499,3.717316413753996,19.09184909565638,337.17561596124244,93.26069109241821,23.73635099491294,0
Nagaland,Winter,8.041752909241499,1.6527243621801366,48.31004845606371,447.1174413475589,19.977209904353323,17.77749854556867,0
Nagaland,Pre-Monsoon,7.591181819426929,0.9861720622448902,49.522708797358014,662.345963681501,11.286462594792205,22.842975696968722,0
Sikkim,Monsoon,7.241138256759803,5.744659716892921,6.167718143360862,1091.16132802415,657.9512937963084,26.393532964197863,1
Tripura,Post-Monsoon,6.018404071217032,2.06213218603153,47.96789150261739,198.29259001140923,136.11560251852512,32.796109179256725,0
Meghalaya,Post-Monsoon,6.997128377142672,1.285756716136404,32.13345649232716,786.6022934100619,25.820936016230956,24.98176908205346,0
Tripura,Post-Monsoon,6.329408321817232,2.190228354854992,47.77433814484337,517.0395035747072,13.38739633401451,30.263480431954676,0
Mizoram,Pre-Monsoon,7.251197017514798,1.2629673453153734,24.06626560619846,221.95579404231594,136.74030082595007,23.717511116610083,0
Mizoram,Pre-Monsoon,7.174226877517303,1.1719110869362601,29.346693429860498,181.96290825970917,87.45141781135882,27.04483657677764,0
Meghalaya,Winter,7.8274002313571875,2.1318980802828564,13.731935382727938,752.3773427593367,95.76972590330685,24.2254042044157,0
Meghalaya,Post-Monsoon,6.806051816506699,2.2478362478515583,42.475717100224756,694.3794335407795,77.55040220709408,25.22915154526633,0
Manipur,Winter,7.261551337226614,1.9051472464540324,23.95581417923095,128.37272509294633,111.60106715477626,18.23734507292899,0
Assam,Monsoon,6.198046347483067,12.266482111700785,17.927382863213488,2478.882424920833,525.8985185707394,26.967889509104033,1
Manipur,Monsoon,7.670738622928566,5.804454057154392,43.08108916539391,843.2142787583723,323.0828515387757,17.78291352869961,0
Tripura,Winter,7.35198558427385,0.8892321169574544,25.21850643733344,647.4775739709842,25.84302702298283,19.65065590091274,0
Assam,Post-Monsoon,7.968687666538251,0.6437992830527531,28.46503792265556,667.8343474136988,84.89709527542549,24.282099740423778,0
Sikkim,Pre-Monsoon,6.8705647135501975,2.2573208759839183,29.37700839456233,783.355587911828,73.27708646588704,27.45776802852565,0
Meghalaya,Post-Monsoon,6.310040647034154,2.6618046040157695,20.057851303207908,757.9104314490687,45.62908270831817,23.252245643027685,0
Assam,Pre-Monsoon,7.224181696241784,0.5158254353937073,28.260054902012634,233.50544955772196,135.6725027024574,16.60162505054672,0
Assam,Pre-Monsoon,6.9306997318936645,3.7762301551681077,39.58108887883043,246.1500453210754,142.85509752628005,25.1626458754385,0
Assam,Pre-Monsoon,8.048315880752508,2.0006449693056303,32.964972595698306,577.6627295392492,28.285865841174612,24.788183284655048,0
Mizoram,Winter,8.071666478957207,1.9882915224800246,11.95065811855569,467.01755852405,48.23302185885198,15.010400546309139,0
Manipur,Pre-Monsoon,7.744062855625533,1.4437595529681968,35.61285336360193,431.7496402819038,142.3773867301946,26.834113272548212,0
Manipur,Post-Monsoon,8.23359396531695,1.1834058877971134,38.3775314533854,24.07775946336087,66.79271094801047,34.537221258498455,0
Mizoram,Pre-Monsoon,7.6887936255708365,3.8788530089030226,5.267702234437027,336.4896425896543,47.7318770603287,22.15016540626504,0
Mizoram,Pre-Monsoon,8.107690639027613,3.870361799159487,32.978296254445475,499.1896924304132,92.453000749123,26.614385383589358,0
Nagaland,Winter,6.296615020926787,2.4078996404427473,21.46762506366473,243.3891519782244,58.56139067174022,23.595181839631138,0
Arunachal Pradesh,Post-Monsoon,7.644969919166387,2.1949996535127854,11.743772769067235,243.43435369991568,26.390055810810736,31.220695572860773,0
Meghalaya,Pre-Monsoon,6.615237658060803,3.7711788426168105,19.48102978905661,151.25111372717112,81.15579635186079,22.26456435657915,0
Nagaland,Monsoon,8.47411625174893,7.039224882232356,48.378137142622144,2849.3883820865954,602.36661856196,21.649420190551005,1
Mizoram,Post-Monsoon,6.585448775757324,3.8164469899217686,15.517322886243123,561.3332877523028,73.07990278268561,22.02074648782846,0
Nagaland,Pre-Monsoon,8.44589934740449,1.1699298583683366,41.623113925407836,629.7380377612864,106.55553489047688,16.32339851720806,0
Tripura,Monsoon,7.055080283028586,6.376200547280443,14.83187452632611,1628.9618012162475,396.17587040670645,26.718862594899008,1
Manipur,Monsoon,6.145371425449917,12.643134073838832,38.86206393825525,4886.670535255989,395.1935923214325,24.51175210262746,1
Meghalaya,Winter,7.909489583615814,2.3495972915066803,48.1747197366816,622.5008653828588,86.41634055919903,17.704680438800477,0
Mizoram,Winter,8.327389316390612,0.7978143637530252,7.2013111443428865,335.8213088311251,34.60714861651232,26.577908397009143,0
Mizoram,Monsoon,6.49033100504188,12.311612549866965,12.926967965657548,1466.0371527144564,625.5196665616984,23.101420562702543,1
Sikkim,Monsoon,6.04527199022376,5.071594301738484,23.04910039674693,2785.1717133864636,616.1844974590215,28.141449537568,1
Meghalaya,Pre-Monsoon,7.177156168944286,1.0675219213455236,36.531097300384516,297.1747632345268,121.70764218167157,21.957256630280472,0
Nagaland,Post-Monsoon,7.871104451254566,2.356091514010865,42.60849720435863,404.4333919885616,39.737521491371524,34.43904117658159,0
Sikkim,Pre-Monsoon,8.154828687223192,1.389339782814784,11.762679083376659,601.8033783956415,81.45999662249,31.263460906677864,0
Arunachal Pradesh,Post-Monsoon,7.589692489853533,1.5554995026019824,12.647296825991678,335.91243661255646,42.734014706337845,31.008385049197404,0
Meghalaya,Post-Monsoon,7.174288339321935,0.9592885155244294,44.02703638771733,28.33451619260483,57.22808484575717,34.69396238176276,0
Sikkim,Winter,7.927065008918669,2.2837733228572965,29.65838698311482,455.8027389840701,42.38911154892444,33.17044062571133,0
Sikkim,Winter,7.73433996061684,1.4687481065510046,36.723696008251764,425.4165798241968,37.745412839954014,31.150144138222696,0
Mizoram,Post-Monsoon,6.932389922101985,1.2636676507122602,33.5901377379936,61.905526746310684,141.3091898807269,24.92363571783533,0
Assam,Monsoon,8.48679568336632,14.971539955836441,22.45142969023795,2547.410657564812,718.8448855037757,16.08433050801633,1
Manipur,Post-Monsoon,6.5383811394532705,1.5178071785850147,4.474155206383368,289.1890419549884,114.7412818252762,30.82139681872175,0
Sikkim,Post-Monsoon,6.209043094785077,3.6554785748376815,38.34622378858724,318.83487648217994,13.475144816682292,27.45253565250441,0
Sikkim,Pre-Monsoon,7.312528290890562,2.41584939733907,44.40529005847833,601.9627032345692,110.74600614029022,17.314137874119954,0
Mizoram,Monsoon,7.556983763210496,9.068879610541522,34.961205648484025,2229.8296151053646,311.16773380676193,17.26878791822926,1
Meghalaya,Winter,7.471215913064191,2.939205361070423,25.853713777318667,84.41026003281088,104.27302136786109,24.15412625458015,0
Assam,Pre-Monsoon,6.711916048441031,1.906957514099236,48.361300414602724,240.37900621845625,17.956932689681736,26.38255724653078,0
Sikkim,Pre-Monsoon,7.7345499650346765,0.8643119316401279,17.155344408175104,427.20467406334257,82.58638596398917,19.25900215914841,0
Nagaland,Pre-Monsoon,7.862718279704204,1.0404354215813938,7.996926815995087,275.52215950463585,84.6905742306323,19.487001019292364,0
Assam,Monsoon,8.278310012394103,13.461363409121649,24.753234822388247,570.2858150934271,356.458407316117,16.1101917417825,1
Assam,Post-Monsoon,6.315241719757766,0.659977272375885,13.169216576930182,624.905934433103,102.11167640763205,17.11828947102784,0
Arunachal Pradesh,Pre-Monsoon,6.242210404506546,0.7655153851429795,20.315028467440165,745.0113305640797,69.48320479840616,23.690659953828547,0
Sikkim,Monsoon,6.128940856032952,14.74507422670894,36.59050832434949,3509.009539968172,315.4225957008814,27.891720608960135,1
Tripura,Monsoon,7.9200870235663166,7.304863047033758,6.824435416515534,3571.920899905534,739.186486608053,33.60584309212451,1
Nagaland,Post-Monsoon,6.642465251096126,0.5104121224175555,1.9573597710788648,318.94034940544844,25.109640695147785,17.170084414956925,0
Mizoram,Monsoon,6.097864058109748,6.311694018268653,6.732567202126488,3314.972451907112,729.2999183393388,28.64954172932834,1
Nagaland,Monsoon,7.121085330270817,10.220276826147915,18.00257237473352,2603.7657604454375,387.41850678630453,20.20899127898403,1
Sikkim,Post-Monsoon,8.115480967332124,2.5702621946713333,40.496487990509436,745.0946404220701,88.01438362406527,22.242883749462145,0
Manipur,Monsoon,6.243914945386826,11.280279879848269,15.983505523964297,2711.863089998834,500.5753531309198,18.390129297090883,1
Nagaland,Winter,7.755171950503838,1.3754448196068676,3.904304892599042,124.08911989422897,65.6753770631157,27.38444052966355,0
Arunachal Pradesh,Winter,8.386551876951627,2.041661772078753,0.2624861744406404,577.0058331501198,124.67076006980861,32.53723837805353,0
Meghalaya,Pre-Monsoon,7.525709151056046,0.8158816080382161,36.45142480490611,337.98774113535734,138.673318381912,27.883179666351765,0
Tripura,Post-Monsoon,7.925734896288624,1.1930587660312215,25.906277047583693,459.33271901376287,110.42882488988666,27.730820985421982,0
Mizoram,Monsoon,8.02887501957302,6.620157128534777,34.181113776850964,1472.963788179166,516.3412956502934,21.390385492112998,1
Sikkim,Pre-Monsoon,6.836110441759338,3.0080382307020894,5.2044997598833405,140.62778757750092,38.207997773505916,19.261995878492847,0
Sikkim,Monsoon,6.884068692060147,6.697381887602971,27.008268404564724,2449.5054885145864,574.7575564425895,30.511128332308633,1
Manipur,Pre-Monsoon,7.118510468543233,3.5820451650571474,26.840004699647185,294.1242876441408,140.38116212191383,15.349202742139008,0
Nagaland,Winter,7.950429556383517,1.7677400118842599,14.14613911355686,110.21093387492421,17.047106539559415,29.891354614035727,0
Assam,Winter,6.484043307831951,0.5327081096206583,46.56405691724147,529.594538766643,97.91300030132314,28.92129884390114,0
Tripura,Post-Monsoon,8.418802522857936,2.1748928665480842,36.43330341964409,585.6495281480877,124.50434070058296,28.47674393417791,0
Nagaland,Pre-Monsoon,7.624536172304033,2.4216844433674902,42.10110282231064,382.1841741448962,32.48939575776454,31.44963487433594,0
Sikkim,Pre-Monsoon,7.135329237257285,2.999593453100271,23.10226387784468,516.4070299551572,66.49417237707267,20.163350615918873,0
Arunachal Pradesh,Post-Monsoon,7.376603820799105,0.6377161274656411,13.469170959533683,796.4608724637638,149.47306801280996,34.240602360855725,0
Manipur,Post-Monsoon,7.511080377209386,3.9304650002406736,14.528198046398334,179.7923567968385,147.40375701279527,32.74417456118174,0
Assam,Pre-Monsoon,6.930560570444983,1.6688310712707277,14.083898828799363,539.6231446331097,147.39769597241684,33.88028743990151,0
Manipur,Monsoon,6.549250370409528,12.51770112740173,14.844554919036524,1949.425291888906,437.68563658874723,33.069972783374666,1
Arunachal Pradesh,Winter,7.549553312001109,2.975983161510052,1.6177351089743497,314.4166521118547,79.7444949050711,23.170941518510443,0
Arunachal Pradesh,Pre-Monsoon,7.565696957714591,1.6111263606653947,21.023770270035495,282.243565028218,94.92605911071142,27.590827686619257,0
Tripura,Post-Monsoon,6.2936479906011815,1.5232009597709713,24.954893017351974,628.1727830891577,28.601130546678036,25.19007771661442,0
Manipur,Winter,6.515305715691781,3.8614423824338724,12.582540729020813,407.32228086500555,25.002973493563292,27.65588752616119,0
Manipur,Winter,6.810731292178301,1.6308524514677767,49.84176456453217,305.7203427401371,143.54246387946174,25.20057194088377,0
Manipur,Pre-Monsoon,6.9313215289486845,1.9845511096606216,12.152129536219297,126.6082163457345,60.42191443761364,20.114772776232712,0
Mizoram,Winter,7.97244339968938,3.6879503866729904,25.089201083532082,344.40603068426446,62.263374269879634,27.099668098249165,0
Meghalaya,Pre-Monsoon,7.235488039743392,2.0842239943740735,5.900334947350277,186.7582735696136,113.42265013841492,28.007318444035256,0
Tripura,Monsoon,6.921022440591247,10.298490039366676,18.183231635580878,1657.8212144114905,798.4673950330916,19.786351201418036,1
Nagaland,Post-Monsoon,8.180311449537633,2.9133930938544044,11.921683228843282,684.0683880042911,68.45575172400211,21.268646963146494,0
Arunachal Pradesh,Winter,7.377271118738253,1.3996626423072316,24.899407508220055,87.0207316469335,81.44505763908636,24.123644076094802,0
Manipur,Monsoon,7.772716039246108,9.8239573007906,21.084149717722756,1000.4489057432099,569.3750883596535,17.1611543168908,1
Meghalaya,Pre-Monsoon,6.1847043011959935,3.3877855852906604,34.22113601788236,162.08111637443935,57.071970403097026,27.31439547137892,0
Arunachal Pradesh,Post-Monsoon,7.812638238142139,1.5740966165208752,44.09755377132602,156.63759035978177,12.537168524052127,25.261799077175425,0
Sikkim,Pre-Monsoon,7.3192863471178295,2.2223111236167625,6.863869470008432,111.46131543141601,54.76450449880052,19.014329574264497,0
Nagaland,Pre-Monsoon,7.284503327493031,1.2353649449316682,25.367994662366662,467.2516179964176,140.82426197286713,16.611630969095476,0
Assam,Post-Monsoon,6.612148520576822,3.484654152361819,20.662647661148913,466.47200376353834,138.73107994064085,23.9795478506462,0
Manipur,Winter,7.357923898227828,3.6066140080583877,23.333052007014892,391.7264491631558,107.0444861241732,27.63767737820528,0
Meghalaya,Monsoon,6.954706530894911,6.463241721638015,15.30147607420268,915.6120072254793,667.0701323517485,31.79940563637312,1
Meghalaya,Post-Monsoon,6.7446588966076195,1.8743915566916323,34.284081663165715,256.4817861357868,17.673518870959175,18.39273490852554,0
Sikkim,Winter,8.412472777551411,1.1834163570346097,9.042725599488438,122.36026001437247,87.03637508675186,16.751471339783382,0
Assam,Winter,8.184955052937427,0.752518919239274,24.592592174971283,656.145172653783,39.108794477891806,15.175885507647592,0
Mizoram,Winter,8.099558311459667,3.0129792997422706,2.1274182123546312,413.56627955709274,36.817065997878515,26.52248016378148,0
Nagaland,Monsoon,6.28339459487261,14.476788184610067,11.763657544976214,2881.8056786809875,309.81876497474394,23.59358535857755,1
Mizoram,Monsoon,8.317969312222674,11.493551844420589,3.8920573308248887,2569.996350534174,671.6279158910666,18.733741464137054,1
Meghalaya,Monsoon,7.5613098371256005,5.902019915779181,30.887719015082688,4903.970407824269,383.03093653651104,29.365682220735316,1
Manipur,Winter,7.015224640878512,2.647949498652957,6.62509221839131,709.6655834377909,75.75094003900955,23.555014513596102,0
Manipur,Post-Monsoon,8.464012852642083,3.730436809935309,3.039812693576016,27.74440345646204,117.33820339918867,21.771660484882588,0
Nagaland,Post-Monsoon,6.742089220759231,3.168585548634805,38.17610984676727,739.0761057831153,113.40041401366145,17.558425281603387,0
Tripura,Post-Monsoon,6.916350873926345,2.8691715921189216,20.631158329061588,711.8727154089793,28.717647027207597,21.162916730267803,0
Tripura,Pre-Monsoon,8.41908513175688,2.869867512735856,0.00900024567753177,709.050469079883,80.24561868480487,34.74167546220841,0
Tripura,Monsoon,6.915898737446259,10.788783520087838,49.018950925141546,4881.26427619833,380.6083696175185,30.93966237493674,1
Tripura,Pre-Monsoon,6.111863780223169,1.6552337507375825,34.888544348112156,370.6330320320736,145.06060964636043,27.671120123087512,0
Tripura,Post-Monsoon,7.755953653382296,2.1843092067574474,9.884077541400787,222.27077678466432,125.69493545526242,24.155331037492807,0
Manipur,Post-Monsoon,6.419645969807379,1.98978389249646,19.645631180603473,296.5509878079826,52.915710630016726,26.578829479386528,0
Assam,Winter,8.195952563314549,3.7432566787684065,26.753901840831695,557.4738322179709,104.75323074670384,15.38017645805699,0
Meghalaya,Pre-Monsoon,6.514830793029349,1.4001820254291004,1.7396234799516352,465.730181591068,23.722356304081263,33.242718250849364,0
Meghalaya,Post-Monsoon,8.494556485248411,3.516596994889097,25.34312464327666,501.52432851386686,115.4601283886758,15.586024709968171,0
Sikkim,Monsoon,7.187203352141369,7.971610794161682,34.890039001816604,848.4355478630345,598.4049035485575,28.77744218332836,1
Manipur,Pre-Monsoon,7.069881906823044,1.5745434952372934,20.070764369684845,450.2318960673404,37.128918397694974,17.277896235450363,0
Tripura,Monsoon,7.626627120781745,9.579283502747806,8.69241609784272,3605.2945368421406,542.8689677439334,30.132092720123584,1
Mizoram,Winter,7.695048591674039,3.8217422991251664,42.94716928225428,385.63142286368185,31.845300607773584,20.215203555783184,0
Mizoram,Monsoon,6.824246921231477,13.997025906659726,26.200352674008602,2409.4342108477867,588.4638701890271,20.84480551084285,1
Mizoram,Post-Monsoon,6.9215650645299025,2.366490972920844,8.78139624148629,115.96000667279648,141.3915649192995,20.987723408885053,0
Meghalaya,Monsoon,6.476882295924033,11.337181728077747,27.938559345637554,3903.075163422745,505.7085020047702,32.27035471472387,1
Nagaland,Pre-Monsoon,6.138187588915976,3.168835646251571,30.865546623395478,510.5547168880813,122.78312709344851,32.023539560161105,0
Tripura,Winter,6.5930169728142225,3.927629435599852,49.2290067873573,263.4232685065135,17.629734741293905,25.527697424602316,0
Sikkim,Post-Monsoon,6.145246979647558,1.8682989525552056,29.839739504319894,407.75434537195576,35.845163873942504,25.93210974349165,0
Nagaland,Post-Monsoon,6.373986169414348,2.242468295038282,46.03765923623479,632.7563211053334,100.8980811719114,15.706928112716248,0
Arunachal Pradesh,Pre-Monsoon,6.360982321301902,1.5258974508740748,16.72697284090838,148.59364532998757,83.25926015981496,33.63693106626492,0
Mizoram,Winter,6.8912644701109,0.7913758451411614,10.575128209197187,419.4459463837594,112.09453783651718,18.664678020005606,0
Meghalaya,Post-Monsoon,7.6967814073780625,3.458987300563812,45.46990146638993,539.0674148268229,143.3929191646494,29.266646069551147,0
Sikkim,Post-Monsoon,7.786777082768063,3.792173803197122,47.6228903753949,212.29855554051258,120.21951351874847,26.7317254884759,0
Mizoram,Monsoon,8.331080801290902,12.584562453115966,29.85226438234311,3942.8197859421953,680.8362464109139,30.11223839101192,1
Manipur,Monsoon,7.941576471890436,11.45514601936258,0.9744696291662136,1763.581237157389,390.52466750812465,18.918735763093625,1
Arunachal Pradesh,Post-Monsoon,8.213856436769275,1.9511450606720349,1.0277048440621384,621.425212800329,17.02219178908283,25.29271330913079,0
Meghalaya,Pre-Monsoon,8.12775718996881,1.4633810567964805,33.464115983261934,81.74565005400146,70.88574784081587,33.13627448519637,0
Meghalaya,Winter,7.560055046624604,0.862140940833456,31.737430710242503,566.6790553570971,56.064577439576645,31.225356857223506,0
Mizoram,Monsoon,8.0154256935706,10.953577312654708,25.452511424586334,839.5692241552639,331.25482725564086,26.177413306994286,1
Tripura,Pre-Monsoon,7.384196399765443,2.9370652455997943,2.07382817936978,764.6594577236078,59.05347108380055,21.018859539373423,0
Mizoram,Monsoon,7.708823432422168,12.152129926573226,30.575668403299716,3621.8124658415877,628.8418653981082,24.151739732005925,1
Arunachal Pradesh,Monsoon,6.1982504495679045,13.246849493846302,11.496259217267296,2969.966932124426,565.43345670954,18.93411764784614,1
Manipur,Monsoon,8.288099270391127,5.5459515665982115,21.9680163026368,1972.1788741729267,768.0483152417575,21.439781429581874,1
Arunachal Pradesh,Monsoon,6.077608042647847,12.977461774035664,41.99887411712216,2901.198555328218,421.1908359380083,29.041618542293048,1
Mizoram,Post-Monsoon,8.140576865435438,1.3610936016007766,17.25819311177514,244.1917963703882,131.4799312228374,24.25955964390492,0
Meghalaya,Winter,8.49077233319511,3.170676610455027,39.23562518694468,92.07041664489354,53.74028787833709,20.067596916792144,0
Tripura,Monsoon,6.935007463643509,14.43233264502348,16.28530990955717,969.0036089918583,739.7440686087275,26.162892509282802,1
Sikkim,Post-Monsoon,6.005244369847834,2.430335630524228,36.325309862643316,401.39091284094576,15.354787073934215,20.363730259933096,0
Manipur,Post-Monsoon,7.4779890989320785,2.9532333193178,39.62388086039203,569.5179452743305,119.91648111189083,34.06457809986989,0
Manipur,Winter,6.074723956997512,1.9989947960930803,32.47090036619294,527.5090693557953,94.29788653048004,25.367602194414737,0
Meghalaya,Post-Monsoon,7.799178934855201,3.762520880782364,17.66946918156775,626.2670652198096,84.65261471232898,23.515713863509383,0
Meghalaya,Monsoon,6.894108390902042,14.897159197915332,10.106475328117925,1597.4014768638358,452.11436147922177,31.211381919973704,1
Assam,Winter,7.429061548919886,1.3030295447213485,47.051135509380934,78.26140847941646,19.140077450855586,22.420619100744496,0
Meghalaya,Monsoon,6.182834454371883,12.347288920946998,42.095357380511714,702.2273864202713,613.1938721480863,18.70185395417925,1
Sikkim,Monsoon,8.409161340390877,12.75435707042239,41.4495611265123,2612.1179304167504,370.40230956688794,17.517320224715686,1
Nagaland,Pre-Monsoon,7.029489146002372,0.6201273002781058,45.904192140303195,496.1805161532376,114.86954858588513,34.59499947916845,0
Tripura,Pre-Monsoon,6.166884455819173,2.5224483380608262,39.14211226424482,616.6738145061312,72.78963630185544,20.854834109182008,0
Tripura,Monsoon,6.466263553453131,9.703238859785714,18.699676095312757,875.1241324591258,365.23688415130096,24.64848139666651,1
Manipur,Post-Monsoon,6.244016227505407,2.060417449291894,32.663104762802334,764.0008608356367,84.76825203667255,18.453674523185434,0
Manipur,Pre-Monsoon,7.511614191908585,1.6684318009274381,27.470272903106334,257.2738359180248,125.89401567197719,33.15603206174039,0
Assam,Post-Monsoon,6.904186680595523,3.3225928018670494,38.73793827533721,157.55292997727796,21.66039798322573,25.543173852385763,0
Sikkim,Winter,7.055333377009819,0.7155685999138781,42.378354450113314,500.954966946222,107.56261008140368,34.848361813125635,0
Arunachal Pradesh,Pre-Monsoon,7.710922835971081,3.7327705725794775,35.23224683455957,534.0891493528644,48.37940999618719,27.20208748489531,0
Meghalaya,Monsoon,6.639336236524429,7.2952683405766265,47.14439148860624,948.2147606674939,482.9929161647144,17.143604775496122,1
Meghalaya,Post-Monsoon,7.429290735956052,3.503902408330414,27.39709310931549,462.86817769404377,37.16102981964836,17.235694846631375,0
Mizoram,Monsoon,6.6107639402846825,9.288014039849719,28.222312761040904,4516.85350939382,744.5369508024605,21.35240417526341,1
Tripura,Winter,7.869781362831313,2.2277260401610475,5.609969478275406,283.1988347493521,29.441759837239537,15.78249001725548,0
Mizoram,Winter,6.503936881218121,1.2690691366382891,42.58300053204541,614.5525945834877,45.81292712950744,34.393385904139365,0
Arunachal Pradesh,Pre-Monsoon,8.208271824878207,2.680291757577575,16.20511596846217,672.9044015597234,111.36249515751791,27.9438182284567,0
Nagaland,Winter,7.2564858907855445,3.404366092056545,26.100294494026187,588.4941307076454,43.68261218350529,20.45961526360141,0
Sikkim,Post-Monsoon,6.86440779611628,1.8730611236438355,12.842152405722823,43.91568015958262,41.86530701169055,16.696778545308156,0
Assam,Post-Monsoon,6.232328459232878,0.8581821911136991,8.735911958693897,484.25179056761556,101.90014618572272,27.585319185704297,0
Nagaland,Monsoon,7.808456646487723,13.96775331749961,13.167906098276289,1536.5333053971995,616.1816197479554,18.90191283191924,1
Sikkim,Winter,7.554097447326129,2.544525024269675,19.135878418161205,718.3780689963912,122.88488729420733,33.44057323702497,0
Nagaland,Monsoon,6.306807865756033,14.050405396567395,37.999518691763335,2834.2685072682366,799.2904390575493,24.201638287000364,1
Tripura,Monsoon,7.476717045752088,5.183555577181619,11.018800114361909,1696.446977815131,514.2630459504004,18.29410581909174,1
Assam,Pre-Monsoon,7.002565973246895,2.146295399510617,41.13822633129096,503.64919860128407,95.34827646859785,28.767381844410522,0
Assam,Post-Monsoon,7.414493243963218,3.2719468074169895,40.58473777097048,220.15386103510696,11.031234587756334,26.94240434858667,0
Tripura,Winter,7.344260156626134,3.5758377962363688,37.16817542518726,296.002783484094,39.42117798760057,23.12962320807849,0
Assam,Monsoon,6.876872244959759,5.814553973241809,42.34905211014349,1549.6219996339958,756.57731802709,31.624075895817768,1
Assam,Winter,7.933755748988891,3.684519983811851,24.457273384610577,587.2357464063691,128.57118067179132,22.083125031923238,0
Sikkim,Monsoon,8.085330316272389,9.307266563557032,7.033003529748533,1789.7576668160436,399.10789464089174,29.288019152283518,1
Assam,Pre-Monsoon,6.05475574284753,2.749172383971687,0.7907972369779026,463.00442051219187,116.51188010085819,31.628279801490528,0
Sikkim,Pre-Monsoon,6.904126790842323,2.0938750406327378,1.1661215764844524,221.55017232862357,129.08092265137623,19.422659176621984,0
Nagaland,Post-Monsoon,6.542777318298811,2.8854201814349154,5.9568644984279215,486.73003117384206,65.54730578784161,18.479624210563934,0
Meghalaya,Pre-Monsoon,7.583236250795513,3.6263979523922707,49.39025698360277,769.3138672538074,117.79417735359125,29.28599898538346,0
Arunachal Pradesh,Winter,7.499331832092452,2.301725293442841,20.974758624342776,312.3144216859609,67.24787041761275,28.668940917514,0
Arunachal Pradesh,Winter,7.810987815658708,0.5402222979302351,49.596114006522406,541.4053273336082,18.379320008788795,32.07239570403178,0
Manipur,Winter,8.36465311653006,2.992570311421735,34.31658964853391,754.7503235111074,54.847509529259874,28.194516637618456,0
Sikkim,Monsoon,6.987395527453877,12.020101860385264,10.816610306745567,2213.3242814016658,412.9035037583709,30.396879728297815,1
Sikkim,Post-Monsoon,7.194368831003638,3.57062706235494,27.113649254532646,566.058721532194,143.2499912909519,28.380798778174153,0
Sikkim,Post-Monsoon,8.129611432927186,3.770036853854296,29.3797991023804,126.54448916674697,118.28537548136485,25.116855253868145,0
Sikkim,Monsoon,6.102667955711322,6.559889401785042,19.90339888389274,1884.4099412315363,310.79370720995854,34.06456197802895,1
Meghalaya,Monsoon,6.346092919947985,8.618594737447287,12.343294314188041,4725.916104836485,543.8959927533439,34.2816760003073,1
Arunachal Pradesh,Monsoon,6.0420377797155025,13.246658519776012,19.02726697039493,948.7488213000915,776.8083490486888,24.229653571643638,1
Sikkim,Pre-Monsoon,6.805694858699221,1.5782425073335928,2.624171251023072,59.81846591481934,125.80319790093259,17.487099414483534,0
Tripura,Monsoon,7.696477634705519,7.393095061015094,33.68870542562262,4187.915127552643,312.0382164839701,25.669428431457,1
Tripura,Winter,7.353134847626707,2.968785128055787,33.72035889232715,290.02441176735596,134.57777341149733,23.017217292153966,0
Nagaland,Monsoon,6.390603775446343,14.809779268686409,17.28608420215034,3233.0924578326426,579.5771975454047,19.11619204801832,1
Meghalaya,Pre-Monsoon,8.195530454377568,1.8244796610975775,44.93914667711297,75.98827989608107,38.32293091536071,20.13809925337091,0
Assam,Pre-Monsoon,7.193420258891818,2.4446706351759153,21.537820707173232,298.6896426162788,93.50802433863463,31.281478985219852,0
Nagaland,Monsoon,8.414072362835531,10.234182448919247,35.61439446633119,882.1483218660846,559.9775711321672,15.798198326181769,1
Mizoram,Pre-Monsoon,6.835908208037768,3.338243671815021,30.703996880750807,325.8986050477553,62.148905240348554,28.271826288916948,0
Meghalaya,Winter,8.139356506940963,1.7944522172120767,38.78661322637659,547.7637602286356,120.01497509850849,22.828276905947135,0
Sikkim,Pre-Monsoon,6.874403654711545,1.3256319235910972,14.737444215796625,528.9110448355732,141.8662870767673,23.83552326661333,0
Sikkim,Pre-Monsoon,6.334079482560611,1.3264243122038606,31.264233162777387,442.0103524388704,62.79097406995069,31.762300166431288,0
Mizoram,Monsoon,7.11378140159844,11.028442057867498,1.5541314864236988,1767.154735591353,783.6366291329664,27.36474242862144,1
Meghalaya,Monsoon,6.500348222242466,7.972019467914327,17.507358610809614,4733.25269896009,453.75027110763676,27.813498808747212,1
Meghalaya,Post-Monsoon,6.259913442659572,3.4901824678251137,40.82527435466089,427.57120543351164,85.93114606006219,23.326891931369364,0
Mizoram,Post-Monsoon,6.73942149075812,0.7979303657766021,45.39591487403439,64.70129870995301,11.853464182936332,31.818423395779416,0
Assam,Pre-Monsoon,6.365639910978466,2.1819548160350055,22.647767238345907,272.19353882265415,89.26554362987332,33.6970593380652,0
Nagaland,Pre-Monsoon,7.558342896600647,0.9392261413687467,33.706649118328166,146.19916043593668,82.63856115475727,21.540626985099543,0
Mizoram,Monsoon,6.9867035582662425,12.113158204957278,13.062845660384859,4948.1744055280415,371.44295296517106,33.225049510636225,1
Assam,Pre-Monsoon,6.173770706663501,2.82332896105675,15.7678513349497,243.94078441345295,10.310841279698286,21.65321010722731,0
Arunachal Pradesh,Monsoon,8.395790981499124,12.517316527963214,10.36131487414112,1154.2302453945251,754.9427785581316,29.89366534932185,1
Manipur,Winter,7.7199366043862705,1.5562130371572143,4.9105436698084866,62.1851008018057,46.05824951056129,22.026839810977126,0
Manipur,Pre-Monsoon,8.352409310630208,0.5809744385055768,18.203482716950898,398.11620116859723,52.1931544794977,16.81126627780275,0
Mizoram,Pre-Monsoon,7.459825596791168,1.943099258271081,19.580336239942238,421.9211187936048,94.10185356390636,25.309606091799033,0
Sikkim,Post-Monsoon,7.288560502120071,3.645866377518672,16.49829800580223,341.7506698084259,112.57659252807629,20.66501050654162,0
Tripura,Pre-Monsoon,7.624738683688366,1.5790242058705293,34.645946625187726,562.284081707457,109.46982230787559,26.060874900773463,0
Sikkim,Post-Monsoon,7.477249365903046,1.9011477358188533,38.17396476911009,99.9364102393239,20.24560724404155,32.37183524754063,0
Assam,Post-Monsoon,8.271377107843255,1.7075751378675657,32.31080869307785,342.9539036309657,73.88016449760438,26.271777277750918,0
Sikkim,Monsoon,8.058072542675646,11.79360280148611,31.002402427001662,2496.206537864697,418.217042651895,15.393430428390113,1
Assam,Winter,6.741786204143571,3.088052528954807,6.676164231530846,587.4436753887004,27.2511288315641,23.462550899184407,0
Meghalaya,Winter,8.051314168854928,1.676711750156725,11.253528755178483,26.24417087397339,128.6131519834331,29.520668801169123,0
Nagaland,Pre-Monsoon,6.830383968358666,1.4557453153222941,8.254123581434014,34.41930587452277,42.354825763239155,24.183234567413976,0
Meghalaya,Pre-Monsoon,6.632313996610845,2.9273479312067923,5.363811767491833,278.9424646939434,60.365094077983805,22.326211777300347,0
Sikkim,Post-Monsoon,6.486287218637293,0.7533653484526441,18.098657477570733,218.6245417646129,100.63613691539982,34.68269585543338,0
Manipur,Monsoon,8.208336033036854,7.271662081690441,47.24911869624463,1036.2102616255358,573.7808589736817,15.894536523259696,1
Tripura,Monsoon,6.842667810038812,11.683425747606949,41.37652390475378,2432.9485546620363,714.7607924570814,23.711647409940582,1
Tripura,Winter,7.452319820850274,2.3140748149759305,27.45463660434733,612.5815221708759,137.81526531074496,34.7532351320056,0
Sikkim,Monsoon,7.864478093397261,11.268112789137687,14.146665099477667,1788.779954542028,320.2620907443168,32.41445306302904,1
Nagaland,Monsoon,7.996798913703643,13.459005975934033,15.910779756628907,3802.3599002451747,555.8521756467572,29.426608490729063,1
Nagaland,Pre-Monsoon,8.317021286516223,3.5931489313365,30.766017652918777,740.0690114532761,86.86365152946692,30.786548410795074,0
Arunachal Pradesh,Winter,6.764610604566175,2.7803072035590537,3.9428082352750247,216.46121235768206,86.3344770834042,29.396372072364862,0
Assam,Pre-Monsoon,6.233021556255857,0.5451757166780727,40.25022853499259,464.1827149365708,149.89480034161758,21.708564017188607,0
Nagaland,Monsoon,8.350550044406639,11.71727118328656,39.1916651714645,1248.5552031500326,560.639353152937,34.39790429960012,1
Assam,Monsoon,6.95132931291039,8.076290800022571,4.4782817861846125,3459.491768873766,553.7923644394743,34.286465462291105,1
Arunachal Pradesh,Pre-Monsoon,7.648357262315101,3.815506502722966,44.16849344387707,653.7120701389812,10.911401233539728,18.161435545263235,0
Mizoram,Post-Monsoon,6.8309298243170105,1.4469373344195073,46.617866994500794,328.175173811152,137.50104596830118,27.600474181898708,0
Tripura,Post-Monsoon,7.018895661906807,2.483862910525539,12.097987050619164,554.3747399922678,40.98246214787649,34.735698042782914,0
Nagaland,Post-Monsoon,6.843100675526168,1.471723124334085,11.194537030881586,745.9138759635525,22.48845148638547,21.46134150268324,0
Manipur,Pre-Monsoon,6.8109327646797375,1.2688270982496903,13.083745285787563,449.75882488682896,26.42786700342453,18.25994473945287,0
Manipur,Pre-Monsoon,7.759432739261062,2.240812200601459,43.02317243253179,254.1273581558731,26.920421635749165,25.009104390149695,0
Mizoram,Monsoon,8.229166585004325,12.465301465132562,27.30122452312535,3928.340493884481,609.9720667111055,33.605985726580954,1
Manipur,Monsoon,7.513415915964635,14.65176530986349,29.34334987811049,2289.267851769628,533.6801688082456,24.060135166193056,1
Meghalaya,Monsoon,6.291354346388515,5.6341891014954815,32.641646827877416,1996.9577710601754,749.1179185533783,18.41473093216692,1
Assam,Winter,7.277130765457738,1.9586956554754957,32.53333518283778,192.63855258561492,13.739314464202872,28.946174635390204,0
Nagaland,Pre-Monsoon,8.155414402321139,3.9675924946063024,30.933945864205892,441.07372631792407,76.1018739107634,29.814629944414268,0
Arunachal Pradesh,Post-Monsoon,6.789903948305172,1.4587642965649523,26.084067174431414,214.48115034210474,68.35492715412032,27.294813280899103,0
Tripura,Winter,8.215224929264117,2.897163714862198,19.88046181514065,539.2734747748993,146.53011966993284,27.836591180205374,0
Manipur,Pre-Monsoon,8.281086636635612,0.6229867319167988,38.17377545144325,715.6885919897584,63.28373864569236,22.46558128625648,0
Arunachal Pradesh,Monsoon,7.285730583033569,11.355639304442322,3.843548814197767,982.2746973744229,303.85166767576226,17.95123952793887,1
Sikkim,Post-Monsoon,8.160033225278886,1.5121213480720632,30.97855034003673,198.12645893243612,88.50530749335262,22.148308254966768,0
Mizoram,Pre-Monsoon,7.6430080211347855,1.062626119723907,26.93514410443985,113.12320177642998,97.24589334206439,15.318862175817706,0
Meghalaya,Monsoon,6.213902328248728,7.553244171783233,28.176219294310407,3280.606006524389,433.59401088603477,32.41811044458601,1
Assam,Post-Monsoon,8.2299478292998,1.7814561049529427,42.21077156724994,205.93017763379967,136.53512159162574,33.29812190348078,0
Arunachal Pradesh,Pre-Monsoon,7.306196706132538,0.5755692361628799,35.676977644028526,289.82515096410003,34.91336237944424,17.392730196654252,0
Manipur,Pre-Monsoon,6.547227302020596,2.5221382958178276,13.229932101897186,507.60033791097874,93.24522290587107,17.789676759615606,0
Meghalaya,Monsoon,6.714547121744591,6.79733479249796,39.53024503780081,1925.0260140307973,336.79772725005,24.77602588379004,1
Meghalaya,Post-Monsoon,6.174972271466995,2.5587002735561937,44.26701645228097,152.24321924961797,125.67523819561289,32.322157590876536,0
Assam,Monsoon,8.01644732140132,9.552789923903742,19.14175955446005,530.0646349028092,508.0926054243113,24.700209401687154,1
Tripura,Post-Monsoon,8.439802925966848,2.7216166830868205,21.33168705039817,202.51490595492103,33.780980436120636,33.16505088118568,0
Assam,Post-Monsoon,7.624377024484849,3.09167514233744,4.977543523269973,686.7625503066588,61.44696605412422,25.711293831591988,0
Tripura,Monsoon,8.463143880866777,13.002960701508327,1.6500042888800581,2413.705903799072,762.6320268977015,24.013444877140373,1
Tripura,Winter,6.733235956855392,0.6581005087936975,10.198497480699015,544.6256633869801,104.12685932745977,16.52147927265809,0
Nagaland,Pre-Monsoon,8.256760364952195,3.3635169493895924,4.641469229946277,596.2942244855507,57.398027175437726,19.354383015379355,0
Nagaland,Pre-Monsoon,7.519695836536842,1.6573427252548067,39.50350571284221,605.8308832386887,84.29448735834673,31.60595018792053,0
Tripura,Winter,8.061571913799579,3.1658356426624485,14.639819306170947,473.4740616676653,48.55604132798411,32.346759896956,0
Arunachal Pradesh,Winter,7.198652785632728,3.347516543553069,5.0830991690278,789.9317161730786,141.5325735568105,15.712447594565393,0
Meghalaya,Post-Monsoon,7.598374247015307,2.0188024020888493,40.57759994780268,417.2441311970869,85.66783572070193,26.76537456728071,0
Assam,Pre-Monsoon,8.158707548158304,2.014357926089164,31.95555464281656,691.2856453969403,29.372834699206315,26.62969609635998,0
Sikkim,Monsoon,6.479912995376123,11.014142002561437,3.739974576237443,3564.3920620448475,395.9801323142282,28.211073493748508,1
Nagaland,Monsoon,6.971881880059172,13.416405467362235,23.286568131958678,4549.525541282636,719.9348742516929,25.914944010664996,1
Assam,Monsoon,6.847304959562238,8.506560345231698,43.98582232740692,3977.202099093957,669.7156055250587,19.377350755272,1
Meghalaya,Winter,7.333558276573967,2.3303560903729412,46.1666829167523,264.96655011383336,38.95373662602066,27.715946473184008,0
Tripura,Monsoon,7.559856159267108,9.100240485065411,24.01513204816806,3385.2675566310463,400.8078819586873,15.330995296863989,1
Arunachal Pradesh,Post-Monsoon,7.8351152371285355,2.837858010029106,43.89626591153274,406.2451843387877,65.93732709406018,34.346323649531335,0
Assam,Monsoon,7.104723516001855,6.139219198361826,24.467013110564235,1101.0360617748197,513.5032537709991,27.670641107677884,1
Tripura,Post-Monsoon,7.529768964518121,3.7949588278798756,2.5575276467346475,661.4943815470787,149.73574612609693,27.761753532563596,0
Manipur,Post-Monsoon,8.064534107919902,3.3942043320213573,48.21102179585719,549.7435176362019,81.89509061938627,27.275644810131304,0
Arunachal Pradesh,Monsoon,6.130274255756675,10.786309510619228,2.607983679473469,686.408204166217,311.07358772746386,31.88626967863837,1
Meghalaya,Post-Monsoon,7.5055925312801755,1.9126403713446747,9.95081462712032,56.672633889457884,146.4555349904109,26.4139004908061,0
Meghalaya,Post-Monsoon,6.635521970707186,1.8211894951204162,47.54493576867204,122.2181747232931,77.49044798244132,17.592107936980877,0
Tripura,Pre-Monsoon,7.53084598169412,1.7500306545332625,23.909082257833465,190.9791767603019,35.759251797894144,19.025603583372323,0
Arunachal Pradesh,Monsoon,6.102331317861485,10.431435686055282,2.743531916132053,2172.543170110797,678.6631584202049,23.66710188395835,1
Arunachal Pradesh,Monsoon,6.941488829438728,12.25833469988568,21.63240243647885,905.0596698590277,577.6889577507659,32.381057914648494,1
Assam,Monsoon,8.208735506327049,10.706166946193232,37.301758707604066,3418.9411270307587,343.5416903368681,32.11116156457679,1
Nagaland,Post-Monsoon,8.379630448759913,3.4029729012387837,49.68283080087901,76.30451665663841,124.39612208451956,19.427617354551217,0
Nagaland,Monsoon,7.472916220756998,8.877581239685359,16.68849122070061,2318.7816412098873,414.79689878912836,28.295680122260173,1
Manipur,Post-Monsoon,6.058621316730973,1.8385404199466757,10.983176571856745,343.93231406552496,142.36052215026868,21.66767423117889,0
Arunachal Pradesh,Monsoon,6.993662859679258,10.700128601959985,10.460687095115706,1775.9357704312,468.50303495971747,29.057285590574345,1
Sikkim,Winter,6.8350062547092545,3.172998670350036,10.647274379388389,298.4396595039965,138.1567321380845,33.524872722234335,0
Mizoram,Winter,8.071293701798403,3.3829278122953195,47.1198657769913,81.78394257467924,127.35632555479397,24.025069852871546,0
Sikkim,Post-Monsoon,6.686644293960245,2.239287536516045,18.306877425743203,359.59572735541866,31.284488259061543,27.929913449789957,0
Assam,Pre-Monsoon,6.942461047305829,2.0427050687810535,44.312887457298764,394.12814254156433,94.40902072879106,20.62628543670794,0
Manipur,Winter,6.61117531692166,1.825684161192576,47.64180074069736,75.6389365216709,102.99716101109951,15.03749367328475,0
Sikkim,Pre-Monsoon,8.402570454147263,0.7641788496615907,38.09330002616224,706.5112806861495,138.25702571309947,16.94860208626447,0
Arunachal Pradesh,Winter,7.840742084519524,1.8729616072006041,20.7036134835202,548.6104430472222,132.41996254769984,31.110450656675383,0
Sikkim,Winter,7.343156271730455,1.5978983452414217,35.34752169000545,222.14461455627438,38.53193245175728,24.039403017740383,0
Nagaland,Monsoon,6.447564328678067,14.561672306619272,38.50791283557158,687.4562440184053,747.2717109248401,19.375909072742736,1
Meghalaya,Post-Monsoon,6.003925462899927,1.884840446190517,44.72897551729264,272.40416078194784,130.87198904738486,19.97312426300696,0
Mizoram,Post-Monsoon,6.336991633630643,1.4479440733784221,48.34888160746328,39.611224941096495,50.55049582889055,29.23638837616229,0
Tripura,Monsoon,6.0645663597628605,13.611295559029411,34.7079985148993,4938.318251364242,621.7379385700174,25.394753784810447,1
Assam,Monsoon,6.147240323365248,9.070974703542564,5.7523944093688995,4091.94288081898,551.8053114920791,27.43612506207841,1
Mizoram,Pre-Monsoon,6.282767335694915,3.647427995232568,2.802582690885674,141.42919365855482,49.59733280535605,17.328946540425168,0
Arunachal Pradesh,Winter,7.272022708898161,3.696507470237223,2.142200544288575,794.6039520018587,22.847830744577035,24.180311005257856,0
Nagaland,Monsoon,7.52131027218674,5.433090499483951,8.73829654715057,1459.7191170630604,746.4116311288373,25.667307945831613,1
Tripura,Winter,6.648241365159415,2.456609867318714,37.32957767087714,504.21802120442055,17.00160976784646,19.65419905021858,0
Manipur,Winter,7.830171831029162,1.8457553477108444,38.96074868919166,163.044305581124,138.8343642712254,24.688876588604977,0
Meghalaya,Pre-Monsoon,7.44212033007046,3.3669423723668683,19.214505061354327,609.3215710881894,74.62973702918441,24.32698223762588,0
Tripura,Monsoon,7.535207702741668,7.585967078034209,44.036482814597065,664.8749169636127,553.2325014728067,28.909454668981923,1
Assam,Winter,6.918952672818495,2.0240401310929905,6.326956114594518,500.46671362905016,142.24952866259719,16.787712414334333,0
Mizoram,Pre-Monsoon,7.765279207684067,3.3282379206804764,2.8837556041353904,237.8753510595922,134.6353861778917,28.698834430604776,0
Sikkim,Pre-Monsoon,7.9539726303192175,2.7251244883480337,40.03045250241233,490.7191653198565,100.32895759551212,25.80503211628822,0
Arunachal Pradesh,Monsoon,7.9981814790109445,14.804300578685263,32.81933096234159,1470.8143054143077,717.8824743859004,21.529804185237207,1
Arunachal Pradesh,Post-Monsoon,7.0610041237464465,0.5619117791761419,38.472594993633464,311.4516388037102,149.36524139387723,21.342955207906005,0
Arunachal Pradesh,Monsoon,6.3947234460205475,7.273285185210566,23.172211942280207,1710.7546717245355,334.2528663714569,31.516746830486387,1
Meghalaya,Post-Monsoon,7.015294387938551,2.760684981796909,39.29249827608484,16.38662848155912,133.09426993694046,29.18185354730208,0
Meghalaya,Monsoon,7.354423054277606,7.471278446117263,16.865154579856483,2672.5279414768765,745.5637731797676,27.500589401590574,1
Mizoram,Post-Monsoon,6.426457865131575,3.7843637246481134,24.362528527526038,748.6073767199994,25.839000173634048,22.15424783664497,0
Tripura,Pre-Monsoon,7.2425947736540985,0.9843134343729211,41.19068634578077,758.6899108233512,138.1905610226922,26.514594671812585,0
Sikkim,Monsoon,8.008454161288551,6.1858252802535505,23.22195801898298,3325.9377012303885,551.357808471894,32.681056079250766,1
Arunachal Pradesh,Winter,7.950942518528014,0.7028598582811278,49.45014108559408,104.12932560251542,93.7308715130126,23.42848908361255,0
Sikkim,Post-Monsoon,6.5218883556302805,1.6816225604577557,46.19406609306772,431.17775775462866,38.43195190813475,20.903865595171993,0
Nagaland,Post-Monsoon,6.169559502510807,2.229141298606348,6.325203195891044,114.81028132083486,80.18310539290378,32.297395688240776,0
Sikkim,Post-Monsoon,6.823790172046592,3.6718096391922805,38.55189534379876,251.67228482900236,39.24191583044793,20.461278502502473,0
Mizoram,Pre-Monsoon,6.3676747029842335,2.6944248877652126,11.763240838621709,249.6560397833111,83.87468691898664,20.717503798626,0
Meghalaya,Monsoon,7.469706206179526,10.846930182925467,46.61089899245296,1294.5636259325338,580.1734648108223,29.55081466077874,1
Tripura,Post-Monsoon,8.391157282505048,0.9051741153454553,9.450446341530212,223.78077433350853,83.83508399116091,32.11810127783497,0
Arunachal Pradesh,Monsoon,6.895892725013842,12.993096512780802,9.56326074684547,3951.3911936595664,489.57111566911647,15.965909728718975,1
Manipur,Pre-Monsoon,7.531857130452779,2.7896849831559853,33.74087745152817,197.22815354500113,69.03262256588825,15.773602120276141,0
Manipur,Post-Monsoon,6.9196973454801665,1.5984257748818453,18.53821037586531,324.34665106503326,19.379201738812384,16.27500455750278,0
Tripura,Post-Monsoon,7.518847762884993,2.883800382678148,45.060128875919844,504.0931984373966,148.17617193748453,23.73961720233953,0
Tripura,Pre-Monsoon,6.459176509304856,0.6562745544941028,22.885299113597927,409.6119160357893,13.546290087598809,33.84112880870269,0
Tripura,Winter,6.101717276962825,2.829253793922709,8.3340536563499,428.9874293678902,38.14610983311994,20.412499410205516,0
Manipur,Monsoon,6.338527618988548,8.470256347583888,20.780977520932776,781.424298928257,414.23118658462255,24.937464618542087,1
Sikkim,Pre-Monsoon,7.118598103221435,3.9347311339896827,28.211798981606517,420.71016004649834,92.58305528798003,25.967270530618705,0
Meghalaya,Monsoon,7.97556014974127,10.304779366113063,43.83927868712583,1818.0493390400575,601.102678743429,33.77039783131424,1
Manipur,Monsoon,8.467095385972284,7.9902574801381565,22.745273426443667,3573.32585018792,385.8090811525795,21.566693044364914,1
Nagaland,Post-Monsoon,6.268356900185975,2.6623628428264365,25.38189012837759,381.6297336362711,27.757190006679167,23.267507888590504,0
Tripura,Pre-Monsoon,6.265343597017104,2.571363714681931,20.826772358109856,771.5925606015313,100.92431730875462,32.026020116979,0
Arunachal Pradesh,Winter,6.0415007211512455,1.348139873663955,45.94872590888335,289.25194650311596,94.54694562040272,25.84608371457688,0
Nagaland,Post-Monsoon,6.94672092702975,3.6850413180011445,28.299274035778392,426.2340624861224,35.34390544377156,23.557840101135753,0
Tripura,Winter,8.428262327055128,3.064024537928175,49.702686837001345,594.2263141369826,112.27483134014336,22.187833011592513,0
Manipur,Winter,6.573918800484279,2.7947144465034297,49.66818630595493,240.2196324061992,52.62193747536107,15.664037909938177,0
Nagaland,Post-Monsoon,6.93252134287334,2.466766812806399,22.86355332659359,405.9837708030092,116.08328882944984,26.331033614224584,0
Sikkim,Pre-Monsoon,6.943049635703671,2.257768835976951,11.512623648377001,579.1040730874136,108.41360192684546,16.705759312841547,0
Meghalaya,Pre-Monsoon,7.157606717947144,3.9549054953246285,35.94054053010504,257.6395492762593,116.71395172522065,20.53442303903134,0
Assam,Winter,6.702895831226089,0.6460614751816969,37.382672189653036,779.9448851333766,125.10013017331164,34.05722984120494,0
Nagaland,Monsoon,7.314930248433356,11.473801912608806,43.17886475886312,2730.2725157221244,596.6730451892968,25.76571451185199,1
Arunachal Pradesh,Pre-Monsoon,7.623792752032407,2.7141544733105536,9.466347001831288,763.3386301860015,22.94340498837617,31.665740221184137,0
Meghalaya,Pre-Monsoon,7.9845796757205205,1.5759521879686371,14.825759254086623,227.14993508869324,80.19589630041717,17.68490594477602,0
Tripura,Post-Monsoon,6.8584894802132,2.840683510019705,33.024072006566676,339.8392299269345,39.13479090655564,34.82717221054119,0
Mizoram,Post-Monsoon,7.046812970139465,1.6868506462932,18.326079756937936,593.8824738332646,65.29071034729333,32.168682601014524,0
Arunachal Pradesh,Pre-Monsoon,6.345723933051204,1.7109807957906282,36.79861007735188,614.8861203184179,59.679373689573126,22.797542476383043,0
Arunachal Pradesh,Monsoon,6.698398328746084,7.644920642551861,10.740555017997783,2682.798555291786,752.1468057456407,26.208309752350047,1
Mizoram,Post-Monsoon,7.257389134780238,1.4368049645723926,43.44033070667378,782.8414680735962,95.20717165570832,26.69778601042101,0
Mizoram,Post-Monsoon,6.045602713278124,2.06531792799558,49.31733233835981,181.82753239697817,72.67935182327291,16.798660374417555,0
Arunachal Pradesh,Pre-Monsoon,7.383583756932757,1.6870282475355125,23.04825855360656,36.027663082551555,24.813537235776476,32.301131637049,0
Nagaland,Pre-Monsoon,8.23274083301651,0.6378456474589907,19.517117900392055,526.538110981131,40.27500668153661,25.333998742072495,0
Meghalaya,Monsoon,7.304713780070216,7.559840814228748,13.385812538057978,4107.096843045199,386.08161849412875,27.07020253854138,1
Meghalaya,Post-Monsoon,6.981324930549427,0.7674244646625055,33.7609894557056,722.0331439367835,77.59942311858337,30.311860220116934,0
Nagaland,Winter,7.752038495942123,2.7883399218489036,12.247118924742988,22.594005351385825,61.320989475322435,24.12658576550001,0
Meghalaya,Monsoon,6.416709665200515,6.996886628878505,33.81260126776313,3773.747554387487,649.2078673196468,26.971996493856906,1
Meghalaya,Pre-Monsoon,8.35387248833241,2.9271108607045786,3.3518324682271947,699.966375159505,36.14390384504444,25.43944023679408,0
Sikkim,Post-Monsoon,6.582195587465391,2.3549788695543006,21.21884914270592,129.47770469484885,146.8385920804827,21.188857562049613,0
Manipur,Monsoon,7.021459969469571,6.920499716449875,9.034471956802081,2105.410387125523,359.3512593857839,22.49502398351261,1
Meghalaya,Monsoon,6.541567974249083,7.409118862744073,1.1695565337174918,2389.2926548983614,335.49645196137146,16.761809339260886,1
Assam,Pre-Monsoon,7.673030271747718,1.686319454886569,30.509860559450015,722.4455523969539,83.94382041492405,17.541820351530728,0
Manipur,Winter,7.730899401402661,3.5495065634625345,21.18289158231172,614.8253629893422,44.19433705273291,33.63259577878764,0
Arunachal Pradesh,Monsoon,6.393584806791195,6.9931115611465,20.400260425696754,4024.4993537787946,521.696271335455,15.07823519734135,1
Arunachal Pradesh,Pre-Monsoon,6.605320537022889,2.2267441707723608,20.868024005117125,170.55473854977896,29.837544359939155,17.692281678789815,0
Manipur,Winter,6.564628862023752,3.855076827771708,19.122406662919627,134.2484466894446,59.558793995611516,20.627561981351707,0
Sikkim,Pre-Monsoon,7.825122849875714,1.37661841899616,26.87754216606857,238.7521334814424,96.50375103099225,17.087471575191408,0
Assam,Post-Monsoon,6.923976534229964,1.9553321062878088,23.34718965371782,496.6917920929052,90.21897793762098,34.715413090439355,0
Tripura,Post-Monsoon,7.4328668153221,3.272783948162952,34.17588088886955,409.4113294291759,59.19174995857202,21.576681771043994,0
Mizoram,Monsoon,6.040788763643455,9.540177388576065,39.24851291077343,2279.135075210819,692.2193810014714,24.841855791593968,1
Tripura,Winter,8.10217049678246,1.2928191881893727,25.81716375589017,490.4200966469381,20.13031222962602,23.326758453399613,0
Arunachal Pradesh,Monsoon,8.004696077371163,11.216374299075824,2.476077327217563,1396.6132907478093,626.1354420035609,23.524125330236124,1
Arunachal Pradesh,Post-Monsoon,7.247842143938634,3.6992802113671517,9.065433342674728,472.5343657752344,92.10784404743032,22.5891473157023,0
Meghalaya,Monsoon,7.335653727089426,11.665915894934209,31.03728450917746,635.1214274858914,566.6200147401933,31.477171616680174,1
Nagaland,Pre-Monsoon,7.931342446984807,2.8133024294213143,48.43334948819805,793.7208300737378,101.22200353363024,20.89268193396531,0
Sikkim,Pre-Monsoon,6.598804558093197,0.7790663366754071,2.1490643209025495,467.7329931685343,28.290672422643663,18.353558092847152,0
Assam,Monsoon,6.823529655535527,8.567239681345223,24.071306929998563,4463.815154326673,744.6661706377536,17.186737892722775,1
Meghalaya,Winter,7.814278078665635,1.8898323339860392,8.209321506160332,87.81531475365372,117.96451372004321,28.200447175325415,0
Tripura,Monsoon,6.681786736766938,14.674742854340806,3.311981604226011,847.3362422645864,462.91316159056305,15.19587701164501,1
Nagaland,Post-Monsoon,8.234325516329179,1.8010305811396765,49.44566090023253,493.994446291329,34.506855156873435,16.271404135610744,0
Assam,Pre-Monsoon,7.213628304078178,2.099896813564547,48.17179138162832,20.52586088623597,48.41447328493809,30.16792378464895,0
Nagaland,Post-Monsoon,7.460984493938122,1.2552422897410045,15.64129883489105,90.01223787661623,14.804472225489427,28.604426730414957,0
Assam,Winter,8.070690320761834,3.886929317536339,18.318790356907797,547.1811026744991,136.9508593029856,32.73872416603459,0
Tripura,Pre-Monsoon,7.996062012670147,3.1737448964057826,36.70443827097799,675.0683482138508,106.91107828438044,30.31633491210936,0
Sikkim,Post-Monsoon,6.291282871420586,3.945308330264046,27.39355445383279,637.3474800438372,127.65544779343202,30.423878408349026,0
Sikkim,Monsoon,7.978769669774065,12.266805560325942,5.739969774164022,4261.024799247241,421.40300038705163,21.231137775726562,1
Meghalaya,Post-Monsoon,8.16995482128182,2.131492365704895,13.434402749551499,62.00874281828873,78.63468633314963,31.572363633759743,0
Assam,Pre-Monsoon,8.051858349845965,2.5517997044890186,47.05918859631039,318.47339268388043,114.83973493509217,23.966751931267673,0
Manipur,Post-Monsoon,7.432815292378015,2.194009524355572,13.961820820659076,87.21475560167555,65.07938492164467,28.04269814554614,0
Assam,Pre-Monsoon,6.218609606899984,2.479970550149546,18.123288539140887,704.4221608268141,79.66212285309987,19.54764231182171,0
Sikkim,Post-Monsoon,6.211581376455955,2.754234760319551,6.330676276560865,334.70500797554143,48.40939386069003,18.56142450893048,0
Tripura,Pre-Monsoon,8.122146110220505,3.676806919261509,30.403376328077954,558.2241114945657,31.705995843471683,31.90202406878788,0
Tripura,Post-Monsoon,6.234753167468384,3.8099032814295164,42.91380129280722,575.5621534784431,121.72391961576476,16.244286560903028,0
Meghalaya,Post-Monsoon,7.768973699625866,2.628363891424198,38.84381028178087,703.21552100592,65.54275040983082,29.613758452148268,0
Assam,Winter,8.411490020190417,3.7638193999992033,22.865399322124585,707.2412034818674,46.53714634759871,23.028269350777308,0
Arunachal Pradesh,Pre-Monsoon,7.423777911193611,2.154359761683944,25.852372790000683,30.38343284372023,125.56149938608164,28.85653176381546,0
Meghalaya,Post-Monsoon,7.817659705365552,3.365752143023444,43.31881512952476,150.53786041290735,115.54264715968196,18.566896263290825,0
Meghalaya,Post-Monsoon,7.237673260796046,0.6609459226657153,28.322569352155558,486.7888581136911,103.03092470022233,20.832744451711125,0
Tripura,Post-Monsoon,6.255279667795941,1.8263080227915083,35.026807919002536,600.760261828699,54.05090311678228,17.40912930854941,0
Manipur,Post-Monsoon,7.955213799346855,1.2993788664735542,4.302883479334585,544.5375616876448,83.86350938788446,25.051157832315642,0
Tripura,Post-Monsoon,6.433374895440318,2.2474372997734644,49.08102474894512,538.8117108089292,126.17919619499865,25.460888045891963,0
Sikkim,Post-Monsoon,7.540222014296473,2.177464935329242,42.44827647956851,477.03213019916683,110.68092274932792,29.91380917689039,0
Manipur,Post-Monsoon,8.107426759602873,2.3663449873540165,8.150510341872991,122.9419763270036,45.91850518236719,21.79837762156181,0
Sikkim,Winter,6.284693090156301,1.030007157539451,8.569449124901023,567.9878500219772,104.43569737382359,18.337729571016272,0
Assam,Monsoon,6.846303274278739,7.816511728700567,25.579863050856122,3888.3923895974217,522.2608310039491,24.732882431820958,1
Assam,Monsoon,6.82420989405435,13.338391126438546,8.172402049449307,2159.3550089686814,674.0343389012401,29.575766176897382,1
Mizoram,Post-Monsoon,7.693396371171744,1.3517790028321952,10.356600872080257,361.3490856763566,122.36388018207737,20.158538822739537,0
Nagaland,Post-Monsoon,6.521450905948715,0.8971865783732682,11.043892693586987,265.0708829629884,67.65374352607896,15.825894820688749,0
Arunachal Pradesh,Monsoon,6.869515067273373,9.325605792196908,18.72408899458196,3076.7499027462172,342.80908731308466,29.404537280386656,1
Tripura,Monsoon,7.674499959115599,7.181036881890483,36.919446454982165,3187.5916988345152,526.6214522628254,30.028031858484333,1
Manipur,Pre-Monsoon,6.208386958346484,1.2573548225448652,34.99040975661317,597.3443610199026,119.19990930415177,23.901380722753014,0
Meghalaya,Pre-Monsoon,7.96972890000421,3.599403031652864,32.36650872693808,761.5657511411832,143.06628504091566,17.096560222168613,0
Nagaland,Post-Monsoon,7.507482906791347,1.3276882036037483,31.971353263971913,265.25321137212904,28.437006421131823,23.482027763468913,0
Tripura,Winter,7.474141554462532,2.494924970286889,0.6619214611521596,633.9475154593301,41.127835728433624,30.011075641666217,0
Nagaland,Pre-Monsoon,7.711372009944244,3.7566438467550185,48.6479624983999,549.6562690847051,112.80856755416148,31.493277725583365,0
Nagaland,Pre-Monsoon,6.606285300641254,0.8738482822864584,9.091458987053008,552.2859940705156,132.36104049271717,18.823099957506695,0
Arunachal Pradesh,Winter,6.798286401678915,3.173830986747647,10.092588732177838,371.22376763935307,74.64619929057277,27.760229652032056,0
Nagaland,Monsoon,7.216679880874656,14.004619386960645,35.11005463681039,1553.3076041503014,629.1773304204219,21.50245955176096,1
Sikkim,Winter,7.753892782246198,3.966965827298309,19.67939584713172,95.728550288987,142.2240170632609,34.88913683233598,0
Sikkim,Pre-Monsoon,8.017889874679822,3.516681985658698,36.763394888208666,770.5874923006593,27.0964772447791,28.835923123010524,0
Manipur,Monsoon,6.034160846507927,8.585175617355024,25.594657026229616,1725.3201126862946,494.98863820998446,26.7574450457772,1
Tripura,Winter,6.040337777601327,0.5811260176747439,5.569110645041508,429.22694226395663,70.32755964763145,32.39439420774251,0
Sikkim,Winter,6.953182412654902,3.252953622992035,14.505351374615927,250.14198412519568,139.96259857556288,28.8339990171472,0
Assam,Pre-Monsoon,6.457574818193805,1.3487112581360645,20.797371889626543,731.0129833732997,36.5867240406143,22.071953382414208,0
Meghalaya,Post-Monsoon,8.220523626819622,1.8888035454920191,8.472929203402662,580.7611809983845,128.79804353438223,17.418260324440993,0
Assam,Pre-Monsoon,8.196378606434491,1.067556086218863,35.43831410766165,763.3940082719973,53.42151416007071,33.98937976581181,0
Nagaland,Pre-Monsoon,6.965174992259396,3.3565373021016103,35.977572422306814,457.1323655360057,21.25282621243377,25.71870112982844,0
Assam,Winter,8.485914483154831,2.7339706246032347,33.66355155108378,65.99582031254988,21.027891120334658,19.869166128716678,0
Assam,Post-Monsoon,6.160838222501979,2.796003629390787,35.31218934773245,526.9147250749025,145.78645196026758,21.973032846080894,0
Tripura,Post-Monsoon,6.554970931743481,3.1746758193507203,11.923571969470803,424.2906259527837,121.72513477008407,16.883729222715953,0
Nagaland,Pre-Monsoon,8.109118762081998,1.3902946217727445,29.89779198974664,462.2911994168028,85.67035964423862,28.51953890859447,0
Assam,Monsoon,7.0430555198890925,11.86432604004253,6.997091727014354,1257.4919763629757,502.37505506287147,29.78023140366135,1
Arunachal Pradesh,Winter,8.151700652098402,3.6182176046451975,7.7517496978847635,459.9609647366274,118.23830662089357,22.867718774956302,0
Manipur,Monsoon,6.973621675898053,8.698080401183109,27.474745981868505,4036.968713023459,723.2666699122087,27.551728164559893,1
Meghalaya,Post-Monsoon,8.332688856520685,2.3865414273761365,15.36937744271707,289.0389670780299,79.10199272623792,21.274980916914288,0
Nagaland,Winter,6.552215545186548,1.128944509682946,29.34377600360079,752.6591186368897,141.24271255314957,19.706934418410718,0
Nagaland,Post-Monsoon,6.429732760600367,3.0971950846640905,44.10821041103322,94.43469572650729,46.54321131310275,18.752386391022316,0
Nagaland,Winter,6.145519134895018,0.9749072114003663,48.1727416057881,328.14835917427604,72.5646020205177,27.82509073479322,0
Meghalaya,Pre-Monsoon,7.084867802342506,2.5412493435259162,36.776152812608906,359.7320204700408,26.185341145962063,26.185405469265213,0
Sikkim,Winter,6.933834870850025,2.3720576527736603,3.8148541206341644,529.4975733052012,115.23164094001056,26.321233344742126,0
Sikkim,Post-Monsoon,7.889171432790198,1.1429491992438123,12.361007846272681,200.11671064419713,115.4716502088185,30.100522273660992,0
Arunachal Pradesh,Post-Monsoon,6.497106220493418,0.7772589702459103,10.574069423330279,676.3661435559146,74.3939733691454,22.226280944244408,0
Assam,Pre-Monsoon,7.688258455510827,1.5848770569453712,1.013455823443521,151.81455056532357,131.39667078021898,20.68359278039891,0
Manipur,Pre-Monsoon,7.320269337586094,0.8916760257365483,23.532958521635646,709.3145072378535,64.49417540934084,25.91090963359916,0
Manipur,Winter,7.311511444106048,1.5249895675939078,36.64446617742449,517.6418511756117,57.90516164743605,17.715269482921382,0
Arunachal Pradesh,Winter,6.943367175516605,2.2254513027752867,29.859277704940112,79.16115809164438,30.78488656199028,16.36363157064697,0
Sikkim,Monsoon,7.981905425133771,11.167701690950041,4.5632075880415455,1733.5006161442675,458.08697503684084,22.454862608064214,1
Sikkim,Post-Monsoon,6.380115134714201,3.851689365781768,38.55131582713687,541.8926640252766,84.8764370096959,25.03624580771831,0
Meghalaya,Pre-Monsoon,7.705779962327064,1.5460874447793804,15.72739896730645,780.749203539832,71.0327768669024,24.815085141265435,0
Tripura,Monsoon,6.219242304913799,13.127935368004826,28.484136919295384,3535.577003025295,361.4754382283646,27.30070533580446,1
Sikkim,Monsoon,7.140167192863109,8.237024037312008,5.941015602951216,1460.3863956305622,517.1362794342373,18.091562363600065,1
Sikkim,Pre-Monsoon,7.037231874998936,3.0879935501725577,39.71668803328987,726.9866796265823,126.27860633430278,18.478250662703413,0
Meghalaya,Winter,7.044620448149272,2.102940834884955,39.24877263518706,354.9945712386129,126.97503441599463,28.372276981990936,0
Meghalaya,Pre-Monsoon,6.22236436221082,2.4192393114730444,41.54215529392304,386.35248030143197,27.923714808656076,26.120273874013808,0
Meghalaya,Monsoon,7.567858022848329,11.390367964405636,21.872134095982688,2546.1964919784814,312.2626066618343,23.377699152640808,1
Tripura,Monsoon,7.6503432784793555,5.88286765821389,46.25421516683358,3107.410839598586,486.96597608964703,15.764950227582021,1
Nagaland,Pre-Monsoon,6.46706488071343,3.009211070910371,18.669663877103392,166.55634093987678,97.55140758511958,18.54363441698641,0
Arunachal Pradesh,Winter,8.183559769715277,1.7246950721324459,6.133621327881928,747.9640110549815,136.55828590216373,31.700733887187955,0
Sikkim,Post-Monsoon,6.886926006911685,1.37992775107103,42.48982939925205,786.1645044702154,21.43079985891714,22.207910071382493,0
Meghalaya,Pre-Monsoon,8.114802485426654,1.0609756347460833,30.673881237284416,234.736070496693,31.715885944983523,18.355424877261648,0
Sikkim,Monsoon,6.805952126491334,11.497519897193381,49.480806177386214,1094.2392492845138,548.8962914905737,16.54811809355855,1
Arunachal Pradesh,Post-Monsoon,6.078061205050768,1.0694548582951433,44.469800293394584,681.8374580706029,86.8512247228382,20.393654366045297,0
Arunachal Pradesh,Post-Monsoon,8.343696074884098,1.9416696924819719,49.378088714872156,54.47908929748436,55.486714631994694,17.787982254325982,0
Arunachal Pradesh,Winter,7.278121081439387,2.29163672604093,28.146172896946553,620.5301905478152,131.94850491461705,16.56799603120302,0
Arunachal Pradesh,Monsoon,6.073344112867881,7.780886518718278,22.067785438051068,2172.9553194565297,635.1694940611094,34.61667552246347,1
Tripura,Monsoon,7.720936507813872,10.135393928143525,19.236937880189043,548.2485601570165,444.0748835608829,34.95423421172924,1
Meghalaya,Post-Monsoon,6.149715227639266,3.1413247142873786,30.630741645043468,304.4042569518889,32.979547069382036,20.66407564232793,0
Sikkim,Pre-Monsoon,8.122249422721227,2.2267945834579455,35.022065660250576,456.38833827712216,139.91736964339455,28.89480418151901,0
Tripura,Winter,6.810339705726262,1.4731137763021276,36.063105926225646,695.7832793443448,147.57962799550913,34.84492514434763,0
Tripura,Pre-Monsoon,8.104469161649028,1.678113220803389,38.07021763943755,321.2479233803144,91.70191897905467,34.271349387290726,0
Mizoram,Pre-Monsoon,6.203581394074342,1.9057506557055137,40.03777003363869,158.56463465978834,37.71372249773775,30.27849969870248,0
Sikkim,Pre-Monsoon,7.487597036093609,3.7586648377388894,19.9214952962512,787.7200494161162,139.73883571378917,21.653659850787708,0
Tripura,Monsoon,6.898521948300355,13.163274644780197,11.224419288731857,900.7069991858486,681.0315993833403,24.431448057308188,1
Nagaland,Monsoon,6.541574360219504,5.1291040739715985,23.81362282703367,3222.560086873064,789.477641107125,19.107546634655705,1
Meghalaya,Pre-Monsoon,8.18861168971728,1.4237939406161315,2.822058223119722,520.7403200900759,90.86915451621454,21.718983912455396,0
Assam,Monsoon,7.853442458468992,13.964312657463346,41.83710425857497,1012.756380164492,404.5357986753089,18.36992936956235,1
Meghalaya,Pre-Monsoon,8.19532424257368,1.5072112014111072,47.91716913378988,204.55551567883245,131.8137279322733,33.608520046394624,0
Arunachal Pradesh,Post-Monsoon,8.38352460333167,3.587978611417206,25.358221918563835,795.1351863977998,13.7762480543043,27.99327954435082,0
Manipur,Winter,8.370344106322813,2.7186185833846053,6.6410715871864925,613.1577639061013,48.59345144271509,15.382682178933191,0
Mizoram,Monsoon,7.381563008559596,10.446231898293362,12.88013754237441,2627.0681665635884,340.827780219383,33.4885295202663,1
Nagaland,Pre-Monsoon,6.5449479343911845,3.32355899521143,24.01859840996645,85.21784804084504,135.77101566809858,32.19103348852563,0
Sikkim,Winter,6.553803593694312,0.7368052020033884,25.427094140417427,317.5746127794447,42.21964513759675,29.65901645181397,0
Assam,Pre-Monsoon,6.033157622780329,3.412169864164179,35.030684771864465,246.68273576250903,109.18709953239153,17.806404380813795,0
Assam,Winter,6.240438171345778,1.0472855296334376,43.37356777415287,409.83500431405076,136.63156288278049,22.94826964742903,0
Meghalaya,Winter,8.120154869291877,2.609403984375869,26.994125776531007,528.6460192670042,126.07149269512206,32.93875181208392,0
Meghalaya,Post-Monsoon,6.802225302082275,2.3939540037689855,17.928356528649875,249.3105332941372,146.40867462266445,23.248126476653507,0
Meghalaya,Post-Monsoon,7.753943310995141,3.193741714762207,7.31385308604669,500.17388868979464,20.750775256634462,26.269224887198106,0
Sikkim,Monsoon,6.059393398084248,9.386406065068803,48.87729491726945,4115.137752005783,529.2064628524007,31.72765070874792,1
Sikkim,Monsoon,6.448287229290135,13.836990946377767,12.524347121871433,4332.570033379992,481.1426758784918,26.707477032217394,1
Arunachal Pradesh,Monsoon,7.980859894782492,8.326675341160994,38.78198738364294,1093.373982638539,412.4000795551667,24.677673670811746,1
Meghalaya,Winter,6.346121028956476,3.3281746034352704,44.918501069594704,143.9433355697631,48.777709629932986,25.08326653069468,0
Arunachal Pradesh,Monsoon,7.724986815612242,5.2997095696866285,41.9785372217863,4701.271204151519,377.07105738150386,34.34989975876228,1
Mizoram,Pre-Monsoon,7.5936508530301055,1.7810604774557526,27.65455722451826,791.0810091655593,70.6155390090237,34.74390323750863,0
Nagaland,Winter,6.6153045614944785,3.193460009792355,43.715305033747015,159.7832327159005,99.17947858157625,27.157282421263176,0
Mizoram,Pre-Monsoon,6.601296336302561,1.9169507136331956,12.784528506605147,375.1110422348454,98.57843300522123,17.897336298835967,0
Tripura,Post-Monsoon,7.437780562192448,1.1903140836983355,26.519215603865792,648.7837572289618,124.79762250025657,31.362912686073663,0
Sikkim,Post-Monsoon,7.701920134210857,1.078224118283431,29.425975912915288,464.7851250864,107.2509966509355,18.5489390970604,0
Sikkim,Monsoon,6.484619368627151,12.021969328255228,14.854860577408202,720.1030614176115,354.42181276279905,22.81488953427969,1
Meghalaya,Winter,8.205955963305154,2.5061693488202312,38.45661035243532,125.40069673652394,93.42305026740779,25.212589119474117,0
Meghalaya,Monsoon,7.0211800929401305,10.65157067767115,15.865582865545559,4696.714931255313,745.4860370119868,34.67582702123245,1
Mizoram,Post-Monsoon,7.943896381084381,2.533790881190461,11.860107844777612,92.72442976046045,68.29596338245621,22.443807940317107,0
Mizoram,Winter,6.541559232039932,3.034546119024377,24.765512928188816,258.5260862116092,104.94601274130683,32.93682505411681,0
Sikkim,Post-Monsoon,8.283945599269662,1.6912698049962827,10.876855511479006,128.2288586120498,25.43711642914303,32.08192656576148,0
Arunachal Pradesh,Winter,7.547912198945442,0.9009821229406823,2.9680805800801515,39.0304080821727,25.92351166099248,22.465830217636203,0
Sikkim,Post-Monsoon,6.349488723239739,3.10057318926772,21.213741870445567,561.5225470440645,93.52711236948564,23.646003967091502,0
Sikkim,Winter,6.549446698148738,1.6493227531987125,30.407625083340424,146.68226822444728,144.6515954257613,29.188901080985595,0
Tripura,Monsoon,6.6921068460914,9.065136251955213,23.335544658236657,2283.4502286193183,785.906427423241,17.07175364457323,1
Meghalaya,Monsoon,6.036946299551018,9.915358852154462,39.922730315877374,2500.917301029188,756.4833331103492,30.70656661874775,1
Assam,Post-Monsoon,6.744657805145492,0.7668717856645463,20.049056447581126,569.4703402422349,120.50089065952187,24.743404710862364,0
Meghalaya,Post-Monsoon,8.08405153802989,1.1361179685327731,25.48903396705405,223.37754606908976,147.04878777773837,20.09021478034822,0
Sikkim,Pre-Monsoon,6.293930147341041,2.249070797914622,16.066436654271765,714.5194447003877,29.312696430382395,24.747329045560054,0
Meghalaya,Monsoon,7.5446813392816985,10.301211951858972,19.070406347856466,4358.450659261901,682.9928700311705,26.0757726724715,1
Manipur,Winter,7.534406690002466,1.1834060851264028,11.766590974353475,632.18492500697,112.7756924481665,27.926575472901582,0
Mizoram,Post-Monsoon,6.669605192754692,3.794503675684229,31.946166834889233,763.123112394802,120.88463929309066,19.102474025916266,0
Sikkim,Monsoon,7.4195968523982625,7.328986649854187,25.194308106534486,3491.1365573538656,553.4035818540547,33.58626556601554,1
Tripura,Winter,8.469680828121888,3.51866553543308,49.35893554755131,720.4403909747001,108.52333531399728,23.940328989888187,0
Mizoram,Pre-Monsoon,7.6574679672781425,1.9253732290805794,45.14805926414696,95.5699351691043,32.69032954851652,22.09642283053733,0
Arunachal Pradesh,Monsoon,8.15230014837492,9.539594329028255,26.920625579807915,777.2755059191286,724.4984791750607,31.56110372229583,1
Nagaland,Winter,7.662561323150442,1.5903530811394808,5.250542898857452,227.60202725852176,98.11437198482737,22.647228305111945,0
Meghalaya,Pre-Monsoon,7.941855832814937,3.354103318734594,32.416712177763934,795.1322646650284,28.46869811894767,23.18452296405055,0
Assam,Pre-Monsoon,6.621828296856083,1.7938601708550599,39.05339547675998,651.1830916250112,112.30873911656515,20.00396121179199,0
Manipur,Winter,8.021441544435364,3.9678054411034127,11.74046058146101,173.5126302138648,130.82506192822342,25.620927838194135,0
Sikkim,Pre-Monsoon,8.170661188869673,2.3396881699693086,10.48085374984758,22.407172223998064,52.63184337541356,25.441314470398993,0
Manipur,Monsoon,6.319195836218567,12.712030357119001,47.646582045506655,2377.5734721177687,553.8488246585152,32.90535720592793,1
Nagaland,Post-Monsoon,7.950791958054113,2.2158327785934677,28.660209910406625,684.5717320486821,94.89155878178427,27.699248654138167,0
Arunachal Pradesh,Monsoon,7.272899438938309,8.321434154178519,20.093715003757872,1572.1963494630786,676.7278101382356,15.628062291559552,1
Sikkim,Post-Monsoon,7.094138477836851,2.0186062084554495,9.632939879500702,441.01857442132086,86.11497569718597,29.695970260190848,0
Mizoram,Post-Monsoon,6.685958799836566,0.7932400779563729,9.987472397451025,30.72855933472009,113.13494568349351,18.028215104217683,0
Assam,Post-Monsoon,6.220297118075416,2.6750911599794605,44.72375248818634,767.1606188175008,13.899519825023871,34.99029324179071,0
Sikkim,Winter,6.026339852881559,2.7903120950094817,27.696539734945745,709.3323625766641,109.48747930259681,18.437751579321223,0
Arunachal Pradesh,Pre-Monsoon,7.56546920145808,1.4942517814470457,13.06764172154194,284.5895588386702,79.13409182314955,32.02543959572525,0
Mizoram,Winter,7.595222646059882,1.620245557176295,2.0607965081030297,20.863717111565393,37.763457491444,32.669269054126815,0
Manipur,Winter,6.141010508839265,2.595585542302342,34.921674837516434,327.2864393016238,55.39436935296167,26.630212801994407,0
Nagaland,Winter,6.6261641303414285,2.3968703399405715,42.135990943639904,320.2538260341855,118.44478099656783,33.91728543441744,0
Mizoram,Monsoon,6.5941587471607015,11.058757321660739,14.584800993759922,2381.3878706723535,389.7651749677227,24.191364628766056,0
Assam,Post-Monsoon,6.520508760455142,1.0958549726730666,33.06650447100354,276.9956950266247,22.737713998988177,20.567317984095496,0
Manipur,Pre-Monsoon,7.768438694510047,2.9740949751148404,19.795196662902853,325.05021594987517,89.6387374635493,19.474204897845198,0
Meghalaya,Winter,7.558750101923624,1.5973910313112551,22.143823327738353,224.65016623551034,54.580071481304145,26.65974356884196,0
Nagaland,Winter,6.015428413748523,3.8148638922620397,28.60269942892612,791.7127520794115,79.698488806808,32.68084518379848,0
Sikkim,Post-Monsoon,6.988615314095778,1.7509099311006182,36.509106403000594,58.69238347860554,128.82136169700584,19.262037687632937,0
Meghalaya,Winter,6.230052618705186,1.723946331303421,37.44554712996373,500.46698877674993,131.47054892611857,21.305246835298675,0
Assam,Monsoon,8.472377609480178,8.073269351728102,23.329120124990354,898.461037893646,588.0362358677248,32.17918342922239,1
Nagaland,Pre-Monsoon,7.488378433862791,2.7445840359298277,49.91056069422194,86.40571524206328,60.666418973080454,32.512096568158015,0
Assam,Monsoon,8.386100541323454,5.386856586554297,48.6358442787432,2965.682745918469,638.8931647563578,33.32089441474115,1
Manipur,Pre-Monsoon,6.781849774781858,1.009753850315116,28.90816843252294,559.8710907114739,134.06915474666744,24.740742032341092,0
Manipur,Winter,7.251801872333539,3.4411434662701628,13.260778120631683,188.18960444936454,131.62698371970004,15.27426505320122,0
Meghalaya,Post-Monsoon,6.976991650611453,1.812066697531951,41.641881238642874,610.2694134212027,139.94973113604925,33.36764008302165,0
Mizoram,Monsoon,8.044782155938439,12.40862496613412,36.81288764481829,2754.7744035621236,722.397006504676,17.463054729664563,1
Manipur,Monsoon,8.456976727785012,12.619378830313185,47.97693515712797,1009.041959809804,756.2318244021551,24.353730788697924,1
Tripura,Monsoon,6.039157680944085,11.86414768056013,29.178483650091625,4206.763561288979,696.2247320869255,30.22869443876459,1
Meghalaya,Pre-Monsoon,7.756380506262877,0.9607733473826725,21.620407562138315,463.8232363759079,144.2338305792643,24.22496239808166,0
Mizoram,Pre-Monsoon,6.599755290316724,2.3264081564798085,42.31196428068096,404.79200024760684,32.89794829896347,27.513584164287185,0
Mizoram,Monsoon,7.098313791548304,10.285259942548505,34.151560423237605,1546.570652380914,448.7822075797397,17.797048505669974,1
Tripura,Pre-Monsoon,6.675029505015784,1.2564555658696874,11.675410398861535,705.4619326316596,100.27613345901914,21.194081109304527,0
Assam,Pre-Monsoon,7.899705110815382,1.1429458315590142,41.474412803212076,522.3437543841579,142.09681543918643,15.524044767004883,0
Nagaland,Post-Monsoon,6.4233135553150955,2.8952890661751702,38.01027975592942,651.0085068739077,124.25513208083757,32.20243488583972,0
Tripura,Pre-Monsoon,7.026282961475605,3.345363713255488,12.934273767239802,242.1760115967528,70.29226472976544,25.209690768407103,0
Arunachal Pradesh,Winter,6.385945319229993,2.750935263519949,0.3352112277004493,87.44451513968717,94.60894668820286,28.497194378277367,0
Mizoram,Pre-Monsoon,8.131615908463806,0.9873470789237544,22.191990261326044,544.0844769909166,41.40339619063836,22.333012711695616,0
Nagaland,Winter,6.075041403626049,3.4697263319516294,22.383176121975566,191.88262470251144,127.32688839719698,29.578271433788746,0
Meghalaya,Pre-Monsoon,6.643238984109112,1.66997664405137,0.6496056731824906,17.458715823949493,74.56754768107577,30.97764886833295,0
Manipur,Pre-Monsoon,8.318967213179326,3.9338310934862033,42.337191736471965,289.56891250166353,133.8446044725151,24.08947072069488,0
Assam,Pre-Monsoon,8.152659559061682,3.365863100501793,1.2872927154547464,252.70403502068655,102.82434701667661,23.1605175656007,0
Assam,Post-Monsoon,7.837426864913661,0.8882712750051704,0.9810380853009282,565.9558527647915,144.78455470951465,17.9543569616691,0
Tripura,Winter,6.158105476300979,3.5313144402663434,39.45340467328063,587.0571310815,83.5077749361228,19.516049500598655,0
Arunachal Pradesh,Monsoon,6.596391658890068,14.82889663089063,31.700853080788804,628.4577845892609,450.859749533138,34.79883069302791,1
Arunachal Pradesh,Pre-Monsoon,6.521147256630281,3.076853460971212,13.37119932741348,267.8763182555706,131.19779597684027,25.35970514981041,0
Mizoram,Winter,7.319115325166404,2.765707448676663,46.940015540260035,10.778570306305058,12.87116057353547,17.06364991527255,0
Assam,Post-Monsoon,8.429227200555534,1.0439641723824336,44.39244311694426,517.1391272516297,56.97460735360893,33.653232885822774,0
Mizoram,Monsoon,8.221724468560367,10.681110282929291,38.95886880630615,3181.898728702858,386.1180166577752,21.968096798399014,1
Mizoram,Monsoon,7.078682323879775,9.091794542989705,32.49334141024541,1791.5589615797828,596.6273192579731,20.49020163218298,1
Mizoram,Monsoon,6.466184566546956,14.0141891880996,12.020283854740633,3237.058707049011,324.6027741594279,23.7154572305206,1
Arunachal Pradesh,Monsoon,8.454362250577592,8.060767771941803,33.4060761869684,1480.109082860808,781.870628105301,24.183378976453753,1
Sikkim,Post-Monsoon,7.871658201252279,3.565535358535723,31.602136774967875,272.9688679078455,123.4239089454214,18.630158089658913,0
Mizoram,Winter,7.6677477494987425,0.5270655189495255,34.24250595015154,532.9962082608358,82.71094048648334,30.253430276863828,0
Manipur,Post-Monsoon,6.214564506176218,2.3218034498997655,5.649397832383646,516.1829464710013,91.62123803238245,29.315321455592347,0
Nagaland,Pre-Monsoon,6.210847547285595,3.812195028146907,49.21341945413357,182.9638777076048,53.968092018576385,17.93745581660459,0
Tripura,Monsoon,7.210783588316597,5.271130495972177,8.894558928939544,4384.323436499282,415.308155477142,19.715065452810393,1
Sikkim,Winter,7.245782616237775,0.7199864707839512,3.517675052296182,679.7458894757341,54.77657971768602,17.09041473409008,0
Nagaland,Pre-Monsoon,6.44502842680611,1.666938599941362,6.236325786984004,58.588955422665215,77.90349888128179,26.61902869714855,0
Nagaland,Monsoon,7.2288702312615944,7.935861185537335,29.531152967162143,2273.5775534491577,583.7630870900356,19.97143476458311,1
Arunachal Pradesh,Winter,6.214086837655795,1.5774369342170462,0.4852944532970471,413.99832550641986,74.34785149178437,17.276037073518978,0
Assam,Pre-Monsoon,7.740915607420323,3.102144604940321,8.255476251341104,508.69980496175435,66.87472316751806,20.608275802868583,0
Nagaland,Winter,8.239538574167756,2.161670822316169,17.361645812324717,33.26279829995099,16.23351698251671,20.05777930910423,0
Assam,Winter,6.589934088407884,3.155289973449225,33.92496999278425,757.0922951808303,34.270666651255425,30.919369428845638,0
Sikkim,Winter,7.407565070086875,1.2648102549871592,26.785402322337752,183.4907249945213,73.51429580915374,20.45819574326502,0
Sikkim,Monsoon,6.932067928493152,11.638728688422031,39.038677126677584,1402.5087891210192,472.0542148833296,22.330067384710034,1
Nagaland,Post-Monsoon,8.01556692652699,0.8894100787135832,26.630997819013686,225.45830895738106,79.10300016753459,29.92878705867888,0
Arunachal Pradesh,Pre-Monsoon,7.096133482493386,0.6946073777618016,23.0428035443975,156.71570848956026,36.81497689808282,21.613740501911078,0
Sikkim,Winter,6.543040973743043,1.737639566116851,45.14422809063085,749.6800171382115,56.721507611795225,16.0938853893886,0
Mizoram,Post-Monsoon,6.75185396749518,2.5777901839747157,40.14764027692875,208.7087714936391,58.32538024289177,16.52064334719596,0
Assam,Monsoon,7.239108630298665,12.677620337510676,8.873999097573426,2376.338319154531,535.4905848635465,28.120410758671618,1
Mizoram,Winter,6.592504182268174,1.8541187750840316,23.872525748313798,307.88708838954267,119.51236236124375,25.649951222010465,0
Nagaland,Pre-Monsoon,6.308063678554332,3.6841218965693368,43.85883206887449,303.3122622711263,31.29198046854883,18.282172018811863,0
Nagaland,Winter,7.405045036619022,3.1606454317825015,43.01815772601291,546.9720420979864,29.01747535368781,21.45761050300804,0
Sikkim,Post-Monsoon,7.043682367077969,3.777839488877025,3.353153199879894,608.642919559379,54.61654423901082,31.959040476038503,0
Arunachal Pradesh,Pre-Monsoon,6.050066855930084,1.0284812229059108,15.219845693495293,258.33401513311117,140.43376193813336,27.881826520097064,0
Nagaland,Post-Monsoon,6.957338205844284,2.7220391068431766,31.03477745035387,416.54499671640957,52.470955478587506,20.428422882288487,0
Manipur,Winter,6.539932297409877,0.9053371483184001,12.918437695868484,717.0150454846415,17.1175340070505,27.13358368633068,0
Manipur,Post-Monsoon,7.904721505609252,3.567802669314881,14.328568955067055,676.9759438672311,57.42187992244504,30.74544494051683,0
Sikkim,Monsoon,7.084753640692053,10.82106393052819,28.2162982428448,2329.334419307111,333.06975592099474,28.92304712101268,1
Arunachal Pradesh,Post-Monsoon,7.937520701327708,3.1699709423720055,42.67848695041178,506.2427119797347,20.90223507162976,28.86966052081697,0
Assam,Post-Monsoon,8.054619097230564,1.8604771423055737,10.716115154491646,276.430053581815,45.85225929451712,32.710544760506416,0
Assam,Winter,6.792260636449742,2.8081452167778744,1.6584060388353472,343.99508343201796,109.97309393655894,17.716536820734262,0
Assam,Monsoon,7.510757858380943,7.75979770924426,45.462155849568525,2763.3125258900886,561.9070217110961,17.11921254559971,1
Arunachal Pradesh,Pre-Monsoon,8.133547492239913,3.562658132358366,21.355492438548662,525.4032910867148,62.282623694814156,25.255292808718483,0
Assam,Pre-Monsoon,8.447705628090151,3.9751553986732944,18.90227535636359,795.4337394138371,45.71029280620589,26.825646322708554,0
Sikkim,Post-Monsoon,7.516433996884137,3.2710127384352155,35.769005164951665,74.77794894680497,26.43851654626534,28.46380156304416,0
Arunachal Pradesh,Monsoon,7.206804065620415,10.485300401969173,28.918026427102095,4415.783757480987,798.7660117163675,29.275879321636356,1
Nagaland,Post-Monsoon,7.707712657096981,3.8857136170037156,18.179003018338875,526.3691978033546,149.503351011186,32.9485548873695,0
Arunachal Pradesh,Winter,7.592216625610175,3.928399057525732,33.438911104974785,676.3828211154354,149.06320803738765,21.957033582112068,0
Sikkim,Pre-Monsoon,7.244022391963765,1.681701995606431,4.540478878826404,490.0743254715782,126.13198670679733,34.602334005370786,0
Nagaland,Monsoon,7.84183394295088,7.111163016707481,22.02498249505313,4167.43324691138,571.0410209508182,33.30191424663447,1
Nagaland,Winter,6.6380018373549845,1.0999759332797754,23.763314649799693,107.08880018369263,91.97482852811608,25.723383431797963,0
Sikkim,Post-Monsoon,8.481024483692963,2.1644680064735438,2.888505773740724,590.7399480655649,124.13082716320581,20.045489372942562,0
Mizoram,Winter,6.6414252643131135,3.3095196784367253,8.875891636774197,609.0412528296204,39.536284759362296,33.57694476739003,0
Sikkim,Pre-Monsoon,8.345626035928763,2.6869880484665964,27.24335774141461,422.66141861146747,52.70806270592128,21.624516281220792,0
Arunachal Pradesh,Winter,8.011318733728633,1.7807047473103306,42.98060619729208,446.58251162154136,96.05079359159826,33.790046140828835,0
Meghalaya,Post-Monsoon,7.539201026895519,1.8635251427092385,18.50682803112273,532.1787840167106,147.44665128213285,31.554120334253223,0
Nagaland,Post-Monsoon,6.9200912300450135,3.9376191943050998,6.6844313714798265,173.6968713477874,38.749634136927355,27.522027542130218,0
Arunachal Pradesh,Monsoon,7.019087967766053,5.221222209824543,11.571340340854624,2958.9484012079834,612.095372727327,28.741223467924904,1
Assam,Post-Monsoon,8.2980521201704,3.6463195920156224,33.90010410455021,273.30628258141724,69.18124457956128,23.118367294201644,0
Meghalaya,Winter,7.148032862779905,1.3339087018149207,17.700706820992167,441.33317715080085,96.32263476864051,16.396927691345944,0
Tripura,Monsoon,7.431878814603684,6.492745830213592,15.799429579320211,3409.1913996153335,597.4159244154638,31.15699073111497,1
Arunachal Pradesh,Winter,7.5086732953543445,1.0335740673258047,30.698855630344507,784.7798560934389,28.439480452294745,33.43347723713794,0
Mizoram,Winter,7.889211138545464,2.333561442428565,44.03009583218719,91.50902661096583,74.18357459659401,30.66783129679095,0
Arunachal Pradesh,Post-Monsoon,6.992608439705911,2.8870482205629946,33.13994850578198,619.9285563955161,116.98175357161941,29.922797897541244,0
Mizoram,Pre-Monsoon,7.272459867925438,1.572043195603431,28.85624970437372,665.0167956328941,99.84282453839957,20.00029258964501,0
Sikkim,Pre-Monsoon,8.273577754500238,2.889281390562366,7.678425254948607,644.8167270720936,39.05043171020202,21.999009422013764,0
Tripura,Post-Monsoon,8.364454450337012,0.7385004316949941,44.398291211042654,384.8300275948074,96.83635947365183,18.612309817454758,0
Meghalaya,Post-Monsoon,8.038335659145307,0.8387780668945194,16.296906836333104,662.0319819872568,20.44434068227943,34.56884946773647,0
Meghalaya,Pre-Monsoon,6.567686263576843,1.0115716078185846,48.38947797022243,29.73905892497081,10.277567180915073,30.59921322446318,0
Mizoram,Monsoon,6.98337474275152,13.983466280156643,34.42926805888404,2522.3001834591614,437.88241000577364,29.976812229146987,1
Manipur,Post-Monsoon,6.678773284109704,0.787591904859781,41.84250838440986,491.451221868863,93.07587512785989,22.123801621075657,0
Meghalaya,Monsoon,7.663064823323364,14.117309944545068,19.647740154459214,3297.172785220409,395.2190699611752,32.68818674341833,1
Arunachal Pradesh,Pre-Monsoon,7.38612840936692,1.249062696178435,22.2308033088807,786.1523182568842,12.13975886713419,30.55635358419758,0
Meghalaya,Winter,8.22949793978962,0.9370207599399967,28.028938823918185,468.4919742956314,113.34496935397924,17.777130657043738,0
Mizoram,Pre-Monsoon,7.444728400099429,2.5783502376736775,35.830508844581885,405.9889113033375,77.76608491860013,22.856841286784903,0
Arunachal Pradesh,Winter,6.61719575385199,1.779000009294314,5.552413312917325,275.14114335108843,57.38547958495092,22.975346174444308,0
Mizoram,Winter,6.944567131300974,2.6481219265768363,27.11859591784481,518.2502781438218,35.026178730380096,16.039553724991,0
Nagaland,Winter,6.921545176312365,3.7297261534222277,17.331502508055014,528.0616724736252,61.147847240776784,16.182463367601635,0
Arunachal Pradesh,Winter,6.705493405627249,0.7300110585902062,29.505440644029452,529.4032994598091,130.8829323915026,26.694426569789137,0
Manipur,Winter,6.03126320830309,0.9995424377129489,41.176787226830456,124.19280994276998,32.441561538459496,29.039192371023844,0
Tripura,Post-Monsoon,8.248045162897373,2.1207995064568363,18.49663604970859,634.9504585063327,138.33782836210688,16.62392875464678,0
Sikkim,Winter,6.2108870312328195,2.743520796722863,5.982031536735166,261.84844356744577,24.629133374071216,34.968402449268254,0
Meghalaya,Post-Monsoon,6.88036552541761,2.626021187021854,8.250409081126259,452.5091165804548,26.949666742005572,27.185999902431007,0
Arunachal Pradesh,Winter,8.189844892703999,1.3038177977754517,18.8704525159321,19.784498119614028,15.315150249423617,25.356219570092847,0
Sikkim,Post-Monsoon,6.867611248477461,0.8963113895867383,42.043967159549055,433.449241208276,57.757858204329544,17.183777750653825,0
Nagaland,Winter,6.1705179588572365,2.476255671325164,14.337547703938752,353.0593077777962,20.605150579843777,33.04118294361984,0
Nagaland,Pre-Monsoon,7.192554363551293,1.9659770094519962,3.1070519277706152,236.21782797148447,78.09021556004949,34.609204637501,0
Assam,Post-Monsoon,8.223400655805651,3.582625397047524,27.771024561932343,372.19715744764574,100.9618549677234,19.85121647523404,0
Manipur,Winter,6.491136908008608,2.847923479483026,40.842445881034735,33.14706137566833,122.75850799171769,31.571921804518723,0
Tripura,Pre-Monsoon,6.418255520495418,1.2511072797748723,24.43594636673633,226.59589069930806,36.01155860663175,32.539310599971046,0
Arunachal Pradesh,Monsoon,7.771801654621317,14.763018164954723,6.977349285977991,871.129839003049,600.9889744272925,18.649893097769517,1
Arunachal Pradesh,Pre-Monsoon,6.176364043783888,2.0314620732764768,37.38457781206675,763.1798704343904,57.59498609771941,30.72874267128536,0
Nagaland,Monsoon,7.779906202267626,10.796494974378225,27.79161157309906,4177.207319148301,504.79917884196084,20.927840348823665,1
Arunachal Pradesh,Post-Monsoon,7.671818755588012,0.8917403372076604,33.31977685378179,344.76909866376815,73.06823535139243,18.6459349357794,0
Arunachal Pradesh,Post-Monsoon,7.790785581559531,3.707546652881201,5.9392581518252445,439.86748534225984,141.78796126533985,15.92899520984046,0
Nagaland,Pre-Monsoon,8.374729886319912,3.1708758078380335,13.066604786172315,533.3944673942865,45.75537968857364,30.62647948240993,0
Tripura,Winter,6.3540950478396265,0.9889731543223313,21.121616857753228,498.0686609882304,50.65438499303308,22.098638545544596,0
Arunachal Pradesh,Post-Monsoon,8.19394483084929,1.7977794288332898,2.3242026601737855,657.2583351732221,146.93976151192487,27.116656083715117,0
Arunachal Pradesh,Winter,7.657794020403083,2.527193616053583,11.923651992737938,714.8076456431523,136.60897817480958,22.343956114077812,0
Nagaland,Pre-Monsoon,6.038093355808877,1.9785987022377949,8.054989605498374,333.8529478660925,68.86843375974391,27.547323792847504,0
Manipur,Winter,7.027718517743534,0.9264607303600196,18.596022178412625,432.4241427396579,125.16888876005835,28.992200024603434,0
Nagaland,Winter,6.0595466000041,3.1082041390661588,23.96600966517054,261.38429706701925,87.18618592492946,20.07565620467444,0
Arunachal Pradesh,Pre-Monsoon,7.5776840455379055,1.931461970029158,25.374623004842324,573.4318671253046,70.55018596333365,32.42635141056235,0
Nagaland,Monsoon,7.351696008980142,14.992902805568031,41.411919436255836,2179.72536632072,381.3700432115389,23.10303077234305,1
Mizoram,Pre-Monsoon,8.200398395164221,3.407177486196814,29.43621660108622,362.28694557182547,12.973377929480137,29.463367758366246,0
Manipur,Pre-Monsoon,6.59676774751558,3.7547318337878366,22.58283993641987,31.58783163708673,104.63338581491682,27.569329816621476,0
Sikkim,Monsoon,8.205076315170405,7.968910618676549,2.3250572108658663,4513.380294024998,344.86961524356195,26.126529915065284,1
Tripura,Monsoon,6.689100889773895,11.414038094485644,15.12463956239033,4453.020646241284,468.6035533328709,31.307812919377053,1
Sikkim,Monsoon,6.135301039915881,8.75558737382318,31.194900435741012,4427.451688304316,502.53530142085276,20.467379299477464,1
Meghalaya,Winter,6.518485912277149,2.299402922230227,20.306090177396463,109.62991736862116,57.75063368531456,34.73031078546465,0
Mizoram,Post-Monsoon,6.70739341690027,0.7445081125334796,24.327336031481643,342.34246560385037,36.60901381388793,23.000318620358694,0
Assam,Pre-Monsoon,6.285927865570704,3.458415768103033,25.529954520884797,654.8694874965483,58.84708281862802,22.23063718077568,0
Sikkim,Pre-Monsoon,6.649400607039084,3.665418200649613,15.104384027447715,478.0866702089449,101.04677198872974,34.16239554651873,0
Nagaland,Monsoon,7.915228903181243,12.267106168861444,37.646023077941265,4196.860148977231,580.2952329788761,28.173158701020647,1
Mizoram,Pre-Monsoon,7.533810699449321,2.2840461183713248,0.23679073885655155,483.7218577283678,61.008227598908654,28.980667610269816,0
Tripura,Monsoon,6.250450665705835,9.882913434650733,17.261228071824057,3641.855685966627,722.0209076759845,18.534056098628046,1
Tripura,Pre-Monsoon,6.595807970417851,1.0889511393261424,26.191262993239327,329.4386446165896,80.4870819589338,28.567727536976214,0
Mizoram,Post-Monsoon,6.6833562136916,3.8549465449181177,38.73388841302277,649.1412627777673,59.88739248721153,16.329833358983926,0
Mizoram,Monsoon,6.752079025066773,13.15434651521553,31.844442704064015,3049.363075468115,764.6080948134093,30.83702191788437,1
Manipur,Winter,8.123267347118066,1.675870133063825,8.653103838864501,340.01649769217426,81.07551437263913,15.170374294647477,0
Tripura,Winter,7.9369803813589295,2.6161240331945246,4.4876439116088465,357.2338682735615,104.927148962373,22.020909415042716,0
Nagaland,Winter,6.27521154262766,1.4421003964934198,1.8774691959194456,400.50966622471293,16.47062121599144,31.205257719990705,0
Meghalaya,Post-Monsoon,7.947380966466701,2.446376711713402,27.016548555816517,261.98223566077877,123.15829829108658,22.757668076790868,0
Sikkim,Monsoon,7.309761967547127,5.0572550197754875,5.33478703698122,3630.432311811958,311.31756621511676,30.08849228321862,1
Sikkim,Post-Monsoon,7.711630862352303,3.0946595635849365,20.041934334837453,558.7000543518259,103.76235064038865,20.421010084882994,0
Tripura,Winter,6.206216403732339,1.6717401674021755,31.877808237506315,624.2442177948121,86.00627259159579,28.004857356218682,0
Tripura,Post-Monsoon,8.350787535405807,1.2638188525224399,19.379190968237907,731.8989605082412,69.48288655311234,23.694775883823134,0
Tripura,Winter,6.169772511976189,1.3308892262968137,32.082628270819356,608.0810632875057,31.26085853296996,27.54004168853639,0
Tripura,Post-Monsoon,6.713804408949176,3.2243247831444326,10.478065371628547,308.5510640288298,11.812998396176674,32.72247715577738,0
Nagaland,Post-Monsoon,6.656594396111723,3.843682452247554,17.63457629507501,117.66105733123167,96.179455657615,27.29492947324384,0
Nagaland,Post-Monsoon,7.910572694243603,3.1628088068095677,36.23896163036112,411.5804985362825,144.1029539806496,25.015472883716175,0
Manipur,Winter,6.489603938611092,0.5260403099122418,36.41010452301365,588.7139902745236,57.408374252643085,23.603926688111912,0
Assam,Post-Monsoon,8.260147578703497,2.3896361880677195,35.32900485991121,531.8116953786914,98.90657108010596,28.018366696665634,0
Sikkim,Post-Monsoon,6.001672459417804,3.2695355958744954,0.08225463697335011,532.313352298865,148.31257495999742,16.36127224369539,0
Arunachal Pradesh,Post-Monsoon,6.536592987536956,0.5929513962212338,12.947017263314903,643.7610388973292,115.96444551724767,33.80684572852157,0
Sikkim,Winter,8.470190929588785,1.8770410666132367,21.825028394516792,660.4113996263111,145.89257125766423,23.33028979294958,0
Mizoram,Post-Monsoon,8.388396510382307,2.83058689881858,32.84712575759371,489.6088339039832,138.51059258584596,31.251666841831664,0
Meghalaya,Pre-Monsoon,6.81016367378326,3.577330183327261,47.7611366805922,723.7589377365038,49.57883933873899,18.22572781002816,0
Manipur,Post-Monsoon,8.47999902962759,3.27288199591704,6.69506407451742,236.27870127361433,59.171954732968025,32.787308758262945,0
Meghalaya,Monsoon,7.521574529431081,12.150753263832293,16.416137763283277,4394.220055130425,791.9996954899709,19.72730341565279,1
Nagaland,Pre-Monsoon,6.812108857535904,3.665367475011689,47.02322440666663,230.31211376586538,74.16370140112244,33.16843438666639,0
Nagaland,Pre-Monsoon,7.20604273806326,1.5090213011127287,47.07558044984636,371.167225340564,27.679385933056707,18.45164593517171,0
Assam,Winter,7.206219722455877,0.7544099553142938,29.412579498442298,455.41634151527325,77.85612447106956,24.818547196641063,0
Assam,Monsoon,7.428577076678201,14.368721266513461,3.51739232711254,1135.664497865935,636.4587149277809,33.38728284759274,1
Meghalaya,Winter,7.274051020085069,0.803276831462303,7.2824417517638125,558.9630119608925,90.6696451331504,18.578324335917237,0
Nagaland,Pre-Monsoon,6.003441138059435,0.5780500883818955,16.33742753075661,502.8870804912983,66.89102120790808,30.907035324712382,0
Sikkim,Post-Monsoon,6.997181159962166,0.7043081666441926,49.75307009858142,52.069100032521966,144.12509864855932,28.987101316462436,0
Manipur,Pre-Monsoon,6.787759153193389,3.5666731372741984,36.42831165098883,783.5006785061557,77.96009893694476,32.35221922020966,0
Nagaland,Winter,6.243302082299463,2.026515977305003,24.265176133032245,451.6700086848728,138.815211832765,34.52476201481487,0
Nagaland,Monsoon,8.20621439055436,5.6217572257059425,10.390784886064713,3747.1216625494762,347.63448113512914,22.04647507004066,1
Meghalaya,Monsoon,6.812814010248431,6.702855975688525,10.601415706274997,2306.1427606555894,767.4329484458244,33.243311040335286,1
Meghalaya,Monsoon,7.172286076027856,14.084892954495924,34.47790852464894,1419.0378528068773,762.8541562691094,25.545085435375928,1
Tripura,Winter,8.18159232498948,1.9276737065563072,24.340092800174457,209.3452165133997,82.03656231657841,19.497547692062078,0
Arunachal Pradesh,Pre-Monsoon,6.27701658020618,1.6837579516121246,40.89246951165893,393.57746498053456,59.641621376108574,27.869024076452362,0
Arunachal Pradesh,Winter,6.073308540433579,0.6059247064201498,47.419566506300704,222.09113171872968,80.4007892452682,33.920942587765175,0
Arunachal Pradesh,Post-Monsoon,6.832664407386501,3.8620408624264626,42.131451209996904,255.19379443530997,54.77616709632067,18.076975049216422,0
Mizoram,Pre-Monsoon,7.750044675739017,0.8316276846568953,46.74879829935911,627.0515006133352,82.10654505471761,30.51048864748381,0
Nagaland,Pre-Monsoon,8.293101538460366,1.9950765027739141,30.30922095957162,192.20865561699287,118.53533799183047,21.195781920036982,0
Nagaland,Monsoon,6.108596060704753,6.2301297037683145,10.168205962605686,1154.8568848533369,672.9092198995818,18.348767370083078,1
Tripura,Monsoon,6.450535594157767,6.2755351873451035,19.60480419125362,1696.934713521099,464.60018671406175,24.38038130760343,1
Sikkim,Winter,7.699931117434542,3.9928995221892105,34.025321830344524,178.4066511616016,38.101218125213684,31.19600757380159,0
Nagaland,Monsoon,7.717615561128781,5.36344699932595,30.133567998874472,1947.3407462028783,651.7317493994674,27.80354492067775,1
Nagaland,Winter,6.558896310608913,3.484652792726558,38.40170510269771,633.5729719525532,54.45630546352477,33.28297776041471,0
Arunachal Pradesh,Monsoon,7.558729004716877,13.478416932225345,7.295539393633726,745.0828421141155,783.7121474624284,27.513607628423326,1
Sikkim,Winter,6.143314893840225,1.5685090406485078,19.71940915582369,662.2825809759798,12.045444087948265,25.73485784651631,0
Manipur,Pre-Monsoon,6.893132059252712,0.5412034972473472,19.227012013188922,270.9040884729234,68.2628917299914,26.21422594854062,0
Arunachal Pradesh,Post-Monsoon,8.116938475518818,2.4537928851412896,22.828695284288276,718.0102460343624,146.192138250272,33.41777720848064,0
Nagaland,Winter,8.101647409960801,2.3066391690774695,39.505175221084514,522.1167770921069,113.17994252258187,29.053733904920193,0
Nagaland,Pre-Monsoon,7.095876283386744,3.175471126923555,14.796158029048245,282.0027448585411,129.7849588421575,22.35326616692462,0
Mizoram,Post-Monsoon,7.019836209101985,1.8113113404039025,29.027957198484415,625.2605911693516,124.9228477205529,34.22142184793315,0
Assam,Post-Monsoon,6.905022964821254,2.3906677143766144,3.426583296958502,495.6397571038806,146.9521811713911,21.357276556343713,0
Mizoram,Monsoon,8.485261109143913,7.314002841676609,23.172842728047595,2370.1389721335245,617.8035472432579,17.697085090306782,1
Meghalaya,Winter,7.098693546879757,1.895240184886146,6.911840224869604,362.50618146409124,44.60228731540792,15.093814435762742,0
Nagaland,Post-Monsoon,8.089518713352199,2.179141987261376,43.743678992584556,451.8001998322483,146.2075895379113,21.058440099374657,0
Sikkim,Winter,7.18024247792769,2.306861504759774,17.189130257758052,782.8307804550263,22.3033397372354,22.639989366399615,0
Manipur,Winter,6.026641448125327,3.451963108053374,39.888845491480595,11.530671742891629,107.42341934984549,22.750775990561085,0
Assam,Pre-Monsoon,7.787208203472197,0.9418983381663619,17.021138405413822,139.33272851466083,120.15966720954938,24.36412216514254,0
Tripura,Winter,8.073257173481469,1.9311157987933645,28.43856823287265,760.3379101496924,127.95824277916937,30.677816269900894,0
Tripura,Winter,6.051817281060957,0.677646067226673,42.01364649692081,498.2017340134178,120.65788663936465,34.894809118613026,0
Tripura,Post-Monsoon,7.023335819371923,3.262171935818949,38.61200731082629,253.45423900491602,84.9445594899646,23.14485791271688,0
Mizoram,Monsoon,7.905299500271906,9.232333752859962,39.11234553338205,868.6459167186699,448.3615780786135,20.945686057349263,1
Meghalaya,Winter,6.718866779388784,2.8660793351928295,5.795758601162743,23.28512576918434,33.83446020438963,30.01608678506244,0
Meghalaya,Monsoon,7.102674988930944,10.181084293800867,8.619175114203365,4631.976639852751,302.5136026216601,29.106656260821392,1
Meghalaya,Post-Monsoon,6.511039244260136,2.0917892053923124,14.848734975717177,508.7318573625232,31.105206731180516,20.940175967531264,0
Meghalaya,Winter,6.575136560032286,3.604822461231804,26.194675729532957,422.80078560303764,72.79354620416328,20.231595184368253,0
Meghalaya,Monsoon,6.320916711765628,9.312027387511987,48.472518013259524,2449.0935324355382,775.3226444559123,24.939614179581127,1
Arunachal Pradesh,Pre-Monsoon,7.629003462360892,2.034602289097866,20.62835551941335,657.0816424118655,132.70974479801458,28.961960956384125,0
Meghalaya,Pre-Monsoon,7.211939236284488,1.0528560801097684,14.061094094592008,744.4176499671685,71.68008703155064,26.24278501279694,0
Manipur,Monsoon,7.874490021214194,11.79689339220091,31.302297073288916,4890.06767055208,693.4887130699209,17.116741202197762,1
Meghalaya,Monsoon,7.745870821545323,7.426764038293991,27.770690942642545,1932.8091786633984,504.2088127470997,31.22899595741449,1
Meghalaya,Pre-Monsoon,8.498869599148131,1.5018355096346079,22.285292281099572,16.02697001868526,115.33705067021374,21.575771393589413,0
Assam,Pre-Monsoon,8.441533717891364,2.1223025179331567,31.113251013897635,284.75277605251034,129.42860188135137,23.364023539382995,0
Tripura,Winter,8.13129007633847,1.8270874319644412,0.4452628319294438,474.4029396908971,30.529670980871156,18.618119164583675,0
Mizoram,Post-Monsoon,7.301260211843753,2.2604500194196264,15.340026865224859,14.354697068032003,89.32753836833095,33.986865279641776,0
Assam,Pre-Monsoon,8.114784826111354,3.3722493268751244,18.457307368004873,235.85261002328096,33.02957446303212,16.66504924733873,0
Assam,Monsoon,7.400662264872688,13.839167659802499,34.13064184575625,1152.1092343158004,700.4628399864444,23.351987387777662,1
Nagaland,Winter,8.270504071889352,2.4705211540818826,29.81243955084487,736.5248284519976,72.93924909019704,23.42529306537827,0
Tripura,Monsoon,6.591124598592244,13.321648797486693,33.949635175959095,604.7006109246528,393.409480300269,32.733064547407054,1
Arunachal Pradesh,Post-Monsoon,8.333219514455237,3.9509057946316926,3.2406461263371042,711.8967483303234,73.48859119571537,17.033385539287625,0
Nagaland,Monsoon,6.667917894137196,11.526887425625953,0.12147253638511435,2002.5996182579956,721.568588959221,28.66870456907636,1
Manipur,Pre-Monsoon,8.20122837909336,1.1693247505794473,26.359246582484662,67.05715637773355,129.0316913701652,34.31169160655446,0
Nagaland,Winter,7.572798719608183,1.4293476049937617,31.195089654695273,580.2773411797627,53.78693110590272,22.965787564820605,0
Arunachal Pradesh,Monsoon,6.277567502991616,6.675423728512597,13.398222604891263,3656.9998262917684,702.6313765258074,18.975369438616273,1
Assam,Winter,6.197221293192388,2.126300192020461,45.81603686416907,62.52057424652037,22.89642869243605,15.866105224975636,0
Sikkim,Post-Monsoon,7.190591950085468,1.0506335872511035,17.26352030935422,759.524402876494,90.8536183792532,32.749630107572955,0
Tripura,Monsoon,6.168742921936501,11.755526168888746,17.3427179703359,3209.250488201044,765.859526325339,16.642269814887623,1
Assam,Winter,7.292055565101087,3.4647507036830687,45.32130438808319,209.1356747876337,95.66457646234396,34.47542876360653,0
Nagaland,Winter,7.188512911089427,1.2145173336084496,48.29911967193457,640.2237688495877,13.204465454462273,18.91248248418368,0
Tripura,Monsoon,7.724284064902278,11.928019931977651,48.70685539670057,961.3491900515589,578.7631162228203,20.60425387956546,1
Tripura,Monsoon,8.11964004458734,8.535886677742756,44.31307789935713,2654.108325291536,301.0290004022006,16.045869383307952,1
Meghalaya,Winter,7.132521707102879,0.7338616383935939,7.179493905439472,449.9527940249259,30.882024411183142,20.559098110113926,0
Assam,Post-Monsoon,8.391728788255056,3.9606820584891684,1.0770722772764307,373.2813859101763,72.43100583021767,26.159219061318066,0
Assam,Post-Monsoon,7.789983319379983,1.9914777663921586,48.452551648459405,698.5151034947745,24.464440518043734,28.189725875313098,0
Tripura,Pre-Monsoon,7.422822383895198,3.7580844092419787,18.467732098520727,78.07616206413434,106.1114953388008,22.30771472000876,0
Tripura,Post-Monsoon,6.816929807787552,3.1602040435631484,26.909164654811946,462.2305350047276,45.211144171613086,32.07327029535357,0
Tripura,Monsoon,6.811954024862211,7.3337778913028915,31.931383669737535,2694.2276403785318,432.2257884668651,30.12430060507296,1
Mizoram,Pre-Monsoon,6.730068365818618,2.0878453924896205,3.5942137781634074,778.0672555665722,29.707941680839916,17.717914872103442,0
Tripura,Winter,7.102222541371071,2.078255697119348,25.26401840383726,428.25769588458,55.23561703400554,19.22002336646067,0
Assam,Winter,7.166367291989012,1.81480062601071,8.242123316993466,99.84522276195845,67.87383160802484,31.686680059085205,0
Tripura,Pre-Monsoon,6.102370066882706,1.9558350519855194,26.02655979305816,333.5563135783396,74.73105151888525,25.468944117359253,0
Mizoram,Pre-Monsoon,8.323791806566259,2.0420504192763858,46.728767523509404,541.4216308042752,15.053702165763628,16.595214402503558,0
Tripura,Pre-Monsoon,6.466370349752699,0.7674728745950212,16.893443473425425,22.870638698270753,30.7847664012658,19.600140147835443,0
Assam,Post-Monsoon,6.632245819271618,3.79910280930182,12.330909466935664,220.0322341080281,21.539912183379542,34.79722519610145,0
Nagaland,Monsoon,7.935520330490596,6.271387738029128,15.201034669489466,4098.127401921857,768.9582207422113,30.376072902291966,1
Sikkim,Winter,8.22015720412782,1.4240026927558886,42.53731974512529,286.1285498921883,134.42966366526608,23.552607816631202,0
Assam,Winter,6.501757255403131,0.9344882651241321,28.23762236247047,708.3235906969801,72.52304777004832,27.10867701212321,0
Manipur,Winter,6.674917792879791,0.5052668899638197,27.805427434162972,554.7544215676181,67.66973054704714,22.833213212277393,0
Sikkim,Monsoon,6.186710006424647,6.377885349040017,18.76195687126941,824.2212539750631,696.9384553070081,28.62233287722305,1
Arunachal Pradesh,Monsoon,7.456617612936307,6.201609221627676,34.21356819216218,2956.5574430640913,373.67117333213235,23.30232337153564,1
Manipur,Monsoon,6.172701370329851,5.387036225468246,17.094518819140188,2756.808600324907,452.96851832773666,15.972886092812743,1
Mizoram,Winter,6.918858003786257,1.562723334998469,25.93515907819814,624.7770553458753,26.278215592233252,30.058343886711754,0
Meghalaya,Winter,6.564034097840883,2.075602561434198,44.84902160309501,505.21563986322224,102.41935491782836,22.165570804847626,0
Arunachal Pradesh,Post-Monsoon,8.324387064994406,1.2663005994010155,45.67694150658666,490.51494504828304,113.1041830940671,25.565816590864465,0
Tripura,Post-Monsoon,7.507746162965325,2.9453698729689726,18.629728616298742,707.1315689746538,39.82894265669774,29.317863067893043,0
Assam,Monsoon,6.695307219404187,13.046590205866126,22.643091333285746,1269.817793112748,501.55429398953686,20.247722925684712,1
Sikkim,Post-Monsoon,7.007378416013245,1.7999364196576224,3.6377780947138563,491.92430956218686,146.79499661054717,15.614866719797858,0
Tripura,Pre-Monsoon,6.963401561771886,2.506501944947453,34.661027472339214,624.9366632171874,125.30281383761817,19.37719821111948,0
Nagaland,Winter,7.148509512489303,3.4280184802228684,12.953137046640627,120.78030671610385,64.37222552212273,17.49693418640868,0
Tripura,Pre-Monsoon,7.728696137120579,3.5390305087986316,38.53690854789541,589.5644293362288,117.23208627659619,22.81458588321644,0
Arunachal Pradesh,Winter,8.221056460254127,0.6445650688311687,45.66620957047968,58.423663633927596,63.922526623859696,17.454192197181282,0
Meghalaya,Winter,8.475230069544278,0.8078075840599402,7.951989241866047,74.39884492308747,119.65874580684137,27.79862889071524,0
Sikkim,Pre-Monsoon,7.5333720310632435,1.0424460110615026,3.6857484713797684,404.2045899969539,27.296082239764328,15.78458396706261,0
Nagaland,Post-Monsoon,7.8159105060820036,0.5197506495226762,45.68827585099866,535.11890993917,58.523653486680054,21.259327316687028,0
Arunachal Pradesh,Pre-Monsoon,8.021813809554054,3.9001765928305523,10.407630344914587,128.5023519023622,100.09771322330009,17.379573654926542,0
Sikkim,Winter,7.655362520543188,1.7329029127725735,14.470602499594953,553.2918453455017,123.72827608615519,25.87194520045891,0
Assam,Post-Monsoon,7.584581398775852,0.8985544382857691,31.496387116381687,605.6645478339905,141.9659514364562,29.80040008976509,0
Nagaland,Winter,7.333606269926776,1.8182171715242494,37.78458639987699,484.4875192205698,138.63715044503522,20.992367697730565,0
Sikkim,Winter,7.521961821973775,2.3938302646648424,5.848554689292951,672.5807234412662,122.18628876443101,21.2759984204568,0
Manipur,Post-Monsoon,7.389073273067648,3.8177886643979324,29.385528510594703,505.2497743321677,66.06683372094489,34.71946081919789,0
Manipur,Winter,7.7237705208463305,0.8586787506714966,24.39239567972501,278.05492404694604,66.449756450022,28.610350444998016,0
Mizoram,Monsoon,7.848132827474481,9.997901352482991,32.356136502758474,2272.105641466129,695.1791382801873,15.402103442386732,1
Tripura,Post-Monsoon,6.466398464811056,1.5750933676512655,31.231575833486392,230.4627292798296,77.58565057885555,28.92180757446498,0
Arunachal Pradesh,Monsoon,7.445512956683841,9.875687375576021,2.4303513275941824,4826.753562892761,441.70472327776304,24.231760435389244,1
Tripura,Monsoon,7.079658986357296,12.341561876620286,16.658483583656242,3738.646722990491,716.9044079696498,23.52861048245125,1
Arunachal Pradesh,Monsoon,6.050432150581697,5.3509372848447265,5.530021781076883,3978.09502338484,349.4612771233715,30.24287271359549,1
Meghalaya,Pre-Monsoon,7.823107070785168,2.380733107494854,42.791146854522715,508.2583026217109,89.81448183002121,34.95568491988325,0
Manipur,Post-Monsoon,8.301384266952333,2.546192156564576,34.59769173895669,304.8351602150212,112.69301177544021,31.952282945503644,0
Nagaland,Pre-Monsoon,7.756282638877636,3.4496447920111346,6.586143052948746,35.74709324754848,77.03676490060685,17.93795738947687,0
Meghalaya,Winter,7.904156614427857,3.141269468333085,35.9658634986587,460.0322289817055,99.20231532723405,24.85192697678387,0
Sikkim,Monsoon,8.226292898378926,12.973469150677094,13.537720985086409,1692.7229719996963,790.1580241132679,33.168997011845086,1
Mizoram,Post-Monsoon,7.390191060093852,1.2971734745752452,22.831565707320767,98.22726214679109,71.19026830021588,30.23096822008815,0
Nagaland,Pre-Monsoon,7.675391311927276,1.917304030374767,11.396194721290021,378.25257875177715,41.72474623150748,22.845532920013625,0
Arunachal Pradesh,Pre-Monsoon,7.588954504647754,2.2363239701750803,35.60377344708169,430.25391428665705,78.85185770483899,15.414612326535039,0
Manipur,Winter,7.922610185566289,0.7190762505667512,14.652019440298153,354.52191148502845,62.10271571932873,18.851561771701007,0
Nagaland,Pre-Monsoon,6.026188403391112,1.2997469758024094,10.737094517892876,361.5151059051555,102.75866192750416,26.563078508896503,0
Nagaland,Monsoon,6.225706184607811,8.247031588640803,47.167197515935996,2285.6423815307808,362.3955755142153,21.272565675298345,1
Assam,Pre-Monsoon,8.11871264483339,0.5297004239169503,35.022174476557105,720.7130402177519,106.89457150694818,29.312223676518123,0
Manipur,Winter,7.347406189152543,3.384448907284273,8.340445892629484,170.8802186791638,108.46649168548517,30.106722234654153,0
Assam,Winter,8.011869464564308,1.3083884515659245,13.628175580374979,451.8575080435922,146.48733448626814,33.21871655633737,0
Assam,Pre-Monsoon,6.431370205923617,3.4890708528958103,13.086283876494376,590.8922197993214,69.58925404442677,22.020692535259283,0
Sikkim,Post-Monsoon,6.24108696385764,1.9064507165161515,1.1614690241706471,562.1752630250131,67.02148941037657,21.83537712918421,0
Sikkim,Winter,7.166968790000471,0.9100100834506536,23.426321810830437,273.35370869461826,121.68289460658708,19.705538428717674,0
Tripura,Winter,7.394242917252576,1.9951101013922652,29.93438929726871,444.27952232733793,29.990018129935258,25.972314170806733,0
Meghalaya,Pre-Monsoon,7.090418665019709,0.6735920174537154,37.39735192341921,655.8908561897083,92.16733979519458,19.19090122853451,0
Manipur,Monsoon,6.803272838522818,8.78234331812067,36.92406381942984,2041.5004862966607,563.9709694713661,31.528276624502332,1
Meghalaya,Winter,6.334847896030111,0.5167275528848374,12.979680966091934,131.62999081863467,62.6887415035648,22.347655993778744,0
Arunachal Pradesh,Winter,6.09715148111805,1.4523245409426584,19.204253291037414,134.43978153517494,118.05638550965853,25.85738818518208,0
Meghalaya,Post-Monsoon,7.612812817829967,3.894404024107237,9.776106026689702,649.8790849606565,115.07320104008247,30.376791165731944,0
Assam,Pre-Monsoon,7.1791777294552075,1.3888772471939634,27.741195319420083,269.23259632631016,128.7586242634914,30.413676192989346,0
Tripura,Pre-Monsoon,6.307239460321096,3.4706170192711028,12.638439374184218,674.4420702526307,111.54245906039749,25.300187959872275,0
Assam,Monsoon,8.359795756715101,13.526379753838981,33.26065280570059,2594.9164070526285,655.9399245407536,32.29200828624948,1
Nagaland,Monsoon,7.046695861533404,8.895152828072085,5.330783175329073,1864.5616775678438,566.8041977446846,19.132822756004735,1
Nagaland,Pre-Monsoon,6.690235861091044,2.9799802461764644,36.98650827161084,19.554095015854706,117.03610627616503,22.03103506842576,0
Assam,Monsoon,6.122953384129997,6.06336257157105,17.27879988883494,3572.0642240936427,797.3591277305128,20.0990009469708,1
Meghalaya,Post-Monsoon,6.9694847473798305,3.3074208763170208,14.699065716968047,531.0156996609041,125.98753622954567,29.65955562563022,0
Meghalaya,Post-Monsoon,6.578863500293967,0.7288684230519966,1.3197619510625702,164.55760966367794,121.88409723434827,21.518137175633,0
Sikkim,Winter,7.937448017236213,2.714647743150219,12.17153917655423,276.37203830673684,145.05381923842899,19.814756554281086,0
Mizoram,Post-Monsoon,6.078219954665061,1.3752171446506996,15.073922062359813,63.889747011075606,117.97953925670002,15.638066403775632,0
Meghalaya,Winter,6.972527813904776,1.7956502943297665,8.954167192803563,468.49322146984593,66.96636238532737,29.31356194087194,0
Tripura,Winter,6.656514658950929,1.0546034518600078,1.382381715508596,30.819635059596273,71.21896326164978,32.858629383722025,0
Assam,Post-Monsoon,7.587319905960612,2.118300938094681,24.96737836010058,673.2582847859027,146.95422711578175,29.67390089142257,0
Tripura,Pre-Monsoon,6.826056167976109,1.5890179899950483,36.26158140773656,223.1186203504233,69.75039805097245,17.666407549784115,0
Manipur,Winter,7.495238196912609,3.4182244741075576,37.67868518841176,16.756114421943597,111.72533863956332,22.753832273521905,0
Assam,Post-Monsoon,6.731194256700272,2.381908947227804,37.88732428270513,325.24504829371375,59.15757428435066,23.368546268328792,0
Tripura,Pre-Monsoon,8.306125819467134,1.2287662991028971,45.175423112329,91.15078704561655,96.99313131679439,29.681972930607948,0
Manipur,Pre-Monsoon,7.348588332237375,1.7943472418320496,36.26185762969841,417.48907188067835,84.58195618735617,23.726945688299622,0
Tripura,Winter,6.52722061062222,2.0811849998899974,6.739426535798815,77.17280988411592,88.99424729981872,31.839810087519826,0
Mizoram,Monsoon,8.077155566671589,7.0535027541220074,23.98176771914572,3357.449265333663,506.6763445621334,29.705450617360107,1
Sikkim,Monsoon,7.55754697179693,14.712849289942318,8.369455778121488,1256.385069943541,566.791570047011,32.019741941776886,1
Mizoram,Post-Monsoon,7.320621511380283,1.4418878837131142,47.52360898781408,123.68809285230198,126.86033276760094,23.36086326241599,0
Sikkim,Winter,7.9643920441835245,3.9991183149758514,38.78568801820761,71.37676181062568,123.05496436111407,29.215924843982066,0
Arunachal Pradesh,Post-Monsoon,8.492837164983285,3.8283092145600035,29.00709002195238,463.40791632540123,13.874549065302391,18.492654600443945,0
Mizoram,Pre-Monsoon,7.06105601199499,2.4054991030847193,3.194410004498094,514.9826351981415,138.8975080644708,29.086338605194335,0
Tripura,Winter,8.46545265529561,2.2652124772369016,1.910458879987198,143.08372757600839,94.628263378035,34.60577242913219,0
Assam,Pre-Monsoon,7.407575166711235,2.728652603016209,6.742964597526341,180.38367064542774,104.86861546906128,34.05541376894055,0
Sikkim,Monsoon,6.880965225178312,13.199648947794977,7.212993591235007,2102.031436555044,374.85670409584293,15.947997242193853,1
Meghalaya,Monsoon,8.203650623650358,8.17485773866993,21.84665134673825,2011.9876719538145,744.2649557513379,15.723664350415461,1
Manipur,Winter,8.360876009924576,3.9296194802399445,37.25223921448808,628.4128907429246,140.68777637451987,26.910682205303267,0
Arunachal Pradesh,Pre-Monsoon,6.644520483153393,3.6036465505035378,16.104523902012026,279.8517117254564,142.04334973613626,32.000004155839406,0
Assam,Monsoon,7.988963308322225,11.59378255980149,13.859803609756149,4313.840346525989,308.69374481217744,21.20928108472939,1
Tripura,Post-Monsoon,6.78050000478785,1.2291105818087618,37.52691593437616,440.85186007124565,108.82822743097776,28.555481933139223,0
Manipur,Post-Monsoon,7.94902745796814,2.5959150249314296,28.903204485070923,418.6031081556124,62.29652865684025,33.34301754901186,0
Assam,Monsoon,8.28799603324267,12.704320451862696,7.31812293147841,1631.4709873775537,414.24225776190247,18.20974962442859,1
Assam,Post-Monsoon,7.403201438351393,2.3959543543549957,30.555080159104296,650.2708623263158,65.76237406087182,26.351979336803225,0
Nagaland,Winter,6.6724077580354635,3.062754175167556,35.57085668157201,704.4004787786532,142.12742688685196,24.05472970726784,0
Assam,Winter,6.46953092465655,3.3576615900168916,35.9676809147993,61.79626175075422,71.79549348421587,17.711691273226858,0
Sikkim,Pre-Monsoon,6.828121566903201,3.9475017346194967,48.11971685941444,274.3251036221125,137.31576303278374,26.23394049033435,0
Assam,Pre-Monsoon,8.093935019849209,2.63962928263245,10.758147687431624,596.3102508270204,54.766839615434776,25.939850290169346,0
Arunachal Pradesh,Post-Monsoon,6.147340671151928,3.49068790659903,41.092460592019805,578.4851158622563,142.15065882829805,33.547818641878855,0
Arunachal Pradesh,Monsoon,6.9701417848107345,14.856099025963598,8.233238052092013,4091.182001899777,370.56552113372135,26.933291816747456,1
Sikkim,Winter,6.3557447343242846,3.67631544636205,30.14780800202221,649.0609106232951,126.4165255945861,28.21435552542499,0
Manipur,Pre-Monsoon,7.68276421612433,1.7030122424822556,45.58417870793365,332.06809682216027,105.79792713492726,28.60867223208338,0
Meghalaya,Pre-Monsoon,8.009756739007486,2.9976493868386416,29.499893191966915,497.84102146192805,28.445733525005267,34.9718596535193,0
Meghalaya,Post-Monsoon,6.399573444883756,2.004693646741476,21.23118742150344,50.28465800629331,70.57876675299008,28.061597748674814,0
Tripura,Post-Monsoon,7.540757174693329,3.0169695127978757,30.795785551207793,654.7675746160311,26.92568191992365,34.15338025483122,0
Arunachal Pradesh,Post-Monsoon,6.474441016680861,3.7046897341799956,9.884198812482808,81.48726062164499,74.9740927915284,25.25513900104618,0
Manipur,Post-Monsoon,6.563003939952816,3.4886386209664324,22.303470924202173,512.0571656309282,34.667844808184995,27.227320522744595,0
Arunachal Pradesh,Pre-Monsoon,6.449606069822074,3.6902882002784367,3.597969517083044,352.589052082131,47.0850722975155,17.980145625825905,0
Arunachal Pradesh,Post-Monsoon,7.645383500009077,1.3925556713521978,49.60760901979264,386.97804261126436,61.46270570244238,23.816474361609494,0
Meghalaya,Pre-Monsoon,6.971951202995113,2.811648929214436,36.80781252145551,67.11062766450289,82.72603117500574,29.997910332731124,0
Meghalaya,Pre-Monsoon,8.240972286878781,0.5768795140828854,16.924337220928486,380.06048917668477,120.22786904073953,26.836848685182193,0
Manipur,Winter,7.526813009663534,1.927327225314704,25.285503249692248,234.12375067526582,14.209206271796573,16.278439790084096,0
Nagaland,Monsoon,8.309392865432699,13.08533548892311,36.508786600240484,911.1380248282145,747.2985934580631,16.65236084231489,1
Sikkim,Pre-Monsoon,6.5912822426594,3.41063106348069,25.391712624322803,107.40947752042989,121.77497054004853,31.144822810353716,0
Assam,Post-Monsoon,6.60210318870563,2.0569518769693005,10.064842322877892,166.5955878669691,122.31674016552009,16.39077163909558,0
Manipur,Winter,7.954001722717846,0.6854679375206909,39.62852223589086,135.7827406133313,133.0167044368713,19.876013536711206,0
Manipur,Winter,8.238042760287513,3.0286502502043264,11.34876268139337,145.45965508740412,77.76877477486634,19.610290739914287,0
Tripura,Post-Monsoon,7.32188285149623,2.464234696876577,9.999379098512474,787.3631549226361,17.23185395304362,30.91532143605604,0
Assam,Monsoon,7.398794256489795,8.403841446335516,42.92305342719664,2974.412816461651,650.3590750679582,19.40094575162507,1
Mizoram,Pre-Monsoon,6.647823596946923,3.529060707598945,46.08528411912847,173.8746485117141,90.70529831475213,21.515565908139536,0
Assam,Pre-Monsoon,7.838465407171942,1.7211915209334867,19.610965502487083,311.6767989997633,22.26535570898648,21.092942434640005,0
Nagaland,Monsoon,7.446719938489632,7.166648078195237,4.26733531726452,2636.5586096202314,651.5082689309578,32.033609464784135,1
Mizoram,Winter,6.447738731278108,1.1571690293846382,30.5910104588348,433.03303005881463,77.17646737058826,20.96383240469682,0
Mizoram,Pre-Monsoon,6.971907164951094,3.8641041206779443,22.238533290689134,492.944152707782,107.07134718012593,27.562856800932245,0
Arunachal Pradesh,Winter,7.388592706672426,2.110795111501182,19.90442276413119,133.3201932323386,42.01989041572291,29.03084981905775,0
Arunachal Pradesh,Winter,8.398820732757464,3.8699508148223787,34.57198822549752,29.997184102361373,70.37375232776608,32.270858476151815,0
Mizoram,Monsoon,7.593194842932734,7.316188342711168,27.556404318203892,1266.9833004854427,594.5456764473847,23.323132415670358,1
Arunachal Pradesh,Pre-Monsoon,7.278134330866704,2.472098802999331,24.98919106280236,265.7193678982868,27.623669930082606,16.218481772252765,0
Tripura,Winter,8.103627479213788,1.2491862481945593,39.245632753262676,653.964586873312,146.50658513416786,34.53671039230565,0
Sikkim,Winter,7.398191801481145,2.5255953960436965,1.1291047306432545,663.3118345195387,80.06367573755708,29.320395044041604,0
Tripura,Post-Monsoon,6.845870075110926,2.0497637311303434,38.416569336970866,768.7119336446277,145.20092042437992,20.20713314687292,0
Arunachal Pradesh,Post-Monsoon,7.090422579815236,2.628366614347874,7.443180083981716,293.2746834949382,66.61275461550943,22.083918639602857,0
Mizoram,Winter,7.975698573893118,3.4531801093316745,32.664180511300444,439.6715664099933,51.31649997669258,22.727439114408398,0
Manipur,Monsoon,7.851709579030587,7.73609127017605,47.28568466623135,2470.6086141373416,787.1855836758295,21.178504389447326,1
Sikkim,Winter,7.007500395287695,1.6038005379716271,21.505115682161684,126.42928491851697,142.46939174059318,33.92093799822599,0
Meghalaya,Monsoon,6.318695353854204,13.363435475900118,22.7284391081841,1541.003883821106,438.08797383518925,31.73081202676441,1
Manipur,Pre-Monsoon,8.031866696652735,2.735991554410749,9.335113379524568,502.35251272883994,116.84024000357,17.14702327119126,0
Mizoram,Winter,6.910052662861029,2.9300208578277562,49.39734051200057,17.337982221592892,121.08200798010371,21.129505597248983,0
Meghalaya,Post-Monsoon,6.26389912090849,3.0076496323755224,9.165953659418246,237.5181866326091,58.482642744543675,27.134372531600164,0
Assam,Post-Monsoon,6.722716502506512,1.8075269879290081,3.5604088902109474,786.9835956844004,12.829403416786354,33.33573015101463,0
Mizoram,Pre-Monsoon,7.3251818414719025,3.8539954131972967,18.087592765880466,201.82210799974922,42.116497617346134,19.84368912316934,0
Nagaland,Winter,8.164044900833215,1.8515147443067248,46.73157790855333,597.0011902033476,90.81731974828978,27.042450265201268,0
Arunachal Pradesh,Winter,6.346901483753709,3.351578490882069,12.37564093503623,84.59166860331145,109.83631792780882,26.192797774653798,0
Arunachal Pradesh,Pre-Monsoon,6.392646116605789,0.9192265574212385,17.577846299145687,403.8247568745325,26.267815576681166,34.656170823141295,0
Mizoram,Winter,6.535492852665653,3.7401233750092953,17.06994637289502,460.566301270002,96.18064166031817,27.22221313327602,0
Mizoram,Monsoon,7.68127858367078,7.788409687715711,39.41152087136166,1434.997729190814,720.5932325442066,15.915880190774185,1
Sikkim,Pre-Monsoon,7.753522867989849,2.414772720229317,33.28777909156761,313.7541258470171,130.56214597960044,26.035876253161685,0
Meghalaya,Pre-Monsoon,6.0289470049485105,1.5672189772853273,12.882934444801924,494.31224223228577,63.21173924145476,21.72728123163347,0
Nagaland,Post-Monsoon,7.160456657428085,0.8178125208768816,44.452163230838316,537.4426915148239,123.68857777645519,32.340242049573085,0
Assam,Post-Monsoon,8.210062906987087,2.6009604805830713,0.7099558936878247,762.3387273724245,42.417713965684236,33.14852631954788,0
Mizoram,Winter,6.770184719571118,3.0783733052670708,13.509815906215666,536.288892842219,24.95470159867424,30.388140553540115,0
Sikkim,Post-Monsoon,6.4440049124220184,2.611473716299619,4.938827940257551,177.47705150690288,80.35455578875897,27.30652674605917,0
Tripura,Winter,8.069150502506078,2.089310762839799,35.59855450175161,101.7722582032366,80.68434921940026,25.831601730460875,0
Manipur,Pre-Monsoon,6.442113286298739,3.1623550703329166,42.941801727179076,95.56000268207379,117.0847272472325,26.82380143181885,0
Sikkim,Pre-Monsoon,7.5354037535736484,3.627998333129665,34.10145266152117,457.9737329898199,33.47986044820591,32.157323310993874,0
Meghalaya,Monsoon,7.715036779567824,10.544331430740804,49.27328437787781,1214.291354490245,739.9840700975872,34.04663632230846,1
Assam,Post-Monsoon,6.239116956199612,1.8353022862824993,48.04475709755501,561.1095736073889,21.07807022036443,33.26880833145867,0
Manipur,Post-Monsoon,8.302650242873602,3.5603610718764984,37.844447725051694,375.77708998195527,62.06787014100119,33.61512060587437,0
Assam,Pre-Monsoon,8.306961803944706,1.6910335027554897,33.73656130477832,730.0986757760106,148.32627088422532,26.90047262076691,0
Sikkim,Winter,6.84861050648032,2.0751580213435448,3.716414116741312,385.7345368706708,123.49253958528183,21.596412056283064,0
Meghalaya,Winter,6.874556683642021,3.9442661915119204,23.937031273435945,221.61110329919796,87.6516159767265,17.373036729248057,0
Mizoram,Monsoon,8.007389705482739,6.681342289502994,39.469726337550846,1748.605569121826,725.6849630095901,26.031585650144486,1
Manipur,Post-Monsoon,8.16189459825224,3.769603730684402,4.370726565999428,194.64430422934316,95.34132739685587,26.622785177862,0
Arunachal Pradesh,Post-Monsoon,7.0981298111789135,2.411191470059255,15.163817612120578,114.23514444421204,102.33660854625757,21.089550583716733,0
Manipur,Pre-Monsoon,8.085209790254991,3.6994605819575495,10.741188379158489,283.034815944006,35.9772386868691,17.60038392354204,0
Assam,Post-Monsoon,7.984493768495813,3.0929445027949214,2.268174594443373,579.5636273507345,93.40955983713509,22.80886196492528,0
Assam,Pre-Monsoon,8.132607026030719,1.531678233965916,34.70836576892791,204.64082005185574,17.395220534831076,18.593158475467668,0
Assam,Monsoon,6.229508195701717,14.19201208897573,20.548871179544058,2843.314235938295,394.15626598398717,26.58624100152441,1
Tripura,Winter,7.501210501379377,1.998025377381843,29.497499751646593,571.8584887735354,23.984066539405042,28.851192627943274,0
Mizoram,Monsoon,7.242566393982707,11.003826607478782,43.29597959154272,3309.531431082297,341.82934439599484,23.82747998050241,1
Arunachal Pradesh,Winter,6.907204094790302,0.5372136196424331,47.4973047043924,419.13667747204533,123.9037521810026,17.814838869608536,0
Tripura,Pre-Monsoon,6.147658346870034,0.5855704319933774,46.67627886835881,401.96706815715794,43.282492509688545,27.24244214966944,0
Assam,Pre-Monsoon,7.191252365335599,1.5451535021401757,31.69772017248945,532.0385564208332,102.26579883344584,26.089107181555907,0
Arunachal Pradesh,Post-Monsoon,6.704286489176079,1.8392450286341109,41.592662186793106,321.4680804688914,108.91490464329414,15.911160267634267,0
Arunachal Pradesh,Pre-Monsoon,6.390555819456508,3.810523742948608,8.89955803738417,440.519993279471,99.1713611027713,27.97127726362998,0
Arunachal Pradesh,Post-Monsoon,8.229421641915796,1.0387744507978742,29.729935614319036,699.1131728847143,17.65443853022456,34.17980294070918,0
Sikkim,Winter,8.459540712100384,2.0639400690166054,37.04887437918074,264.70673637707307,112.3866703140013,24.377897871523373,0
Arunachal Pradesh,Monsoon,7.405393564006163,10.521459271698088,47.48099424687689,604.9978318950074,553.7829537033506,16.304578629909585,1
Sikkim,Pre-Monsoon,7.473082311488104,3.3053506873273037,23.66068476345365,349.27431744428105,60.12745031806058,17.576706095267095,0
Tripura,Pre-Monsoon,6.8300118204984726,2.6568643526307705,49.61895199049542,278.11693041152836,55.84504307240982,21.80961146589827,0
Mizoram,Pre-Monsoon,6.873739358206133,0.8356184422036214,33.8215319461346,475.8511166631135,132.9337029736917,31.797009848324667,0
Mizoram,Pre-Monsoon,7.2808506564406645,1.2227165678789997,14.284441874610149,657.4731045174312,45.495887205880805,16.40404280726918,0
Meghalaya,Winter,7.124128631101368,2.935571629961697,46.36959490574867,436.12939982793375,126.04965081871416,22.29232409227303,0
Meghalaya,Pre-Monsoon,6.912196177130845,0.5016386194853611,42.41080782167591,31.53505273924304,118.78867730735459,33.85100121287361,0
Manipur,Winter,6.499898747783359,2.5765058061317903,43.853900876453345,206.95055168182407,24.537690608308246,30.122805926317426,0
Nagaland,Winter,6.0177234855317225,1.0821751542914204,22.462783040341446,637.47510705168,101.8215454275263,22.584829010300943,0
Arunachal Pradesh,Pre-Monsoon,8.099497944067956,3.5372363700455787,16.672197968317292,112.05844037134565,31.433916904781068,21.982177378225444,0
Nagaland,Pre-Monsoon,6.651786504005218,3.4395114059488243,34.95081923874916,427.1909455694936,42.06422827200729,29.025498840168947,0
Meghalaya,Post-Monsoon,6.18048140998143,2.9826504843062396,15.677105988767249,136.00182847619914,32.91078643414465,19.731143657338485,0
Nagaland,Pre-Monsoon,6.56374484710296,1.5405099296357316,43.13076153509224,121.92826611326996,109.46414273391245,18.30744389753134,0
Assam,Monsoon,6.399221015822762,9.392387779497373,8.60221449193737,1983.9557189336515,573.8338975776699,20.009116353088096,1
Nagaland,Post-Monsoon,7.014496289793132,2.875799353196367,25.43055034917249,42.28029657621842,104.71530014340236,31.568605441369407,0
Assam,Pre-Monsoon,7.3459062795752885,1.7810097962719607,45.23002712022842,214.92763401930864,11.923638622059,28.968316748624964,0
Nagaland,Post-Monsoon,7.220041736316352,2.9051642209266695,28.993971007414682,543.7169389583803,145.30999844207682,20.125574301541022,0
Tripura,Monsoon,8.254657249222419,8.349951306076608,22.15360761467092,1793.8564931198493,366.4048763770637,23.526292801576176,1
Nagaland,Pre-Monsoon,7.478890970163743,2.040625930068924,0.6223461575407374,643.9703800346089,80.53388497301823,27.822900855606374,0
Arunachal Pradesh,Pre-Monsoon,8.398023957405915,3.1278673357417146,8.427237324256748,258.83161984543176,75.15068650133584,33.324613283284066,0
Assam,Winter,8.14816843405357,3.5616041803874943,6.865610183531523,59.08604623126938,61.70610091133003,19.77320777734908,0
Manipur,Winter,6.730295236165162,3.3554946923333024,32.918215744534336,323.9848692375822,107.91904515137641,25.194989483171447,0
Meghalaya,Pre-Monsoon,6.184649733312792,3.4197336772742766,28.763099934680742,541.6601389256475,117.69523462372418,33.60752163423913,0
Meghalaya,Post-Monsoon,7.021518306699003,2.940754759889203,23.67251876225251,630.8303504413483,86.07646410303394,24.70046190883185,0
Tripura,Pre-Monsoon,6.580063621981953,2.115666294816493,45.81470409908976,281.78590253343975,110.24220961948933,19.476552231532906,0
Mizoram,Post-Monsoon,8.104988059078014,3.3262339118704563,45.5404978817889,785.9031877439522,140.92317856469808,22.25578846417015,0
Meghalaya,Post-Monsoon,8.10269522649407,1.292432351714651,0.8017252656690954,683.0974711901534,32.12523895273939,18.67593151218601,0
Meghalaya,Monsoon,6.691645528978359,11.52454841037613,47.33198814860313,3998.747398696776,657.2908511362398,23.158639931719648,1
Arunachal Pradesh,Post-Monsoon,6.109316424113936,1.4242034244424573,33.007112108054024,674.0427785074606,146.92121664825905,26.12529866755893,0
Assam,Winter,8.435656303614799,3.524005657848926,31.97530195255868,482.21666848857996,36.4647035271271,23.93954903180073,0
Tripura,Winter,6.0723551283909405,2.0222739727109014,49.58037099003445,573.8895546645196,13.231383566976533,17.893707989138257,0
Nagaland,Winter,7.328377166606301,1.0820873003507343,15.588975176444237,582.987879959229,104.99311608097275,32.285292773949735,0
Sikkim,Post-Monsoon,7.120743027948717,3.3349090090162647,3.6346511163058812,89.20717907903946,132.10314373457354,23.608668605841824,0
Arunachal Pradesh,Pre-Monsoon,7.435457624649987,2.738215568873166,14.61076543230227,513.0102922143665,89.16704453491656,25.049043416713577,0
Sikkim,Winter,6.773591863042529,2.074661740683159,6.909424836288258,246.24336499057856,82.82684337631453,23.75501524782221,0
Arunachal Pradesh,Monsoon,6.767710013960901,13.835207511962047,22.949157021740106,3172.4628035699634,332.4757492780891,34.24035760613731,1
Manipur,Pre-Monsoon,7.469881916415413,2.969377851765669,39.87643757979969,582.4910941973567,126.77079614856811,30.970352715146575,0
Tripura,Pre-Monsoon,7.637093339100711,1.8638989232004965,30.691280433008604,704.6515794383806,134.99250122935825,33.60611480395132,0
Tripura,Pre-Monsoon,6.604613533843243,1.2043961265029683,27.954067847493814,480.19555497687736,123.58445942902253,30.097335082369007,0
Mizoram,Monsoon,7.999234094547044,12.928231817184743,22.27003716570205,2831.5779773100166,312.26403410777306,19.354385660558187,1
Meghalaya,Monsoon,8.11274698637842,6.5361075524445065,49.82767984836515,2213.1743236481734,689.9240177725088,18.297794757081657,1
Arunachal Pradesh,Winter,6.538954054868441,2.56317906074167,36.92931825497275,410.51231543701846,139.53713257412463,25.313975796589716,0
Manipur,Winter,6.081330781061367,1.7239809219488116,23.41265373160911,246.28544234211415,125.164030965393,32.609231570229085,0
Arunachal Pradesh,Post-Monsoon,8.091045171013453,0.7193966215658922,1.588622873172163,45.52649170996065,12.687798618404305,29.177653422526628,0
Sikkim,Post-Monsoon,7.978159445317491,3.3532107028623623,11.749022563074146,401.78629067947116,16.421962823144845,22.47899194123668,0
Arunachal Pradesh,Monsoon,7.115528616004634,9.124372963705266,3.680142460129537,4942.805979257948,469.0057092184553,17.29208597974122,1
Manipur,Monsoon,6.768533087830661,5.891582455698244,40.79242304374965,1195.6048562397884,349.11155540454916,27.731250020299843,1
Mizoram,Pre-Monsoon,6.744874907411857,3.565619088151764,45.31920888391082,227.0131097875971,37.654227908166106,23.580605864679356,0
Arunachal Pradesh,Monsoon,8.421278861333203,13.230847267252905,0.9469693511875321,4578.729649022056,336.9381750412629,24.736469314218482,1
Nagaland,Winter,8.244846173370323,3.9217709293330323,46.950540051146646,607.7406037932517,73.31797977000028,23.784348029124295,0
Sikkim,Winter,7.735808301316009,3.997902274366052,47.58002225880368,727.6341744906991,140.4671716834362,30.077559297128577,0
Sikkim,Pre-Monsoon,6.112253306971028,1.0464958578482857,42.32692089806048,646.3050344896099,50.63733797172847,34.8385578758506,0
Sikkim,Monsoon,6.218774833944362,7.002575353397327,47.15836195467823,4406.53024851867,654.3713774064502,20.342784708002476,1
Manipur,Pre-Monsoon,6.474340655151371,1.4247054404233745,33.23600528874211,307.48525993915314,103.91050409365747,31.69089754783526,0
Manipur,Post-Monsoon,6.429846104205792,2.054259250602018,21.832958655149813,42.69885713001024,72.92603215528105,21.76259366358446,0
Manipur,Pre-Monsoon,7.754353416667014,2.169770507741053,31.04564960771894,423.13658331416246,141.2395977045512,19.903628663596812,0
Sikkim,Pre-Monsoon,8.39054783623541,3.935862365477152,0.35693410894890865,579.6401304204572,145.04222977868866,30.813189268767808,0
Assam,Winter,6.490545294553336,3.3695761984331263,14.132953692428224,782.0130162418659,95.8885536537515,28.85002872952525,0
Nagaland,Post-Monsoon,8.268970851900423,0.6260941323080724,5.067558171034047,624.2047460977266,12.507850045162758,17.267423853090165,0
Nagaland,Post-Monsoon,7.131958599990417,3.09810379710487,2.717675061305125,472.91460580739533,32.85672459732896,17.22630679299645,0
Nagaland,Pre-Monsoon,6.5060679503561465,2.2259580921033675,21.637395154366008,324.9719495248319,30.0963066687854,15.099343984552592,0
Tripura,Post-Monsoon,7.068101099304032,3.910196156934222,25.426321734726354,592.3767800153948,122.53545080259461,17.161562625448543,0
Mizoram,Post-Monsoon,8.25955307321928,0.9692575561124572,16.020278071498804,326.60372149537204,60.91443045174264,17.389806967752165,0
Mizoram,Post-Monsoon,8.057086409894554,0.7743305166979524,26.81539983967748,288.49288535599663,92.44144090214526,33.950066823799816,0
Tripura,Winter,8.437048314423148,3.371559851511665,37.75958745530251,326.81797188443863,74.51657147574993,17.98735040699946,0
Assam,Monsoon,7.728895720351426,6.748938867807751,17.613277416662697,3207.161047766439,637.3695392731014,17.17203702272269,1
Manipur,Post-Monsoon,8.044687794944242,1.6504486468934618,20.009028100089438,241.60525928895024,144.09211119535507,25.725421754629387,0
Arunachal Pradesh,Winter,6.5005830273285,0.7399366149238196,28.439626370413055,760.525853401189,54.113621254218614,33.31570147031819,0
Sikkim,Post-Monsoon,8.009648606625,2.1456942985628453,24.456456147597923,772.260550943549,69.3231218511375,31.756241725885538,0
Assam,Post-Monsoon,7.44323110845652,3.9963369152799126,44.74682677158862,437.6532179491909,127.90310237388826,34.59443785477693,0
Tripura,Pre-Monsoon,7.104884149380732,1.2333999643099267,43.60645930195756,649.1345009441162,32.51896836661008,19.168385915576806,0
Mizoram,Post-Monsoon,8.002569439300267,3.2197001079953522,48.38603260806292,638.0468169990238,50.14188261232199,26.302244737369666,0
Assam,Monsoon,7.016694430643026,13.067835242385451,6.840294635217736,2881.0551010054332,444.5921879000216,29.77856290908318,1
Meghalaya,Pre-Monsoon,6.644898809288657,2.2054995569320814,15.209668180752956,181.1652174277431,85.36133646872604,23.990537470873686,0
Arunachal Pradesh,Monsoon,7.8024250629870275,6.171284311380774,41.65338577274931,2734.9461083533374,355.48366328632875,18.805135284734448,1
Sikkim,Pre-Monsoon,7.75043865013133,2.6040124586679942,49.64992008146043,375.89014901663137,118.56394009243107,15.439281787817203,0
Mizoram,Winter,7.1556729760639755,1.256619133792413,42.095669830927925,646.9137932419289,76.6538659961815,22.968279699185572,0
Tripura,Monsoon,6.0829917824500885,14.485107830919224,42.94381503391596,4501.712862708864,767.4999594677604,34.33986516026532,1
Manipur,Winter,6.031405978337852,1.5352564683207497,40.77007556462971,531.0927595332396,132.53817134163359,22.576197886110947,0
Sikkim,Post-Monsoon,6.257562534948615,1.2060777461894066,29.55581787491394,736.5178527548086,120.90556941475191,34.66716468159524,0
Manipur,Post-Monsoon,6.029757409398708,1.1486921548961961,34.31883106976165,144.8799051378631,143.37356075489015,17.31767865790972,0
Mizoram,Monsoon,7.7999460734444295,5.656270240507707,41.133559471035746,823.0997512275752,680.6293183294154,18.859671742479335,1
Tripura,Monsoon,6.546224696479986,10.980512961172142,9.233193110391353,677.2223608515421,397.49177410927257,21.276489081013114,1
Sikkim,Winter,6.50177032943256,1.9389136057524978,10.639591083152228,680.4668253252587,130.5677583784347,27.230896130013218,0
Assam,Monsoon,8.101579502295504,8.941547564446939,15.8587252728693,3759.207230962073,480.95158387625713,18.983439724275357,1
Mizoram,Pre-Monsoon,7.836504157373224,2.185218549620059,3.3632225211656817,229.93267330638378,23.24304769952607,15.098718672043798,0
Assam,Post-Monsoon,6.255315666473928,1.5062090418860268,9.963981500950341,168.93285295456766,87.64632006245863,16.37888131394107,0
Manipur,Winter,6.5346981486680376,1.3610615243854944,35.6873737152481,798.4411538142301,16.052941838961438,15.693943151563484,0
Mizoram,Winter,8.438481712233562,0.9769336185964694,22.26687947505962,79.11649939797631,97.14803526214072,25.702503643006985,0
Mizoram,Monsoon,7.468760641849969,10.60572282388382,24.46570604518484,4908.37754426165,373.2205577504915,25.942035177007945,1
Sikkim,Post-Monsoon,7.019335184082868,2.994205164762504,20.146520266112226,728.1235152991001,134.83069668840471,28.700793527431877,0
Assam,Pre-Monsoon,6.878719253687699,3.049907094848947,1.6547923639240902,585.3489400762159,133.18661765879867,20.796291870580177,0
Assam,Winter,7.365374999222202,2.7716939663026263,14.897967802547763,626.7371407619273,105.43260843294138,30.950840667041508,0
Mizoram,Pre-Monsoon,6.261537592024603,3.8878537110403304,22.262721391367172,641.0264039916269,111.33895093405759,23.44265733111671,0
Tripura,Winter,8.492859403048596,3.9598802627308616,12.172286776249102,459.0476098668851,38.26943976273954,16.48929874964583,0
Arunachal Pradesh,Monsoon,7.115830830876025,10.89337321184243,42.05306205375198,2588.0389969116204,486.6455260647215,19.380986306401333,1
Manipur,Pre-Monsoon,7.5598578827347644,0.6161170954281838,25.83368832504051,578.8039565446248,106.11144011660308,27.748838643174846,0
Assam,Monsoon,7.893816258739644,14.562267910459337,37.81795963998235,4161.854838457938,395.33921747237093,26.633814274514133,1
Sikkim,Winter,6.285716184427645,1.5585553309328377,12.627963333176984,241.63807512322043,50.22453498550961,34.63675172444286,0
Arunachal Pradesh,Winter,6.1144995823150445,0.8016638809796843,8.80986671053678,458.82674076007925,52.9931289393193,31.4691407268918,0
Nagaland,Pre-Monsoon,6.165646879561891,3.663926212887035,14.138197201426877,255.95634262402558,71.44585709483007,23.740910310865722,0
Nagaland,Post-Monsoon,6.8972456648311935,2.7928539126041896,27.234148377811273,585.5917729915905,146.57768162381865,33.31824226789308,0
Sikkim,Winter,6.8278955678804145,2.84702983436333,20.446198055002196,369.8921329576407,139.37480234590484,32.113923855940044,0
Tripura,Winter,7.9190680038938055,1.449405664218848,4.416422275507337,463.1220143836172,123.401039599394,33.004401267693915,0
Assam,Pre-Monsoon,7.761274737999736,2.214725643425262,21.710338698367792,179.32188984277346,39.47972619082795,20.832892913263816,0
Arunachal Pradesh,Winter,7.991806470290497,0.8868516864878907,8.620408685264008,320.98352433850476,26.745541982516198,26.259354445787924,0
Nagaland,Winter,6.206197766959567,1.7025320962944548,26.246070773062147,690.2466284157508,76.29806392817176,21.609665706358413,0
Manipur,Pre-Monsoon,7.728965933113197,3.812454390225418,2.146623474308612,759.5688632355354,98.20070566015055,31.69177404771593,0
Mizoram,Pre-Monsoon,7.17163157433721,2.075591780797025,30.393688142180768,461.6821023955766,101.43467273137499,21.782345879414613,0
Meghalaya,Post-Monsoon,6.906995730564704,0.7135045068867633,7.4786057093567395,259.25474714715415,127.21337672267612,26.7528770914128,0
Assam,Post-Monsoon,7.298206182728331,1.897413030468421,28.91960955354526,342.5125790287082,120.87115808229377,20.830896531473762,0
Tripura,Monsoon,6.273488917925898,11.072485273420154,15.838060706317203,1640.0935686804037,316.7866919674384,32.17126557121168,1
Tripura,Winter,7.9826972778792324,1.8195243646889703,24.19752979567562,89.5934835125556,141.04969696369218,32.57332832054247,0
Sikkim,Post-Monsoon,8.360057114567335,2.469294222401297,24.779801260893446,32.49168104275388,65.97364010078871,25.664377172165405,0
Meghalaya,Pre-Monsoon,8.029648187555534,1.6684019108356622,25.985846734591707,211.04378914962479,108.27934363765442,23.53206206100624,0
Arunachal Pradesh,Post-Monsoon,7.4095444120076825,1.3877761648661369,4.072545676278855,743.2546080548516,27.570926765094764,22.76085726859649,0
Nagaland,Post-Monsoon,7.698936366120714,2.468606708624762,44.09577980514669,586.8512481884061,44.60930011150539,32.965554021096175,0
Mizoram,Post-Monsoon,7.08234701627801,2.8831786513783664,30.727335499570774,485.39842381750674,104.86430100011216,28.11123489288451,0
Mizoram,Monsoon,7.54094175027155,11.691503521001792,31.929327358389592,1033.4241853567823,620.0191959968195,21.121541308269386,1
Arunachal Pradesh,Pre-Monsoon,7.690470100220578,1.8172056595558188,47.604201084525926,682.9316347181494,134.30349310070977,20.777545897582712,0
Sikkim,Pre-Monsoon,6.636032605531232,3.18404707137621,40.15359269770518,244.52566111590428,85.94334773090497,21.89842752416189,0
Sikkim,Winter,8.11121819723106,1.5477291322260847,19.813364759618878,427.29827015680854,30.305463249430474,30.800568240962004,0
Arunachal Pradesh,Winter,6.314118344961742,2.7569118060110807,6.83653156692996,754.6926445230932,101.36236125294177,29.304385845940672,0
Meghalaya,Winter,8.119817862917335,3.1388033164101548,40.272366441501525,144.55568547182457,21.33509240309227,33.64693881375476,0
Manipur,Pre-Monsoon,7.838233662791744,1.2109157978455858,16.597460876756177,146.60134180528686,121.66349506546207,34.86510210845228,0
Arunachal Pradesh,Post-Monsoon,7.264944494947311,3.542351697418214,40.112254620377115,220.74951536038458,149.78043050177217,26.980956679299922,0
Manipur,Post-Monsoon,7.875489605779125,0.8571782746632441,8.651909595275804,788.8783839781535,97.51308195860797,26.951646172774684,0
Tripura,Winter,7.696550773278718,3.6028430291476963,31.675605565844606,173.2096473251069,57.48733701983923,29.218491221330694,0
Meghalaya,Post-Monsoon,7.089350213018163,1.1532308122886372,20.511420074481812,693.6982452883638,50.47805026300628,19.634316578644878,0
Assam,Monsoon,6.536792908612931,5.894613862961515,31.13807565928309,670.2231479394782,354.166074015052,16.297568456913332,0
Manipur,Monsoon,6.548342086488837,11.429459052831882,27.137346522778405,3747.2366956604023,581.3202580568303,33.88439028056126,1
Sikkim,Post-Monsoon,7.542765909150738,1.1491604520791077,22.825136122627743,356.50026775411857,52.59408666734275,29.89371290191385,0
Mizoram,Monsoon,7.533375832126851,11.646488183014297,3.7596469840106614,2926.6800199455624,511.2623477259649,34.641827343820324,1
Manipur,Pre-Monsoon,7.85742834134304,1.4836286885687842,43.82870067561327,541.5813394391171,118.38947899655892,24.97493917497926,0
Mizoram,Post-Monsoon,8.469000611648909,1.1498000217198487,24.861157700042675,678.2949586604747,141.2984497739844,34.227778781681806,0
Tripura,Post-Monsoon,6.681755679445613,1.0780511164593438,13.014382308411005,657.2965055928425,81.26299739907999,28.57628412093438,0
Arunachal Pradesh,Post-Monsoon,6.655394982583527,1.4261031014199785,8.85762060815432,73.73114385707254,34.54749375002763,29.127701493483002,0
Nagaland,Post-Monsoon,7.7651515649786695,1.1451333490192648,30.000208644662024,756.8970293591578,36.85189008667856,24.26963211378615,0
Mizoram,Winter,6.079556397227997,1.3746171332262003,27.46875070389954,136.26524791616188,136.394903287177,32.70891760942355,0
Tripura,Post-Monsoon,8.274999901840184,3.323501359845521,4.152176061918572,230.391752194914,47.63020745138793,33.39685049047384,0
Sikkim,Pre-Monsoon,7.1729180403948245,1.4131634452427768,3.746290438378624,428.00904321695583,117.79303687092606,23.4150237030022,0
Sikkim,Pre-Monsoon,7.510683050831507,3.7812185157149694,28.891314880879413,412.0793781918762,48.88485307080096,22.931650507046484,0
Arunachal Pradesh,Winter,8.368441362855238,2.584254581850155,45.711842065502196,509.9393728645497,65.51266175201238,18.47441275464086,0
Manipur,Winter,6.201965790826944,0.5223452795273325,4.589327330523685,69.35596012365608,55.352162721574174,15.629896762037088,0
Nagaland,Winter,7.975906264382265,2.2482554771103587,8.867087148645215,744.8971137561837,49.66875468634289,22.45989368509598,0
Meghalaya,Monsoon,6.3014481877541195,5.648493913299068,5.539427778016714,3698.285685602101,429.2743766334055,26.00729171642708,1
Nagaland,Pre-Monsoon,8.156204513356423,2.5520516133575315,32.822071404399075,344.9190688863064,14.12244958412967,24.517486721257608,0
Manipur,Pre-Monsoon,7.949541789060639,0.923623243026225,25.741336479595354,14.471550136278553,81.45564266072688,20.93356005032252,0
Manipur,Monsoon,8.190691027871605,12.326417015330993,22.538622501429522,4350.041330805978,333.9260020925786,28.682637984190613,1
Sikkim,Pre-Monsoon,7.973310396249208,2.0999512803170175,9.093124852766172,206.12066891826802,55.11370164589527,21.98526952600354,0
Sikkim,Post-Monsoon,6.120598085442851,1.986313608768934,45.790222440225136,512.8608144758234,113.41117570572624,25.820708418407918,0
Arunachal Pradesh,Monsoon,7.816290388180646,14.192744546969111,2.7101830138121343,3241.557124812523,559.6003933613633,17.129597150983088,1
Arunachal Pradesh,Post-Monsoon,7.76063639680747,2.8909452144035024,9.551266795063157,97.58897774249056,59.51296816161343,32.01160721210369,0
Arunachal Pradesh,Monsoon,8.039536049067397,6.140652458135294,21.450994382167472,4579.7663607668155,582.8204840251769,32.77166671494628,1
Meghalaya,Monsoon,7.510277267318965,9.947612209431039,12.005352878261222,2136.914360463169,661.0528522612826,32.78441213155088,1
Meghalaya,Winter,7.065925575223483,2.661593369462231,5.3897033695513965,112.7963095454683,12.133999506869756,34.333497126808716,0
Mizoram,Winter,7.337824317178652,0.9581427122117732,28.624279832528355,728.7998371809518,15.661675564716829,20.562999077561734,0
Assam,Monsoon,6.505689988617565,7.720034855183032,15.857510803820125,3524.235575817206,524.0301099261325,18.010972747082437,1
Meghalaya,Post-Monsoon,7.61772685793467,1.2654566815499058,1.5873923751342944,748.7256109446319,17.47710348838435,34.736270436637945,0
Meghalaya,Pre-Monsoon,8.476120883700007,1.1819547192681639,40.46082491710013,658.3176447450164,26.527600079723356,19.95385499976023,0
Tripura,Pre-Monsoon,6.390925357135403,2.72516151566542,46.866748195180534,675.5780284148731,136.8875157579624,28.742446835479978,0
Manipur,Pre-Monsoon,7.684617935392435,1.043325428707289,9.35292857504441,281.7890267467847,59.08680190410283,30.28619650222499,0
Arunachal Pradesh,Post-Monsoon,6.715314358668088,2.1557030781844473,40.68748053903966,418.5887654023278,74.87119059719957,17.612697605772727,0
Meghalaya,Pre-Monsoon,6.130482319495685,2.986071177456016,22.32319811879852,495.8405251255027,118.20736515774344,16.556035714547463,0
Mizoram,Pre-Monsoon,6.793992449796291,3.0060101678416657,39.1137138552356,207.14300809098737,33.54102115972427,17.83776665654984,0
Manipur,Monsoon,7.138485104112348,14.625338643186335,4.51311139344473,1557.8336626919393,333.7017811040098,15.451618198423462,1
Arunachal Pradesh,Winter,6.453240877771273,3.8125552517419505,8.420256594971054,432.70819508035675,76.25844188717807,18.249747618871762,0
Meghalaya,Pre-Monsoon,6.906068493718788,1.581012019200821,11.5509621513316,532.98651044131,72.77045330097502,29.47606396365488,0
Nagaland,Post-Monsoon,8.053003797309927,3.1445025921872016,29.571481094233874,317.82547553762925,16.20186488140332,19.308832512572582,0
Assam,Winter,6.69156304322776,3.591669334413736,7.099215506046153,629.8961268585015,95.88118065949465,20.50801603186631,0
Nagaland,Monsoon,6.743473579567637,8.241997043805023,15.284746412129369,1811.5166177248784,556.6172468782454,23.806826933195218,1
Mizoram,Winter,7.318193974627077,1.360172651328448,8.781057256110664,679.8239986965153,16.571966983996692,18.9362315822719,0
Meghalaya,Post-Monsoon,7.085154247230269,0.8431680238929609,23.583207231271828,261.41044403965304,49.592462605037994,18.646610913799112,0
Sikkim,Monsoon,7.496852913439431,6.901213635598716,5.226419898686435,3604.8683424536234,723.1652497595267,32.52848005959545,1
Mizoram,Monsoon,6.325855799521865,12.66390489762408,17.641853104993928,2898.206473890615,747.6755448129156,22.8980301908347,1
Sikkim,Monsoon,6.7503850007566735,13.351301206333211,47.65544883354761,4007.6118112474264,664.2469562114588,31.653886918582895,1
Nagaland,Post-Monsoon,7.5636287034491305,0.7642451622906566,33.76705173822577,613.2179052069067,132.05319910194783,26.96472268782602,0
Arunachal Pradesh,Winter,6.469496096783541,0.8403330719002564,32.43979422762228,793.998409943013,103.19796282672596,19.45315629747146,0
Nagaland,Pre-Monsoon,7.405362460005618,2.2613741358881434,38.41474691530962,318.7936970546131,47.32166622299389,17.948416394592325,0
Manipur,Winter,6.405893094227752,3.1923203443134565,15.948642200472735,602.6254688725585,136.55567348094243,21.248532308041135,0
Nagaland,Post-Monsoon,7.2005350157471995,1.0211276594439769,47.195998812396695,95.59798108598963,50.3048282001993,24.550940810092534,0
Mizoram,Post-Monsoon,6.738194852817825,2.1892311586447013,36.47510221066324,290.3515592330347,149.14384181455955,24.077441022916716,0
Sikkim,Post-Monsoon,6.31687178667931,1.655633477304416,10.844797254401072,542.7332265304465,63.48804733727057,22.302873195936574,0
Nagaland,Winter,8.247506965636141,3.668458344212824,16.29158281758202,575.9851468895962,113.71957491016663,17.608834860890568,0
Sikkim,Winter,7.260413739770756,1.2458254075249937,26.059841166312598,340.1413900586938,65.667357647068,34.408206534166084,0
Sikkim,Monsoon,7.332306571093687,9.077292386545622,26.2200643311989,980.3794032286437,654.6270807606686,31.429459906648717,1
Arunachal Pradesh,Winter,7.232148507028112,3.330774125315802,43.162392531770685,244.40316526407506,137.311466046867,34.99054382261302,0
Arunachal Pradesh,Monsoon,6.2178905608662385,12.09465950377762,0.2990369551462646,4160.283685621417,508.0611655674832,21.07453821729382,1
Sikkim,Pre-Monsoon,8.112115493936205,3.011214093704676,20.758263941846977,452.2673333306321,28.366468221011708,21.76785821788294,0
Manipur,Winter,7.70285071148945,3.872094164220806,19.94885955989616,338.437983071492,17.434536821840545,25.518458699506866,0
Meghalaya,Pre-Monsoon,6.897418625282237,1.9175889090028717,44.278379772890446,262.3983020407368,21.71916404066949,32.0562615186711,0
Meghalaya,Winter,7.651114291241989,3.8387607510948687,4.567331165637417,99.79572030554948,136.6207715508202,29.25539205446301,0
Meghalaya,Post-Monsoon,6.3244367472274705,3.6969628799963146,15.329377560908242,751.3178099552789,25.667564948942314,31.650233046036572,0
Meghalaya,Post-Monsoon,7.957968499888228,3.497852167075621,40.564898233130705,101.626923987572,132.11601376861756,26.028193375898773,0
Tripura,Winter,8.243049723522146,2.7326018038800455,20.490864499378585,254.26228726049536,73.47615929506271,32.56826463811152,0
Sikkim,Monsoon,7.461496813341724,7.00829631875531,17.558157053199825,4786.191453552696,682.6437114581742,16.556248593557477,1
Manipur,Pre-Monsoon,7.142048265727677,1.8136818999848074,28.564753421769485,156.54178499046174,77.63167638015933,34.45214357322902,0
Sikkim,Post-Monsoon,7.6766566723231,3.973023477176179,22.0193105292467,785.5924162816883,51.136540085219565,29.46295318727846,0
Mizoram,Monsoon,7.508412851194945,13.947122002415057,9.00201043177044,4193.971128407806,627.861853249269,29.88059177724253,1
Assam,Pre-Monsoon,6.323903126299887,3.521358259909645,25.78665645217192,55.87752487148604,73.06516835315873,25.20154383139708,0
Sikkim,Winter,7.5791196129173315,1.3770036658301035,1.5148940588259108,169.64378037405922,25.08831861758391,16.973505291207665,0
Arunachal Pradesh,Pre-Monsoon,7.670421069632866,3.180988934552861,14.777749787747773,540.6810349490315,20.58328864476652,27.890807893075262,0
Assam,Pre-Monsoon,6.340820103672045,0.9529362689409894,23.009310848783354,746.1612791290281,101.60358447771227,26.625225228855136,0
Mizoram,Monsoon,7.1223477836511,8.004146269282355,0.46692086416161294,670.8772992578774,743.4937138048567,28.07723231227516,1
Tripura,Pre-Monsoon,6.050387775123228,1.775193540348238,8.16215195375497,334.0234474971465,86.75660685318344,21.462676076342532,0
Arunachal Pradesh,Pre-Monsoon,6.852733630648081,2.379099524302905,39.29398162375755,641.1370668760084,90.58382735281882,15.124780563228605,0
Manipur,Monsoon,8.164140231727522,5.105323463509968,46.971132726558665,3779.3855146889055,735.22439490955,32.94921808007878,1
Arunachal Pradesh,Monsoon,7.878129578153171,10.7431691966177,48.734786911214776,4296.965889506219,399.9819189056982,21.95737770489553,1
Tripura,Pre-Monsoon,6.850797999384925,1.545755681298022,42.923771227008345,788.6374785184988,58.85728049327858,23.665762493509263,0
Arunachal Pradesh,Winter,7.282119777537471,0.7196383624962047,21.376901545082465,701.4390706348793,99.25062519686324,26.70757266270339,0
Tripura,Post-Monsoon,8.015768776526768,1.4637612224347636,40.661453473526684,207.64553994763116,118.22179612305011,24.853840957170505,0
Tripura,Pre-Monsoon,6.583221408567937,2.3965827784783316,13.080063065170282,631.5471978048479,56.15925855001885,21.470459044726603,0
Assam,Winter,7.205633466773635,3.880307946248863,49.82690704547794,578.2095069999515,121.95127239479541,33.36354745237871,0
Mizoram,Pre-Monsoon,6.555589424267099,1.6531489637072994,48.164258206514546,688.6113825002815,128.32208723212005,17.873611213018734,0
Tripura,Monsoon,8.070207546453549,7.147400466497874,17.595822363075825,3721.2381357250765,646.3968677493668,26.0341999511889,1
Sikkim,Post-Monsoon,7.408933435912772,1.0217636825953824,24.07902828792292,336.3332005075918,111.10931798899216,23.14248936741951,0
Arunachal Pradesh,Winter,6.736196446171933,3.451789180270401,41.878742014241936,468.89574740279403,41.258788867503384,19.58984481383846,0
Meghalaya,Post-Monsoon,7.176293820627524,1.8860526238174313,15.679453330728188,640.0364390656556,110.1119054543757,22.665412553760902,0
Tripura,Monsoon,6.693738782471923,14.093072982081107,35.44231977355041,651.5792778056675,351.5236592255436,30.69124365586864,0
Nagaland,Post-Monsoon,7.095926650914518,3.8322441364516995,3.124206403195612,391.9521638871981,35.944772682075794,19.256363731229968,0
Arunachal Pradesh,Winter,6.506778135861018,3.858347970414643,18.055896069308375,271.2681448833648,95.53171460500383,23.565863328478198,0
Mizoram,Post-Monsoon,7.562028990114861,2.7633916227161803,43.78157851126559,485.92778357476186,92.83260024486803,33.16300243835168,0
Tripura,Pre-Monsoon,7.128946759657653,0.8332023986144077,18.75356170853658,236.40126667826877,38.23288179820388,34.29398951148111,0
Manipur,Winter,7.547399997145432,3.2773179311391214,1.3631038013345975,681.6726802147339,57.60849471044185,29.354380603892196,0
Assam,Pre-Monsoon,8.058147248981907,3.5976071103816363,32.939980812516175,317.9726893171657,131.6854967837168,20.436464544419287,0
Nagaland,Pre-Monsoon,7.223985594583969,2.3504795273404784,44.32016108711317,272.4160408211718,42.594951774764084,33.286978219943535,0
Meghalaya,Winter,7.992317241564452,0.6940758785487797,39.77952879517883,29.789134863093338,44.83027449409888,32.607616735354256,0
Meghalaya,Post-Monsoon,6.573769707312307,2.8841819308877303,17.828927379099092,741.9215753698069,87.30111536584197,34.38601103885887,0
Meghalaya,Monsoon,6.727641535132127,13.123816743367646,19.154652938968415,1817.2912679662782,552.0390666950248,25.1404968270431,1
Sikkim,Winter,7.3437785670810385,3.7219135157444376,33.05530648523549,64.9172109271433,10.257794548108315,16.676383218066178,0
Nagaland,Monsoon,6.009807065599087,8.625471746102797,13.786260323986005,4033.3035451478277,571.2553840101734,15.625896326272278,1
Nagaland,Winter,7.526659866138367,3.3289359529911007,43.14761103624769,348.3547980114759,135.24689440092178,16.02167615617069,0
Tripura,Post-Monsoon,6.180317691214131,0.5332108224154146,17.64746930346228,711.3795783841978,106.87630076723065,31.870771965936548,0
Nagaland,Pre-Monsoon,6.085648198049106,3.7485107499529864,30.31686605897556,129.83334466711125,53.16734224519524,19.183611091228244,0
Mizoram,Post-Monsoon,6.296979893128066,1.7882440495906247,22.675614157487743,438.8283359719315,59.96265528351528,18.660578769699583,0
Sikkim,Post-Monsoon,7.102571894656702,1.6599446120169412,46.71037535931105,59.44716183077583,117.53309952598617,32.33888431628441,0
Mizoram,Post-Monsoon,6.659617478567878,2.5480890810608763,7.811441996356044,463.06228343293986,146.88082372532864,31.4735339109454,0
Tripura,Pre-Monsoon,7.239338083456005,3.8365510683853143,29.168145278860962,307.60132624014875,51.71687321093131,22.74981470887515,0
Sikkim,Monsoon,7.900471549407704,13.686697221274438,1.4993610061767193,3466.4924530296103,741.491192819438,33.15631624121799,1
Tripura,Monsoon,6.459986458509159,7.678352849375365,17.372947250672315,736.2560326957439,364.9496898203011,29.1573755412713,0
Meghalaya,Post-Monsoon,7.099390850630294,1.0125757997966263,12.481904901424418,268.0514106970225,13.730663866638968,24.294740673422915,0
Tripura,Monsoon,8.430253797012814,11.650914322100721,41.125318646620826,931.9975690242836,753.5301282336163,32.78689955978109,1
Tripura,Post-Monsoon,6.007462806236392,1.5403396775947975,42.32509996240444,326.5653077913984,59.33905518696325,18.131453764794593,0
Tripura,Pre-Monsoon,7.5977181246583925,1.2023835738628925,5.09295057011816,24.31299209293383,115.35702492821567,24.454616784106037,0
Sikkim,Winter,8.03115806652044,1.605142444793673,44.772167817508,56.729797607159874,110.92950201377542,16.276170635642163,0
Sikkim,Pre-Monsoon,6.962326913979187,1.1594682861697343,9.439786078274809,238.03659976820651,98.21462237875596,19.580768035311728,0
Assam,Post-Monsoon,6.2601414374846165,1.2143820581769849,35.34670310948905,227.93772064789715,20.53188670251997,20.577454197758534,0
Assam,Monsoon,6.598170224361429,8.991650677765573,33.573307335423756,2464.195301814226,546.8493336836536,26.165608328748046,1
Mizoram,Post-Monsoon,7.287003355015432,3.5535876579209633,19.08018384069743,64.71359751800297,117.69484043955799,27.111639410306477,0
Sikkim,Post-Monsoon,7.969768788986914,3.5618799023892276,22.493230032155314,77.84092236783371,71.60944437705388,28.104509267848986,0
Mizoram,Post-Monsoon,8.091025468795445,3.936524097708113,13.506571852082955,430.5128182198722,65.61532861312307,24.742912748585198,0
Tripura,Winter,7.417475767213728,0.9355878121079304,41.81926565356579,193.7216564512411,72.69663794072017,26.425014589648562,0
Meghalaya,Winter,6.711869533266446,1.6529025148284313,12.987071557596547,668.9198779612226,119.73348983577003,24.757619410081467,0
Arunachal Pradesh,Monsoon,7.5228540640264505,8.488373989511562,19.44090264069589,3434.3152551628505,767.802192248271,19.432667200158797,1
Nagaland,Pre-Monsoon,7.8614329611474805,3.9207529697194055,20.900558381984546,24.136285287362224,99.5736994037138,18.265612000513975,0
Assam,Pre-Monsoon,7.555931478201649,3.7499512673450957,8.96145860460617,483.002095647001,126.43435760086167,22.062204764707808,0
Meghalaya,Pre-Monsoon,7.3211739695027305,2.327927250944399,36.36308011416703,44.898223629869356,120.10489168012916,31.690682523835417,0
Assam,Post-Monsoon,8.276276548841784,1.8909608044234085,1.6533912678147855,757.6146676167834,132.66312688800517,26.8802680977498,0
Manipur,Post-Monsoon,6.285155112079946,2.616782272077216,23.911540748755694,282.98595634883674,66.68286232771494,31.739569046419305,0
Arunachal Pradesh,Winter,6.3802998770357,0.6411828773721355,21.55739353161259,51.74482885490826,60.82863069350523,31.195387397383953,0
Manipur,Monsoon,7.227451523608391,6.449901723405651,5.689499060408826,4894.820224259752,720.3919848512996,24.353619930289533,1
Assam,Monsoon,7.802177319994449,12.009985361451438,28.78658058397931,3490.016322645345,517.6888559484255,30.37047470892624,1
Assam,Winter,6.600081938031868,0.8986854856518589,27.76327473104738,212.89758754768042,47.07231864209553,26.046633286388783,0
Tripura,Winter,6.678477213656764,3.6980953988457133,24.940086972751978,664.7245318251765,20.634137978138618,30.783398591009888,0
Mizoram,Pre-Monsoon,6.93887345840434,1.9666714117013837,16.064461023269423,115.98330863185267,11.689131039291885,25.073168493172105,0
Meghalaya,Pre-Monsoon,6.2032151282054375,1.0462312418378183,43.815429488554244,797.8778153494836,51.52736487777133,21.77711540887951,0
Manipur,Winter,6.893326126142804,1.4398167100889587,24.193332087738828,221.86947219903954,129.3989213220475,19.666066225900945,0
Tripura,Monsoon,6.604537459962671,14.341032411459135,12.012511240845736,1342.2212798798355,390.449130060917,20.18271207040717,1
Meghalaya,Monsoon,7.887899596062061,8.61119352994551,35.149330450159056,3075.7608095013447,701.5153975147177,27.36832921197167,1
Mizoram,Pre-Monsoon,7.9055231875411796,3.320127426315032,42.74516593546887,329.2322779315884,89.00121106951481,17.95655110793412,0
Assam,Pre-Monsoon,7.7816023719034595,1.608356736845066,35.056522676557414,250.82372123492377,93.54160351727705,31.186316335765344,0
Manipur,Winter,8.241018972596281,2.0679280893708034,11.92548133663059,295.84293497096564,90.06069394181505,26.232405082061618,0
Arunachal Pradesh,Pre-Monsoon,7.509406001826868,1.0878058003951934,1.3832904967012172,416.87723419124126,149.1878799117736,30.989953109395692,0
Mizoram,Pre-Monsoon,7.261462730328715,2.236930737030862,8.346526589910248,73.69212469108604,123.93472895782536,22.866900747050178,0
Manipur,Pre-Monsoon,7.980532717798115,2.814958920408521,3.8692032968395185,312.0871125195046,128.78585070937066,17.584172961016613,0
Sikkim,Pre-Monsoon,6.372031128812364,1.1616792379350849,22.378306856126517,164.23100612595837,109.88141475872723,30.296661691729295,0
Manipur,Monsoon,7.866150809236172,10.211905950620157,47.38407921893231,2712.0306068316904,772.7540883068148,30.60063927443418,1
Manipur,Monsoon,8.001156298056664,6.715394754506946,42.16659298473904,3254.800954040115,736.130776032333,18.035570485865854,1
Assam,Pre-Monsoon,7.9948103386509395,3.7966286870895978,22.653679966264257,83.6602747094031,42.474889838025106,16.465479403431186,0
Arunachal Pradesh,Winter,6.880156762302973,2.4771498632271,24.104862584361186,792.6478201434455,23.289298031381627,17.60630156615399,0
Meghalaya,Post-Monsoon,6.549280473282783,0.7176234706806003,8.1136152529869,680.8500470569069,123.87345763630985,33.42534523963536,0
Mizoram,Pre-Monsoon,6.733340342722086,1.7891103009968892,18.83815379138587,503.7467287269902,148.12274186054609,34.72825373388265,0
Manipur,Monsoon,7.439428176859945,9.035568830426774,44.7714376310498,4898.799637987659,680.3263233731249,27.994940636647023,1
Tripura,Winter,7.345287709470043,1.2599209225299084,38.12488329991229,633.1141870419195,37.48960966982453,18.72720145398858,0
Nagaland,Winter,7.665168631044779,2.2284126091718206,36.020691388951995,688.8964315629289,89.88256626473877,15.953620593389159,0
Sikkim,Pre-Monsoon,6.832641274997322,1.9191583844930569,42.46585361468822,410.0945103252576,17.779705357659846,32.79964754586246,0
Arunachal Pradesh,Post-Monsoon,7.3750017848862255,3.7283025363951907,12.55733013872971,263.13190420758906,87.6894864771462,24.873015585041564,0
Meghalaya,Pre-Monsoon,7.939792740712836,1.0706445270255642,40.755159186170516,383.5077660516992,144.4411937279251,24.573365370773423,0
Meghalaya,Pre-Monsoon,6.731267795561909,3.1844469117096725,18.34166610410116,775.2555593756637,123.80136151001123,22.50076455272833,0
Sikkim,Monsoon,7.747363332858146,5.280156966149564,21.802243202381195,3433.1183646944105,388.1167069072542,20.305267701652348,1
Arunachal Pradesh,Post-Monsoon,8.218084028711267,2.9669811733736413,45.22062209437441,470.75516934918005,118.32585710485255,23.167461360313535,0
Meghalaya,Monsoon,7.324124182103664,12.367339098609541,19.704838017652946,2098.53195532868,786.1969980820054,31.709749719872192,1
Assam,Monsoon,6.566886061518458,13.255095068637514,19.561885074910677,1591.645103803393,345.26929275452056,25.02711543983498,1
Sikkim,Winter,6.706404074280472,3.059827236272063,34.94535312297111,279.9840786478509,15.738921074748934,24.490705907822793,0
Arunachal Pradesh,Winter,8.0626478114224,3.0292776133554926,47.708319306701924,208.57424132273732,29.55443636750566,24.09754646395208,0
Mizoram,Post-Monsoon,6.0046812331103645,1.1789130719988534,27.197246916455313,100.82145454207722,20.88079077399215,29.47847207925026,0
Assam,Winter,8.454007819809092,3.964950769192791,34.01426609131773,236.50854892638662,43.54816751924279,17.69198667687941,0
Meghalaya,Monsoon,7.217806515497866,6.833573096060982,22.316488157413744,1264.3180665229088,616.260872432771,26.238805424151355,1
Tripura,Pre-Monsoon,6.4758441791765184,0.6539672361184672,47.578184566282545,304.3285375768967,136.3732348056501,29.11865912744631,0
Arunachal Pradesh,Monsoon,6.23369888692261,8.162411102193463,48.858396278369256,3929.4054698727346,614.0718701184526,17.680058679230434,1
Sikkim,Pre-Monsoon,7.202764676832725,2.41379187141301,10.944179730134096,440.6533283800319,44.283835716254636,23.75209536170923,0
Tripura,Winter,6.411640808719317,2.6567518860594204,27.502436109666974,205.53103737708085,125.59153579580108,19.426961450203727,0
Meghalaya,Pre-Monsoon,7.029656484398879,0.6874379903483152,13.01915852208515,768.3026171992334,56.318197187117846,22.765025458721773,0
Assam,Pre-Monsoon,7.9292556301943335,3.5841787483804493,32.670276838601545,556.9186452331587,93.81942379823627,23.40724642521966,0
Manipur,Winter,7.294854912646743,1.6681404070593482,26.456908546730624,744.1577108051887,52.36135561377457,30.561515187940287,0
Mizoram,Winter,8.26152835055083,2.4179094776972185,16.053533572143735,245.95300825482133,20.44783646512102,23.458848085071654,0
Manipur,Monsoon,6.451905043447113,9.888840275918893,15.897927462754646,1244.9888312232256,738.2557964102166,25.051999267858385,1
Manipur,Post-Monsoon,7.816395211479745,3.981700173706561,42.25828003687933,716.808228433144,67.50285282433384,28.54736898464317,0
Arunachal Pradesh,Pre-Monsoon,6.497074965860897,2.1881567497361147,27.623398383291704,411.9152159411713,114.5554217162639,32.07228058976044,0
Arunachal Pradesh,Winter,8.24932262322243,2.283503015975097,21.082522002992356,127.80409946108834,105.18001601359295,25.995634163529967,0
Meghalaya,Winter,8.011161009123986,2.549021617241862,26.39366536608938,616.4234948070801,131.0714044671218,28.23517179081408,0
Tripura,Post-Monsoon,7.950406230822571,1.0849441175000694,13.345086561537656,375.74688343958235,94.30697167028337,21.225293394438772,0
Manipur,Post-Monsoon,7.267633039764236,0.8620831413272689,14.8039051311741,771.1069780406835,116.06585931015677,18.09677013235189,0
Mizoram,Post-Monsoon,7.053219209671463,1.8341123778697166,26.878315911132816,752.2395431362261,39.483671015920116,20.97131224688429,0
Meghalaya,Post-Monsoon,6.018727962295115,0.7630171661372085,25.47466655025042,208.86299274337821,93.42459401203284,30.09256580975841,0
Arunachal Pradesh,Post-Monsoon,6.463445393178054,3.233004614208963,40.36100818557236,131.47378310949466,88.99778045654438,21.46385447885853,0
Mizoram,Pre-Monsoon,8.463472254308474,2.3883382673056683,7.7338047559213585,76.70631059421704,96.11298623205631,17.903042629005633,0
Sikkim,Post-Monsoon,8.455102059194758,1.4213077718747096,31.785941888910056,90.51344896711117,122.90489118873877,30.377738293239076,0
Meghalaya,Pre-Monsoon,7.477565106321884,3.5123523799176914,24.985788481884157,356.7361874245488,28.005906161978203,17.814576433020115,0
Meghalaya,Post-Monsoon,6.2927172504368025,0.7352747410606024,24.095025591337233,169.31988236586255,55.450536892872464,18.109850529951288,0
Mizoram,Post-Monsoon,7.355681002382947,1.9000543120180327,19.702852276282357,339.9277254429051,96.06092077245026,20.284610685380997,0
Tripura,Post-Monsoon,6.453417454557587,3.727163899791528,24.83306006486852,471.1398895997009,118.719280653983,22.9771564729514,0
Arunachal Pradesh,Winter,7.4896557880995855,0.569327760636457,11.973985944532012,453.3591575808254,84.1554916570468,33.60289665392651,0
Mizoram,Pre-Monsoon,8.01396111630368,3.408502525337391,25.27852475292868,401.512644600125,137.58502926964053,15.053411575103826,0
Assam,Monsoon,7.352482505868149,12.4961237825732,13.009177107026954,4109.085589156099,497.1907110839346,25.042538854322473,1
Mizoram,Winter,7.448672234430904,0.977485864647806,25.877447058690016,435.2103708786095,44.126606074513354,33.559716725637585,0
Nagaland,Pre-Monsoon,7.15421165810902,1.3735175129643082,28.63504203644867,775.2286803235871,114.84923310004542,22.833445337249874,0
Mizoram,Monsoon,6.811259811262181,7.552517803963347,42.5274296745494,3583.798053897192,488.43018112369646,22.674326229498785,1
Meghalaya,Winter,6.278485756505347,2.6692973633670833,19.978588786541124,580.0455855150136,136.93221040354427,23.219958652320084,0
Manipur,Winter,7.530977264547823,0.8749108859280448,12.348877649031053,660.0569233429079,114.3884075911185,17.422855518704885,0
Meghalaya,Post-Monsoon,7.135325120402184,1.1867288741714082,23.699668362847508,267.203538112647,70.9705398516418,21.196810041645612,0
Tripura,Pre-Monsoon,8.442263952735363,2.763725191859358,21.619272624810783,777.6226065249808,147.25245320641085,19.32732446149903,0
Manipur,Post-Monsoon,7.829725024032774,3.6791042949736923,29.3373081302297,182.0325621128172,63.22622714056257,21.19030900080307,0
Arunachal Pradesh,Pre-Monsoon,7.544666321026225,3.129915798716105,36.71905002923695,404.6395941761947,139.63732509387356,20.465333556244865,0
Manipur,Winter,6.206822118185599,2.204351372134101,32.039007777091086,775.8437319495735,53.16135212864247,28.524046910062644,0
Arunachal Pradesh,Pre-Monsoon,8.108998366240618,3.514084871916626,16.210117891895898,326.9277785578835,49.08633606992963,23.50805668104755,0
Manipur,Pre-Monsoon,6.731257102308913,3.185262141322811,22.341669757882965,785.7764301841408,81.77052815229582,25.66039915826446,0
Tripura,Winter,6.4735825739286215,2.9909667179318973,30.684284570997843,739.2685595535235,143.48457588288855,22.16248840036524,0
Mizoram,Monsoon,6.193469614730846,6.773162779855016,33.36082636520031,752.909349899251,575.352983622254,17.60641516228761,1
Meghalaya,Monsoon,6.216866964514492,6.259150620254122,29.440446083583577,604.6941554642476,648.1407863893926,23.71713220942701,1
Mizoram,Pre-Monsoon,6.620285285168853,2.56656326714922,6.498566035146264,337.7237060682603,76.76854465420786,27.54942674344977,0
Nagaland,Post-Monsoon,8.355214394361177,2.3918805515338084,10.54339524550964,45.52787489256363,145.78661108828967,17.347138222116374,0
Assam,Monsoon,7.631744714565946,8.457127629261386,20.80006369632193,4148.844368709131,314.49836775218955,25.172571301478516,1
Tripura,Post-Monsoon,7.614769813911161,1.9659258366621786,19.943512999207762,735.3901191954121,98.21561588758262,22.973145859768742,0
Meghalaya,Winter,7.476493139479558,2.5098248893056216,36.72437155360905,356.4196393077957,106.13677775090909,26.66762683025789,0
Assam,Monsoon,8.18812617061618,5.0220735767224784,10.5832682731888,2711.0385339918707,756.8406309461575,21.76849713191381,1
Mizoram,Winter,6.101227323009159,3.1587258527021036,9.31522285847189,779.2096317648061,53.81726450269955,15.06745230347158,0
Meghalaya,Pre-Monsoon,7.595709966395107,1.6503020988054522,23.901172659713183,67.16600372035647,32.7707131868421,30.31324323091026,0
Tripura,Post-Monsoon,7.145612353590819,1.841865156515372,18.072953046052536,713.7166789226841,33.22048751130275,19.801748663407796,0
Nagaland,Winter,7.056688140976927,3.1013434086702936,2.0150138528274186,500.4384673001287,33.88553078020768,33.625643455793636,0
Nagaland,Post-Monsoon,7.179552945146144,2.3574492249175627,30.46212561572268,631.9007518395482,141.75674413012138,18.638450933545297,0
Nagaland,Post-Monsoon,7.825029997770741,3.7991909150275083,11.524091858286228,101.51833785546057,41.59412682970398,20.940115549913205,0
Tripura,Pre-Monsoon,7.120980018566061,3.4362132751659606,23.76770747040087,107.92784699989272,106.21694443432283,20.3465465185861,0
Meghalaya,Pre-Monsoon,6.646786083699068,3.694937978660703,6.2767139094628055,519.0848167977745,124.49509589952598,33.71816652455888,0
Assam,Post-Monsoon,7.541530414063465,3.4716253752190567,18.755741822131423,250.97873173837905,149.3907267481472,31.343230369994725,0
Arunachal Pradesh,Winter,6.189057771700718,3.84432808739243,27.3645775190327,636.5391559990088,126.06262284514122,15.9342378034416,0
Mizoram,Monsoon,7.421070192458142,12.099835931781655,42.361742613502855,1839.5476834931749,633.1945082501685,25.905720791148283,1
Sikkim,Monsoon,7.035492962249295,12.979945355604983,14.090596974697434,670.5092215111636,586.0789847355327,24.74080378888908,1
Sikkim,Pre-Monsoon,8.372140820743553,1.9420054372361433,6.857837908738751,106.05938090874237,126.25526323031238,21.226118934628012,0
Assam,Winter,6.7095250917246245,3.0549211425177023,9.747442587495103,786.4055461026367,70.80102612358044,21.972582993448338,0
Meghalaya,Pre-Monsoon,6.8592005939480245,0.9305132586849474,21.19946027482834,402.04726419126376,26.728862784433904,15.828580675883757,0
Nagaland,Pre-Monsoon,7.716852092785258,1.3004137670953986,20.04669863126951,588.0502711058182,41.883110173165385,27.18320390793468,0
Manipur,Post-Monsoon,8.36916128108139,2.956188673710488,5.471036098768856,637.9855114821856,109.39436398466951,23.734541827629403,0
Manipur,Post-Monsoon,7.421667639385559,2.479765422227489,29.419906400719693,457.53673906094343,95.167354169909,27.619736161128785,0
Assam,Post-Monsoon,6.119150420469787,3.639320643011245,1.8679207500802486,416.508268051455,67.3613497452113,33.484186001957134,0
Sikkim,Pre-Monsoon,6.888570468533134,3.436061119001725,17.635296652115052,390.2070263868704,29.401895110117835,34.489497072175354,0
Tripura,Monsoon,7.545845403248325,10.52757721302156,47.52886990820579,1333.0852657836972,713.1417127017021,31.644634545915764,1
Meghalaya,Monsoon,6.4475341924251905,5.274996276018882,49.839681948591135,3457.0679090386616,597.1829491210744,23.692895032398305,1
Mizoram,Pre-Monsoon,8.263088120875917,1.6494206348142946,6.009699485069541,273.63518881363166,59.6348611274371,23.543128385868037,0
Sikkim,Pre-Monsoon,6.067385830672705,3.7682683001887036,40.36168533321726,578.3383920555947,104.08292451488504,24.541246117016463,0
Manipur,Monsoon,6.9802057667400295,13.031508716793274,18.810242840888293,3675.0611365696973,436.33965144413946,16.49252545444815,1
Assam,Winter,6.425771426534859,0.6156802356842489,40.74499238233237,297.8842455448348,110.42499544343359,25.485699980378392,0
Nagaland,Monsoon,6.942730060622333,8.636836434598871,20.96238625840321,4394.42787110798,634.1562263118351,28.483453314087193,1
Tripura,Winter,7.753624735182814,2.7958275474159144,9.297716301028464,418.46959163757737,52.68416781142179,17.53469861161284,0
Arunachal Pradesh,Pre-Monsoon,8.07575699552909,1.506181853109048,14.452419419207724,44.362375694840566,105.94160328748423,19.247109147165947,0
Meghalaya,Post-Monsoon,7.528217744894747,1.4960906116451156,31.774042325833257,401.77650074421416,36.99501734874107,19.209798569159705,0
Tripura,Pre-Monsoon,8.361511428724794,3.348348865072422,11.784533175395795,217.43990528490139,39.61290162922917,17.486130041063788,0
Sikkim,Monsoon,6.488340655090273,5.831393120479693,30.096123822032922,3917.586591854512,730.6638126410469,25.70950115236014,1
Manipur,Pre-Monsoon,6.386671320535199,2.8455002418553774,9.175202971148805,688.3487404152582,111.37153200769922,28.16088788698273,0
Sikkim,Monsoon,6.780544409172016,8.77772598112001,34.379152700049026,1824.5355261890277,712.1919648710598,31.47041036414073,1
Tripura,Winter,7.635207331183883,3.0682463958457147,33.63208243206467,242.05059188580393,51.602316180337674,31.624351747036535,0
Manipur,Post-Monsoon,8.272062912529867,2.3554827328488583,15.870848117990082,617.3703409492347,50.98079907485962,31.07812893618831,0
Arunachal Pradesh,Pre-Monsoon,6.130371166049216,1.8855464127394042,49.82167753171925,533.414791689571,117.80386749791116,34.191567649607876,0
Tripura,Winter,8.306559917571727,2.5384512125445005,11.623746201104652,404.0264013579585,112.61106067251927,15.025029815582378,0
Manipur,Monsoon,8.351908064668828,11.74583818622464,28.270915135660246,1221.2806573135092,536.210242787477,15.85426972622744,1
Arunachal Pradesh,Post-Monsoon,6.016787723863021,1.330591198568781,16.472854774790818,174.29240845505765,85.16710226927015,27.35333776648485,0
Mizoram,Monsoon,6.358717641044694,14.83399171610522,40.11287047848213,3319.497737976205,500.20288958891126,16.297569249841445,1
Mizoram,Winter,7.620454407785511,1.5831947810070348,26.420987488670278,382.40832949152684,33.96015397736066,32.12907934099008,0
Arunachal Pradesh,Pre-Monsoon,7.712259173590688,1.889205040744711,34.99545824716283,479.2499187405856,140.64537447809525,34.405411734192555,0
Sikkim,Pre-Monsoon,6.22225331081216,3.042731897452291,34.13632231465012,481.991071616312,37.49491238022711,28.644665032142292,0
Meghalaya,Pre-Monsoon,6.089478925726214,0.9050730971775471,28.473482836277615,761.4199154203859,127.6561447818734,23.073791511063884,0
Nagaland,Winter,8.424502125975213,2.3257648154341064,36.62981251040123,232.618047230052,76.53093982910855,16.12754458885895,0
Manipur,Pre-Monsoon,7.864615945098618,3.8849435964161096,49.554142004356585,720.392775014472,25.608823635958334,33.64504347412286,0
Mizoram,Winter,6.191062811694188,3.680737734296664,18.153732121005767,485.6829786384801,80.32936004429385,33.49597956777873,0
Sikkim,Winter,7.045391554417785,3.178293760802789,13.53833075539892,272.1527806930564,115.749112322414,33.04695307684037,0
Meghalaya,Monsoon,7.977880164241876,7.635070198937535,42.88822460484924,2075.800566553842,620.5910640891321,30.99246341603306,1
Assam,Post-Monsoon,6.787432879577898,1.6264612426549285,1.0662365640558835,691.5057596321642,109.97251887291019,18.73245675586438,0
Mizoram,Post-Monsoon,7.936752369432311,1.1010701452834182,34.647715825077036,308.5154454035351,14.088473933511015,21.05777750156713,0
Assam,Post-Monsoon,7.130159969987283,1.1175793566373349,42.91663846030815,21.97090425994383,13.642838539309851,32.760825234550495,0
Nagaland,Winter,6.759092812370669,1.3019811036519013,49.368090436634276,37.10389620418016,129.74040319037812,16.034491856908886,0
Tripura,Monsoon,6.195599143181737,8.452034543812978,1.9873393602912237,2166.8167106046008,733.7996152586818,26.882045854984096,1
Assam,Winter,7.4808671034717245,1.3054455489591406,42.71734882258008,30.12277025634361,74.41703075057978,33.94043534738252,0
Tripura,Pre-Monsoon,7.907970594473645,3.0337450011235556,34.698438817067945,25.59533215936129,149.4345860571135,15.826791865032385,0
Sikkim,Monsoon,6.657204231946331,6.716939142184799,17.94259892255879,2316.4116022066382,300.6321650417883,15.818416018327161,1
Manipur,Post-Monsoon,8.472152305889452,0.5988726878808441,2.8247721426093166,375.85617080014043,44.92692396967586,19.448903771012333,0
Mizoram,Winter,6.9867871276000395,2.171372936759459,10.482175021488116,703.9857013436201,24.90847143352685,26.181637672338777,0
Nagaland,Winter,7.595144547191771,1.4171342918133867,41.25135961120968,155.4232268641223,61.599756583171285,33.69941949730966,0
Arunachal Pradesh,Winter,7.029272588350888,2.0754611625735278,24.20844651239361,253.0925275682352,22.03926371057299,28.930924078798846,0
Tripura,Post-Monsoon,7.6204790853327005,3.909775425112444,28.091695514517482,257.7169349110867,42.9058435584267,16.67681465342262,0
Nagaland,Pre-Monsoon,7.641886650949629,0.5661262323187872,33.92215656289159,410.8520796705011,14.634563128893838,31.00217241901207,0
Meghalaya,Pre-Monsoon,6.774998228852643,2.0243367423790444,15.739348214649073,733.3177828763753,93.07355577712731,27.689232230446116,0
Manipur,Winter,6.648080621649793,2.4942822333598387,27.93079345688841,796.616464649757,94.3804668641595,32.55686456735809,0
Manipur,Monsoon,6.771471181125716,9.212887422685345,31.073539214172886,1586.7153509018185,327.41032267724785,25.06368123745581,1
Tripura,Post-Monsoon,6.890488871793039,3.112001634520164,23.01759220051236,91.80964100151657,96.29898961526763,21.49345998922899,0
Tripura,Winter,7.09823950335662,2.5889033164538366,20.616339663029176,546.5378647476331,44.35432984654027,19.567311224737622,0
Meghalaya,Pre-Monsoon,6.024407274009419,2.9100494028132142,39.9921270758484,666.0270262352841,35.31264046313971,22.882327456294362,0
Arunachal Pradesh,Pre-Monsoon,6.133827613460713,3.501694804911002,21.649530945579777,303.00135543338035,10.169849484029596,32.46004579777815,0
Nagaland,Pre-Monsoon,6.220754872150789,3.17714986166027,12.575633691394383,534.317849117837,136.08762050426185,17.495189268498844,0
Meghalaya,Winter,7.384953233016474,1.1859407412552132,10.089280313983412,11.567881337360424,101.48715533278259,34.80265707469483,0
Nagaland,Monsoon,6.589154959341879,6.820787697963247,25.996326466009663,3023.1135026883503,707.1487062072829,19.360854675383727,1
Sikkim,Winter,7.44327111420893,2.0003824061674074,39.26754826382481,617.7760530762467,132.9056205295451,34.64419267604735,0
Nagaland,Monsoon,8.091453421296395,9.125766222539742,43.70694681964326,4142.566754355072,760.2760408739509,19.83345546652136,1
Mizoram,Monsoon,6.477366018655909,11.409809803343975,35.140170360744655,4724.764997814118,427.14261228712314,34.407316994954584,1
Meghalaya,Pre-Monsoon,6.412983828051921,3.0309995772634575,49.093859643887185,165.63563568218134,124.81483953803148,17.08608965187286,0
Tripura,Monsoon,6.007378160763079,7.954196913938421,23.59986544354315,3048.4642598832324,435.0176672322276,30.834534190814693,1
Manipur,Winter,7.0378856563990055,3.8794988109188315,16.932349264010853,23.517592353099314,136.12732954627992,22.735547254950337,0
Manipur,Post-Monsoon,6.570697716555339,3.4089604627853163,32.811049958282226,798.7431693812723,86.24920272311205,16.624393061934892,0
Arunachal Pradesh,Pre-Monsoon,6.6123671245759805,3.77690423190412,5.820108073131703,448.6620485038127,101.99199587105277,15.247591827063474,0
Tripura,Monsoon,6.1114795080977045,13.580141294449433,42.59775806972837,2987.0202524075385,347.4489071595276,32.024535595457834,1
Mizoram,Post-Monsoon,6.803422476594983,1.87315250553089,4.928079784751516,754.4174354734067,42.638073440026204,34.731715003586174,0
Mizoram,Monsoon,6.178163500002492,10.641935018082489,4.710686019652793,2707.7341399191614,577.1491075955571,20.73386758342039,1
Manipur,Post-Monsoon,6.0020930061712825,2.971969882126831,12.03161736725445,283.45459402723463,126.82859338428894,22.13645383801417,0
Nagaland,Monsoon,6.199172285180448,5.828318354667027,19.095754172835065,4440.507123184534,505.3090157232802,15.9331535284442,1
Tripura,Monsoon,6.815246653930267,5.941227548980458,41.00730718483047,1709.2693980748008,445.118212645795,24.122807655617024,1
Assam,Winter,7.585508233136241,1.8965202418268654,17.748199713444734,88.23083807811639,40.3824160150385,26.612661604578996,0
Sikkim,Monsoon,6.110044686029301,14.558831636328753,35.68836324509714,3004.880927319702,662.8497401768498,31.288700837991325,1
Mizoram,Post-Monsoon,6.436846457603261,1.7924845412210089,32.12772887521062,248.27770604112558,15.521149507698249,19.118063217798834,0
Mizoram,Winter,8.42216136271849,0.917947502548907,41.49919156308804,778.2879346696294,143.6512146852441,33.749751712377815,0
Manipur,Pre-Monsoon,6.974052687620057,2.5964406304185053,30.969822681522757,619.889995292121,98.54484264040991,20.81426026349203,0
Manipur,Winter,6.840470771646466,0.8753711090059594,19.762848004433977,780.3174796935862,137.55475646739524,19.410292711807383,0
Sikkim,Post-Monsoon,8.42392342879005,1.7994202481589363,21.516269015283967,57.96233329671982,141.30364541227814,31.713220540546793,0
Nagaland,Post-Monsoon,6.751406576865429,1.3732715655876588,43.27084383115699,782.490253418379,39.31824262994449,18.156763608753185,0
Manipur,Monsoon,7.735217759292609,9.764480389740207,23.392240611979425,4960.1748255655,406.56286725517725,24.413285998011524,1
Nagaland,Post-Monsoon,6.730611092339244,3.582167734060086,41.62954576846442,206.85972820404692,32.76405019811814,23.85251167583509,0
Meghalaya,Monsoon,8.388749989759164,13.353538488306159,27.592028489341676,3265.227098528691,727.3411332612338,34.193610551473256,1
Nagaland,Monsoon,8.07711931893568,10.019382006276146,5.895818963051408,1792.9397552604414,774.5090086678617,30.72740616064938,1
Assam,Post-Monsoon,7.107309932520726,0.7806143722383524,32.729013440838344,596.0055619196775,133.47125434331932,21.851859411634642,0
Meghalaya,Pre-Monsoon,6.194647031211887,3.1931619361392882,25.44878633672542,294.4641004150805,142.80962182158936,29.019793261197147,0
Meghalaya,Pre-Monsoon,6.455712132015032,2.0678666701657207,35.385692217021095,274.32626898940606,21.793683030500276,25.447334124940056,0
Assam,Post-Monsoon,7.166080191484986,3.9245728786356215,24.027044075051666,96.48387260623274,97.17939479034447,33.073720227001644,0
Mizoram,Post-Monsoon,7.038440694458704,3.0537675764670027,43.10970968366182,186.235830309712,95.15409765301823,19.924252115610308,0
Arunachal Pradesh,Monsoon,8.024096860105951,14.132016934941745,1.4086643754906536,697.3043117882246,640.8965614431924,33.964072904250344,1
Manipur,Winter,7.583136993271889,1.337652485405568,39.67676516050436,31.098326979470738,10.33235164927338,27.941364051400598,0
Manipur,Post-Monsoon,7.867756305914273,3.362820701905292,49.18327920058334,218.79810243499088,139.59944318566158,25.53134583686103,0
Sikkim,Post-Monsoon,7.609403157468551,3.709372229292166,29.432558626167797,537.5817360339848,22.48031284627475,29.220820303229825,0
Meghalaya,Monsoon,7.7230138017581105,7.1018893087879515,29.929956887311388,1593.798730706651,625.4771944017486,23.310210449893773,1
Arunachal Pradesh,Monsoon,8.295412209763182,6.733395851398392,47.09725819652927,2702.1823428717425,351.61398509875113,30.044675704056523,1
Sikkim,Post-Monsoon,6.193123351875823,1.702049189321258,11.486973601378553,515.4523416235835,61.362754429031895,29.03626046940331,0
Nagaland,Monsoon,6.91423779915044,14.257804824544158,10.163659541582954,1259.5885101155839,547.5784870933977,30.947715916432884,1
Nagaland,Pre-Monsoon,7.837119083760994,1.6660774954070883,35.683528475329354,604.3576287395141,126.14069736886381,22.436320664983235,0
Meghalaya,Pre-Monsoon,6.87558298609142,1.2308681803248978,38.2358228447666,621.9910989877004,94.92164899599007,27.04065815864386,0
Nagaland,Post-Monsoon,7.369147286093169,3.5644794746701294,45.6496087244964,690.5743834389019,126.84198221612107,32.554390139738786,0
Assam,Pre-Monsoon,8.11234324401795,2.7699895294877868,41.210131825033386,311.624021995284,43.93195872222637,19.278590609213147,0
Tripura,Post-Monsoon,7.0747762379743175,3.0445480546827053,39.089740338795,508.90206469183255,42.73696292793348,26.1810657342453,0
Meghalaya,Pre-Monsoon,7.35313694644822,1.3756438213789663,21.217055416061847,392.6100023895913,73.94644227428385,23.260630133384897,0
Meghalaya,Post-Monsoon,7.350932107182504,2.033338379113343,28.358118028175067,202.16625774432865,121.37943981009947,27.06391940478032,0
Assam,Monsoon,6.241272733711961,13.963344510158429,10.431478248058834,2661.77157082187,604.9772318005269,24.5921109283505,1
Assam,Post-Monsoon,7.711689863566324,0.543284872891279,29.67069242501108,544.4150805409906,105.90286176394116,16.777418050428945,0
Sikkim,Monsoon,7.7632206415832785,11.25498486317995,38.27184715255181,1375.9080395488154,300.62358282647307,20.091209520278586,1
Nagaland,Post-Monsoon,6.077910017301554,1.5128157907290085,43.06333328748942,689.3754335827405,130.09749555278393,29.578348172020064,0
Sikkim,Monsoon,8.113240525682828,13.68205899253457,24.603963222063445,4635.201849673711,343.5886278698831,17.277586987151942,1
Meghalaya,Monsoon,7.2603856999367435,8.42964483829663,32.899159327319914,647.0881312755612,485.243845187062,19.070883215923477,1
Nagaland,Post-Monsoon,8.07563120967555,1.5505128793569312,26.03176699777053,499.69959841856706,78.86997702089631,17.040675411181617,0
Sikkim,Pre-Monsoon,7.35565524561752,3.407644082877174,30.73603598970091,325.7957878870974,115.06859470200781,25.116953070227538,0
Nagaland,Post-Monsoon,6.183128046230236,1.0539708044686842,1.9891130128199541,199.63723945492637,64.26341478870592,33.39170477999839,0
Tripura,Post-Monsoon,7.4433649222791916,3.8942365287474434,15.489514823825873,55.265573662292766,32.21101041885733,24.16693437736196,0
Meghalaya,Pre-Monsoon,8.039488124205302,3.4614183296570973,24.003739697475986,487.909896159207,134.24877680788563,22.733969290898273,0
Arunachal Pradesh,Monsoon,8.357628552512416,10.249817405742967,47.35333661377056,1888.930958116043,598.7818874388811,17.275091002085862,1
Arunachal Pradesh,Pre-Monsoon,7.435794410428279,1.843332353530086,8.97698757147909,336.3702120487852,135.64978923830745,28.206005455196372,0
Mizoram,Post-Monsoon,8.321947000399451,1.5704796980816929,3.319792200617,326.5482815871269,117.11371790637244,24.713695926953683,0
Nagaland,Winter,8.48231646871018,2.0340292706157124,26.786598225002894,543.3311670044739,107.74722078877424,23.48759226481075,0
Arunachal Pradesh,Pre-Monsoon,7.057336149418442,0.9194106430456815,12.095660649104051,97.00634837748493,117.96525155497403,31.826138126793985,0
Mizoram,Monsoon,8.037707146323905,6.973716287483965,18.367866119461873,1257.255655952351,782.9738249920433,20.52699443917911,1
Mizoram,Pre-Monsoon,6.035745060683272,0.9480688163267315,37.8005665978247,145.44255151178575,97.68313766494857,28.10155574983306,0
Mizoram,Pre-Monsoon,7.811691606221597,3.8868223824214807,6.9165597012734725,355.14407904711345,123.70027098871569,15.134588058870174,0
Arunachal Pradesh,Winter,6.714598279280997,1.7843412649379875,30.672074053950322,315.90918272605626,140.7362264356895,15.799548907861109,0
Manipur,Monsoon,7.949617370003365,9.779022786444706,23.91347714387093,920.759956794553,349.89466456697824,33.13920135986407,0
Arunachal Pradesh,Post-Monsoon,7.698241668984486,3.9549458113049436,30.384276474030102,209.37496077978327,121.65247471411418,27.387527064125287,0
Sikkim,Winter,8.347570008678403,3.977972039929323,27.57625389348592,346.3649990288175,80.24051931984033,18.908469613137697,0
Assam,Pre-Monsoon,7.9479072355084615,1.147387172353905,37.56850330353968,29.05137836547868,132.90550725726274,33.47896171479882,0
Meghalaya,Monsoon,6.611828335792815,6.962686763590651,15.246784728352292,4468.856845953458,381.3632050273532,27.16539695880444,1
Arunachal Pradesh,Winter,7.058323644136482,3.462854259565405,15.340951279207948,518.6785818165438,108.606520686907,16.65679733499088,0
Nagaland,Post-Monsoon,8.054061894977556,3.688158858718978,9.396704818345041,237.12453303544234,90.43725082656448,19.62422969739965,0
Mizoram,Winter,6.180186327373453,2.106053659366916,21.78029481632258,717.6365625574297,19.727086860395797,31.501803416036182,0
Mizoram,Pre-Monsoon,7.201537911115092,2.584155299397015,0.1756245506670806,44.165417507334695,95.33331590869294,18.798798549645646,0
Nagaland,Pre-Monsoon,7.229819760473853,2.964387335779552,1.3838167878325647,452.3575226275668,75.94471681068447,27.071133642950283,0
Tripura,Post-Monsoon,7.705205448436237,3.2443200898446936,39.91715753705494,765.5004136089253,98.92569274290801,19.074471625650883,0
Meghalaya,Post-Monsoon,7.073510124101945,1.5533661622712776,6.661582954177797,261.23239022661795,69.17729315058492,17.246032045404757,0
Nagaland,Post-Monsoon,7.591921781689585,2.608113684398278,14.794772981133358,610.9725255658808,26.250043189792798,22.852479554753494,0
Arunachal Pradesh,Post-Monsoon,8.38632920999346,2.2084092849031958,0.23569214589308496,81.84058330033176,32.66120742442213,18.611506001658093,0
Nagaland,Winter,7.232712948839691,0.9416647886746172,11.195384665776597,215.77477149223404,73.97601924028581,20.849594827237276,0
Arunachal Pradesh,Monsoon,6.194226568369037,13.391617773362888,2.3997085198919246,1983.6718338072233,333.3191268337891,24.109735531332802,1
Tripura,Pre-Monsoon,6.113176196404828,3.8908913519780577,39.04355535882414,61.41195677814068,91.52452465984577,26.583425944351212,0
Mizoram,Monsoon,8.33723763574745,14.486895624357471,12.909914853236748,3721.9700234874986,598.0436362644887,26.512585875551423,1
Mizoram,Post-Monsoon,8.08362614825683,1.7926870290006678,31.90696045211365,442.62406793968535,119.43674085788803,16.988517818102945,0
Manipur,Winter,7.289390232970904,2.889749798882862,24.333631562933334,576.7149914968367,100.58975596523969,25.962216763149776,0
Nagaland,Post-Monsoon,7.309864926115449,2.4833300949027395,43.03494259881509,563.3029295559593,84.61152650783193,24.225929816668245,0
Mizoram,Winter,7.1015713509853695,1.7568706070960243,8.44026216676747,669.8349918946682,112.73673841227303,19.159728574478954,0
Tripura,Pre-Monsoon,6.615075946589793,0.795951930103306,27.49524732735807,797.2703763673591,46.08630296198315,31.811047187346386,0
Nagaland,Winter,8.159736709905916,1.9860973143862453,37.25027649925484,661.5501161121008,99.10973542777435,34.84186232387782,0
Manipur,Post-Monsoon,6.476062374814747,2.504181176362979,19.72193278251732,568.2620435053581,20.281031919589473,33.1943487409958,0
Meghalaya,Winter,7.235911770669662,3.0282140357533445,2.8751913125841466,483.02849880348253,146.92908350780576,18.689891246384484,0
Mizoram,Post-Monsoon,8.344522390850223,1.0873677905726469,34.32307147894473,342.5219165025035,38.98727271311667,20.1639208145149,0
Mizoram,Post-Monsoon,8.305940201522889,3.55672112397199,0.5089827956645698,513.1015786614246,129.13688958055332,18.872802895627107,0
Assam,Pre-Monsoon,7.866021323835545,0.9500676758112596,10.352112150329361,282.13009458685525,36.38720090071838,25.350306610845834,0
Tripura,Winter,6.170369609437065,2.007371776070321,6.802657725896272,199.28652653921094,67.82705675846002,32.203451161602935,0
Manipur,Post-Monsoon,7.62985456209821,0.8750202504325477,13.149480552140352,754.3506691477331,77.85956393508746,28.792310831959853,0
Manipur,Post-Monsoon,6.073151782930285,1.2320429358254232,27.215298791092106,532.9944095110927,125.88850947936508,15.589180825479385,0
Meghalaya,Winter,8.390311973664012,0.9129211195152842,40.29135922949858,701.063259200582,49.016230251240714,34.7433320809391,0
Mizoram,Monsoon,6.24659261629774,9.908629655913597,26.540548433118783,1228.3811702864027,600.3726449295649,27.838601636788468,1
Assam,Post-Monsoon,6.388871727401593,1.342143385237701,48.798193626257586,49.91423322325625,123.68399990528138,30.49630940533102,0
Manipur,Winter,7.78712443654135,2.4488770414002543,14.21392929291021,736.8110768584999,69.76830529241543,16.60889651384276,0
Tripura,Monsoon,6.039053333085018,14.961033041874332,15.619234137237331,3143.8558116555755,793.2985543427071,24.19607742278534,1
Assam,Pre-Monsoon,6.168669548178939,3.4923262913179487,8.902885181643244,723.8852528402344,39.74103963832856,21.47811344705465,0
Assam,Pre-Monsoon,7.502962893855824,2.1168690246858484,23.19155591467889,593.0873745480753,75.87822552406945,17.113886278715327,0
Tripura,Pre-Monsoon,6.313130155143523,1.9171902418114875,48.773142649316824,575.9183272555944,11.422297458307419,34.83238519643328,0
Sikkim,Winter,6.356207396001017,1.0102031683951398,2.3063901165657317,661.5765830982813,122.59641719952772,20.569681821089564,0
Arunachal Pradesh,Winter,7.178370974377142,1.7068234900110735,44.55240910488826,607.1869870833115,23.647011635727072,18.114577854902745,0
Manipur,Post-Monsoon,7.715470686142843,3.1137872357929464,6.2435071545979826,575.4390169625166,133.16765021658603,30.92144316705813,0
Tripura,Post-Monsoon,7.8363528119955586,2.5978568431674893,26.840014731717016,392.5309300450438,114.19867628610726,16.92823451870922,0
Meghalaya,Winter,6.967171408426417,1.8211676229826845,49.51073102576902,384.1815451068086,80.99759144109653,22.066420228532383,0
Mizoram,Winter,7.3873622037331135,0.9473972030631159,37.791986477356296,46.251502010169446,68.68900213410478,16.98727571108623,0
Meghalaya,Monsoon,6.8072696035396065,13.812879818146147,31.962164806273087,4431.079159805893,794.1257866778622,33.725595441947135,1
Arunachal Pradesh,Post-Monsoon,7.237984219243344,1.4790148497750415,19.975869973051307,138.2446731944448,76.05212777417309,15.208865940802534,0
Tripura,Monsoon,7.4308325617805195,8.893731762697584,44.60152719096641,1602.4287755104529,388.05830156569994,21.808495532015662,1
Nagaland,Winter,7.320833132591293,3.9060271249148837,17.367076153359967,729.6845838017892,41.925084329748515,17.69150722174948,0
Nagaland,Pre-Monsoon,6.30555001688623,3.1628377640494794,4.965413532965823,357.9354164233633,77.35495725624362,15.778699478314293,0
Sikkim,Winter,7.208663324769869,3.571019937861162,11.970875086205169,634.9198536132147,37.30900429066804,20.839422416556857,0
Arunachal Pradesh,Monsoon,6.0428217561931685,10.223414639943517,0.49933506494036495,3783.0376856094194,300.591543238648,29.72997640599452,1
Manipur,Monsoon,8.486806352401011,5.111272847156031,7.149933294068428,2253.628839925992,453.66163877005954,18.943405136505742,1
Arunachal Pradesh,Monsoon,6.186106183580178,14.575489729822383,26.773734320141777,3238.0203659929166,784.6654459159732,30.16404763670895,1
Manipur,Winter,6.806112134558283,2.8727721357281046,45.107494277731504,602.7856525092975,45.644180209529814,24.377851577515436,0
Tripura,Winter,8.123932014299355,3.4231863383770937,5.514030787775348,561.4312053163496,149.08941982599342,33.052684060640885,0
Manipur,Post-Monsoon,7.480902275753215,1.1073213196435268,14.99994672018088,254.88608412000949,128.73632935505938,27.73684436903048,0
Assam,Monsoon,7.066138321855505,5.7247864539388535,19.94839318125369,970.5689181066389,579.2797630324749,23.701875114554525,1
Manipur,Pre-Monsoon,6.280152829203155,3.8235440785470027,1.040040909979717,720.0306092767316,58.07090534369599,34.347328160446445,0
Tripura,Winter,7.168133809364528,0.5405026511622709,0.8770894098285631,352.8171112226468,71.8660139332591,20.825758719859294,0
Meghalaya,Monsoon,7.45814450689264,14.691537800914055,5.449542094733495,4233.250720603932,450.23719224436127,31.499973973650704,1
Tripura,Monsoon,7.464771311699758,7.8225310437122255,5.572807358463738,3032.886003831332,623.1630244394395,29.70061717598284,1
Meghalaya,Post-Monsoon,7.604240307366257,0.6291957706232751,39.33036347988247,164.20011257035634,106.1949576923991,17.53903190107147,0
Mizoram,Monsoon,7.081144740185351,8.803284007896787,45.404067503845006,4554.4545444017585,623.2700541624971,25.638371577097207,1
Meghalaya,Winter,8.024848479026318,3.8551167586473016,33.56408984056541,492.00101098982816,137.2405451862644,15.316986316566059,0
Tripura,Winter,8.313022314640769,0.6837085016955868,38.03870482698075,172.79824342589103,40.82192896870183,21.40776579191698,0
Meghalaya,Post-Monsoon,8.368387886535004,1.5848550468853637,34.38413411719983,682.488419526523,28.269441375369762,19.63990568405763,0
Manipur,Monsoon,8.065316874564108,13.468843698679972,28.360336965436623,3906.406402415694,754.6212032029503,22.07879943704171,1
Meghalaya,Pre-Monsoon,8.17143615148606,3.1171773789460038,19.347836770074366,478.47676754693043,41.773539801931264,16.964728315602503,0
Manipur,Winter,8.078017712544458,2.4670200715129567,16.525286676075584,503.4806634804544,143.53430602013776,33.200013195679375,0
Mizoram,Pre-Monsoon,7.338455036028768,1.554194371360573,38.47485259310632,353.973902952203,40.548222392833964,32.962730053509354,0
Nagaland,Winter,6.906921356043302,3.4520771241934423,29.028827742666046,481.741045905988,31.496084366835355,31.224757742405576,0
Nagaland,Post-Monsoon,6.762858208411708,3.9161025083696006,26.522207298984625,719.1997754709922,48.6442871059578,19.183665737911433,0
Manipur,Monsoon,7.669412269721783,13.726336308115542,3.129279816268604,4472.418054639164,330.6733470189919,32.46720120932177,1
Meghalaya,Monsoon,6.710726082820875,11.444207270866205,26.887079438852464,3897.958739168025,426.2648226293262,32.77704216986671,1
Sikkim,Winter,8.024599039117682,3.176453315139701,45.205670483748825,204.38100824001714,140.65186982853376,34.678864421558494,0
Tripura,Winter,6.751841940335957,0.9527380465035171,34.35880247893976,333.77171682950205,122.39463068228282,26.80951431752885,0
Arunachal Pradesh,Winter,7.6219705204624,1.5154123871231249,6.405040767039699,67.46111915789487,42.099660325265226,31.59225527074867,0
Mizoram,Monsoon,6.243432623738579,7.652888309436483,7.809438408787567,3307.119032088715,329.65645198531234,33.79909060221841,1
Sikkim,Post-Monsoon,6.0087065835018905,3.1699574508509802,43.58119687141151,357.89631628823327,89.40411914267969,24.200454605370908,0
Manipur,Post-Monsoon,6.516332891732172,2.6708086132751316,7.114106617535787,752.512704112054,39.665387425404475,33.09150970766204,0
Assam,Pre-Monsoon,6.292126861111262,3.7309989209783163,7.924762546140418,782.5562675463585,99.93792703323874,16.32966279845203,0
Assam,Monsoon,6.298192123588857,7.233136422488654,28.227997913186737,4921.899076609587,400.93826938585005,30.358098521921576,1
Meghalaya,Pre-Monsoon,7.186525559354392,3.019011232930433,18.376122268591182,29.51994765866922,140.06633181396626,19.752026105063926,0
Arunachal Pradesh,Monsoon,7.639499543933677,6.816122152338334,18.185866613745873,989.7634140435874,595.8076855170413,27.441404146577266,1
Manipur,Winter,8.254624532223925,2.5839092662287317,8.212289290124291,98.24316349005474,41.80845746946254,24.139864018298667,0
Mizoram,Winter,7.6510315046097475,3.141472853158878,38.939545258769655,117.68457854493906,87.28241322465718,17.197653727833732,0
Mizoram,Monsoon,6.056294353588154,7.501657958527965,7.277022969981461,4179.047004833065,536.3672028673698,23.182157662123963,1
Nagaland,Monsoon,7.065833172838078,10.074618957393447,7.682818936778347,4617.728309756846,597.2210319858713,17.10453193258357,1
Manipur,Winter,8.03903700979527,2.887847623883094,19.70653406413807,799.222869609383,28.120535781693675,18.0113432426349,0
Nagaland,Winter,6.97164646016252,1.125405463230961,48.52944206324539,295.904834446319,124.88230382240033,21.511208846573275,0
Nagaland,Monsoon,6.528286149573047,6.193920502501688,49.8846757118821,4345.741539037501,628.5776208681466,17.780947358017627,1
Mizoram,Monsoon,7.0434419046546255,5.623976507763915,40.11024522526334,1127.0904297154998,753.9046263696856,34.732137557034726,1
Nagaland,Winter,6.469366344801735,2.0430476592433493,33.7978960911099,712.7072298553035,12.983856451508478,26.490204489224517,0
Assam,Pre-Monsoon,8.487984458823563,2.2803523518403725,0.1671600022872033,470.7443788863314,126.039517068601,27.562161932330014,0
Tripura,Pre-Monsoon,7.02297721625181,3.059226577226135,22.991887143975053,560.7059856713814,21.565678188415056,31.124749286058716,0
Tripura,Monsoon,6.134011133524614,6.56320940718823,11.414818958663453,3720.5208147855333,392.10664390383823,21.44743137639803,1
Nagaland,Post-Monsoon,8.145298738187272,2.5213375862347434,9.272629078357259,308.2807949624955,108.93924023888478,27.06713900684514,0
Meghalaya,Winter,6.177250842175556,1.951972620563881,10.717424309526969,492.6618860008362,96.18146786410816,30.80757329630341,0
Nagaland,Monsoon,7.596046083589991,6.1427517928646305,18.864064886086112,3201.7074463772306,467.9309511667475,22.29504734866608,1
Mizoram,Monsoon,6.131608129704029,11.922842810967383,24.612434705151397,1538.0522990747709,397.61069216838126,23.695344692848934,1
Nagaland,Winter,7.494751856579904,3.6568343618923023,49.76401395480107,356.22350673795404,65.45466045663947,29.52978614597992,0
Nagaland,Pre-Monsoon,8.079162087450094,3.13851559662374,49.63444682392446,645.0591418822183,44.08558231738459,18.621304227600717,0
Meghalaya,Winter,8.204828048731212,1.8983226700118245,11.471448043337245,411.853218094454,26.916649020964705,26.01016494874703,0
Sikkim,Pre-Monsoon,7.315484032359647,1.6140658811594313,27.73832807619308,739.1098851535764,33.3070095084917,27.51527471612578,0
Sikkim,Pre-Monsoon,7.305531319254559,3.5612971852029167,14.728248778001346,417.34613267776047,51.106733110998285,16.843747660799636,0
Sikkim,Pre-Monsoon,7.421561511725765,2.881469568212593,15.867395439382449,136.51233143260814,143.5771411937859,28.5879982168211,0
Tripura,Pre-Monsoon,8.406220170131375,1.949330301588066,28.578184356909368,322.0668460566536,13.858045324636494,23.109554423361452,0
Arunachal Pradesh,Pre-Monsoon,7.849008238450681,2.1500441747015695,5.1665342567030486,792.1882894634109,77.133878705227,34.02733986819756,0
Mizoram,Pre-Monsoon,7.911537987462747,2.7404895599930237,12.209302250357362,336.6472991935819,68.03433681848452,18.44416791876442,0
Nagaland,Monsoon,6.175506297966107,6.987483269877613,33.432683045827396,2901.9730768620107,477.3871789230819,21.103647235718576,1
Mizoram,Pre-Monsoon,6.035018604654463,3.5771151695776173,48.06103353462776,343.4299379898366,148.04372628561663,33.54176655746485,0
Manipur,Monsoon,6.3989273496797265,14.526732377262189,21.67001486122156,4867.781835443239,745.7836137301387,33.70654306256967,1
Manipur,Post-Monsoon,7.42186551029663,0.9044759596793801,42.98869766681375,284.7678653144135,51.449388773081864,20.729763538867026,0
Meghalaya,Pre-Monsoon,7.172458031753271,1.0110175003336348,5.6170793517580755,187.7948228345936,94.52821015205495,19.51399884194068,0
Manipur,Post-Monsoon,6.468787397678279,2.900883347706833,30.96838258885079,48.101788476914045,127.66727955249144,27.80858784827142,0
Meghalaya,Monsoon,7.073963004500637,13.357726288164395,38.09719177263038,902.0911519916394,390.9399655729468,20.547837051353355,1
Nagaland,Pre-Monsoon,7.417738463589387,3.6603103403299198,25.067116778464975,319.5651613817445,84.81390467796672,29.188511818603548,0
Tripura,Post-Monsoon,7.931340279354227,2.465707323884896,1.5204582565054803,733.1298231396704,82.08688230090318,33.935131210365924,0
Mizoram,Monsoon,8.185194129573947,13.468193532643484,35.03718613611354,1698.830839110673,317.9804677348271,17.541999512456357,1
Sikkim,Monsoon,6.69219745335055,12.372636085869647,43.076917259875266,4671.935623864917,300.30457998857116,33.80394264887222,1
Meghalaya,Pre-Monsoon,7.2692172182766415,2.1030050967488254,26.440652927960866,39.44326536839391,78.70839616880046,20.817865784478634,0
Mizoram,Pre-Monsoon,7.001968972277247,0.5684411669532771,37.11045100224263,99.6352360470971,148.2914459034881,33.73795893073264,0
Sikkim,Pre-Monsoon,7.193569286177292,1.6799402006216302,31.800415887996042,218.80603608758636,27.57949236976303,15.164980346695927,0
Arunachal Pradesh,Monsoon,7.861992472095482,14.985201439564998,1.1866086346496052,3177.9915472180787,547.2153737376602,33.598326525850496,1
Meghalaya,Post-Monsoon,7.307837571935962,0.5355897836153816,27.346168461253473,623.7190247754498,32.39676017883133,29.310807001582436,0
Manipur,Winter,7.252954663672002,2.2585462434299415,38.87447676406234,772.0601391092496,108.32873823505,21.244538054235477,0
Nagaland,Winter,7.344301884957234,3.1885506984250487,45.6217204328081,302.4279705464534,80.53548388158924,25.343177228090703,0
Mizoram,Monsoon,7.977982193678719,5.797934447951041,14.451527363446942,3983.8666951915525,760.018746439803,29.303192345202646,1
Manipur,Post-Monsoon,8.286641823655316,1.5820237104275074,5.547129643704785,262.9263241675835,26.778506976071817,26.043640097514135,0
Sikkim,Monsoon,8.344830100175825,11.684901373587286,33.19226520702224,1508.0326414149788,704.8240153683072,16.633356040170423,1
Tripura,Post-Monsoon,7.407680396265045,1.0409660865387114,48.126051880017464,379.2565564188228,20.499656528058047,27.01823274468124,0
Manipur,Pre-Monsoon,8.060805898024592,3.7603916673052304,44.559536710520156,602.3751816026975,118.40674761634205,29.388773295702443,0
Meghalaya,Post-Monsoon,7.425961970019401,2.1905583293487654,27.411105561977994,257.424177029467,85.62051666606462,31.114194434450447,0
Mizoram,Post-Monsoon,7.295728312860071,3.0077567031091292,23.199868262555267,81.4974420282934,55.30345527831485,22.524147575244253,0
Nagaland,Monsoon,8.249691784946737,9.864295227070645,25.786670370328142,3229.0641048620464,567.088364686641,17.554629136322188,1
Meghalaya,Winter,8.43078017643161,2.1599610019881275,22.47952690560397,365.03853953894543,70.9496774533656,15.08641806372945,0
Nagaland,Pre-Monsoon,8.01797206393325,2.127076873278706,10.875009427845356,270.6156550780015,87.77081686703568,26.489368244662614,0
Meghalaya,Pre-Monsoon,6.5546024391765725,1.049112626594005,4.6056798807331045,440.6530686229332,138.27190630148667,22.123723425602567,0
Nagaland,Post-Monsoon,8.088789977182856,1.7215972433920272,47.731956468070535,534.8807248383944,148.12773019365164,20.55787615393031,0
Meghalaya,Monsoon,7.487577166962367,7.9764306726623255,44.891455413973716,4629.437750422608,595.1830436764033,16.096466432113075,1
Nagaland,Post-Monsoon,6.253405745307605,1.3435121111083472,8.281892232938043,307.0929902939982,128.55988289102908,31.308632266263984,0
Nagaland,Pre-Monsoon,7.75796307045856,2.776390199403323,48.28658947424038,796.0922122214778,142.53487496719302,24.14282231118228,0
Meghalaya,Post-Monsoon,8.12082622384429,0.8873236243099727,33.30487231866069,302.0290813812646,36.811948017139926,33.103295118511326,0
Manipur,Post-Monsoon,6.214876373854423,3.73416725219806,47.95742160507351,357.67572584554466,72.46024912994629,33.17442980530815,0
Meghalaya,Winter,7.292064492248054,3.0695969787164885,26.252894925602032,301.1111597867535,140.13652463125763,32.285749883724925,0
Manipur,Monsoon,8.031588949568334,11.25505617085907,14.905243939853696,3116.8945016894672,782.5398830537254,23.567405231778757,1
Meghalaya,Monsoon,6.460425410434154,11.32629840430695,17.016074441346557,506.61984236109396,687.5062011017376,33.73580180490771,1
Nagaland,Winter,8.187346149124483,2.1422467280919393,36.42160603943021,393.8128488845713,41.658053109902056,19.167813080851193,0
Arunachal Pradesh,Monsoon,6.598244236670976,9.284140465039316,39.904308858139274,1444.5684737601505,671.7771194384034,24.57653974802433,1
Assam,Winter,8.126234757522395,1.9522201532417092,17.201740984938578,160.53298474085457,43.47762176618158,15.576648794410255,0
Nagaland,Monsoon,8.211000144604164,9.90995958350388,9.006982378993051,3800.6941594399823,764.2583216826413,26.534979887926557,1
Arunachal Pradesh,Winter,7.728515349638135,1.0630959058742595,21.835904883447416,475.63130151527446,108.97541880462434,23.992386995776428,0
Manipur,Monsoon,8.054036464221001,8.793424680264668,17.07226972928118,612.9946921245147,534.5148239027271,34.597069831998795,1
Manipur,Winter,6.137298585193492,1.5209027244841984,4.368985399733111,245.45972907921194,98.5942204718074,26.222798400201345,0
Nagaland,Pre-Monsoon,6.189082542987073,3.1545186122698805,37.82470273813967,288.27974281006783,82.20280362260804,33.41586697873512,0
Meghalaya,Monsoon,7.356769461055567,12.71303446300207,48.972565393821874,621.8225669095891,386.928235307497,26.24416250757947,1
Sikkim,Post-Monsoon,7.949986272795689,1.8037445032675699,1.5476337396941098,450.62833631804676,40.593849260891346,15.939897952543138,0
Manipur,Monsoon,7.960248269377295,11.872518584420305,35.399648271414684,3095.8546443590885,450.9317631907825,16.498573391807767,1
Sikkim,Post-Monsoon,6.658730105595678,2.4613511953938376,29.428277792267092,491.2035712077991,43.36632757207384,15.197126989889524,0
Sikkim,Post-Monsoon,7.971558069528656,0.5235593172767665,16.645607642131832,314.8653826911249,87.37285843210452,31.43845228929772,0
Tripura,Post-Monsoon,8.022769137826963,1.7537671884330484,34.850247294654864,385.78684895012265,129.03150752888297,32.30054749902644,0
Meghalaya,Monsoon,7.32707087832657,10.59503883619672,31.49917566819745,796.4783721277074,346.7883351434992,17.762945370167294,1
Sikkim,Monsoon,6.835956996150612,5.526332925329278,26.40968869223301,894.7132999747803,720.5450285584077,24.531772033952038,1
Arunachal Pradesh,Post-Monsoon,8.24661121164738,2.080899344534873,32.92814767506286,467.46053974929924,149.1335449107368,27.194145465895215,0
Mizoram,Post-Monsoon,8.005329459646202,1.5189898449686194,10.503177079877396,567.2487243755434,68.16338037168525,31.860396613667433,0
Mizoram,Winter,6.116972669856023,3.355616872208752,17.679790155106634,202.60545391384088,71.12963959847838,27.256215599331842,0
Meghalaya,Pre-Monsoon,6.369054995384133,1.7605793977278363,0.6104391918330343,444.28314168557404,135.8157992589874,20.531208048229516,0
Sikkim,Winter,6.98885254280807,2.9022516049172125,12.157081045896145,499.05151538689927,35.07178233953809,27.291023121234126,0
Sikkim,Pre-Monsoon,6.098520290983233,3.379873969028426,2.09112816525443,457.20071612433145,39.76039950307161,15.154960195928975,0
Meghalaya,Monsoon,7.925278160261708,11.479008676814729,10.978077641571332,3162.8606722101795,533.1556907963687,30.48927549623399,1
Manipur,Winter,7.169056525796666,2.0033483125021845,19.54834655047423,722.6252917968475,87.63775942436446,18.220374557985053,0
Manipur,Pre-Monsoon,7.96662779398943,2.8379947412898043,19.119748834834034,747.8492417906442,131.2368742453151,33.61260790800392,0
Meghalaya,Winter,6.912735925418045,2.2144894306685625,5.271389831115824,695.0354157393515,107.55317769049795,27.940670594555055,0
Mizoram,Pre-Monsoon,7.585195981034482,2.1042614193710087,13.982254766396363,366.5438466817197,102.87279359171241,33.01775425781066,0
Assam,Winter,6.953592849645164,2.133525739195945,39.540851587938974,791.8239581850905,148.36501232959338,23.93470710362311,0
Arunachal Pradesh,Monsoon,8.386968601963673,13.68515914130882,38.3457666357765,2932.02390354935,305.0956162759092,21.61302242803726,1
Meghalaya,Pre-Monsoon,6.062936274509307,3.8967581296760816,28.3841734983216,657.6626286556087,118.04216197185428,21.078745914593114,0
Mizoram,Monsoon,7.8741781498810735,6.762934692757946,46.53098944988049,2536.806280579737,733.6345100218036,20.79832837084257,1
Manipur,Post-Monsoon,6.225606832617602,2.9148327396249614,24.074279184320744,154.81638544484457,55.03280329778946,22.288973635404073,0
Mizoram,Post-Monsoon,7.2186352439919474,1.4788868574960357,48.889099702594,795.6731903669425,124.9670486686588,29.43568363745903,0
Meghalaya,Post-Monsoon,6.6620677381642235,1.9860244707807704,4.580134552382703,729.1595674300377,72.83934173339836,32.55995929120647,0
Nagaland,Monsoon,7.470090673978808,5.800694855303252,30.243995047194655,1156.2195786062546,478.4431689705018,18.75553434701255,1
Meghalaya,Monsoon,6.166250315553345,14.177183779311562,4.946408919192569,3219.378042177932,433.210758903526,34.33239024192561,1
Tripura,Post-Monsoon,6.96150817179936,3.870721712072436,28.424960592002176,490.89979649179685,117.13921902733621,34.96517381697686,0
Tripura,Pre-Monsoon,6.610349829490065,1.2674945678673075,44.835726731912715,626.8920921630014,39.58895842134198,21.01116358137343,0
Meghalaya,Winter,6.22089790766543,3.6774852534065507,8.1634151894869,337.76518555661886,110.14350552080177,28.03149649882218,0
Nagaland,Winter,8.079061277816852,3.4977541601068936,47.67177031410608,722.3107711876139,22.458493427043653,20.80033936030679,0
Arunachal Pradesh,Winter,6.314075822677148,3.9125630542582264,11.661052235910713,340.973785531219,57.70972410049183,29.289399965633464,0
Arunachal Pradesh,Post-Monsoon,8.250724080037987,3.0838892812196845,46.49920726740297,670.4533044082644,146.3299158310666,27.51986453328081,0
Tripura,Winter,7.9676116334733464,3.103848397348929,16.251684440615037,745.2985106485808,142.3197193867764,19.45541796078782,0
Sikkim,Winter,6.562734680651491,1.6478515175460493,39.22105492744149,655.2937052896613,135.58200789167284,34.59077460985053,0
Manipur,Monsoon,6.017274258974367,7.900050309604981,45.18512123028429,1269.0159421308208,386.5444770943885,29.450533935340886,1
Manipur,Winter,8.495327266264365,2.00470516606923,46.143970192266444,238.6075856870697,90.44362853057793,30.046477723099365,0
Manipur,Post-Monsoon,6.16529209334074,3.7361407221716525,49.31434922744876,740.1245693422618,98.65137084639463,28.23686162753307,0
Mizoram,Monsoon,6.058358815270768,12.78633677524967,11.419069930695086,1610.4680369412192,749.2563106986606,25.095779800699322,1
Nagaland,Winter,7.697426798494279,3.098106446280389,46.06329099290896,263.9344250367243,144.19313526965195,22.365126709149074,0
Assam,Pre-Monsoon,7.524002668737818,3.1238579692298396,1.372117321559252,610.3114772876942,91.21724704358942,18.66703475949099,0
Sikkim,Post-Monsoon,7.268544094791816,3.774673795533637,31.037596935173152,239.88586148141462,13.131353501449519,25.298691185226353,0
Assam,Winter,7.537767127614002,1.4237477537294718,28.733158764692295,522.3510446227782,81.0118472827177,23.982125114328557,0
Manipur,Monsoon,8.3233700571968,12.694015591942133,26.023165852687207,873.8111478519888,441.8559470757421,23.80953157626287,1
Meghalaya,Monsoon,7.482629293233739,11.289411904584291,11.425827264093446,4783.799116397809,314.63602010216766,26.116631869080575,1
Manipur,Pre-Monsoon,8.162720550177404,2.4111262608306396,45.56121676040271,722.5956589479246,28.113595589104584,30.58300282201496,0
Mizoram,Monsoon,6.263386466643175,8.77791931411275,18.14799884365487,1331.205629753711,611.2947975668135,19.646781113614658,1
Mizoram,Post-Monsoon,7.296179968800524,3.7875330940511054,5.298892376634379,407.01146228066756,88.42125087829498,21.01537734730737,0
Nagaland,Winter,6.727844250741475,2.2251036601147067,24.849217003748258,56.65989988078676,127.10276285829262,17.22177564798267,0
Meghalaya,Winter,7.787286749266336,0.8532200310370799,44.966710393004675,565.6045247713662,51.304081436764854,32.69182880063551,0
Arunachal Pradesh,Post-Monsoon,7.269047819572608,3.1168240908048057,9.872567717970487,495.08848603657026,15.663479678156424,26.82410173164323,0
Sikkim,Pre-Monsoon,6.618022129599191,3.799147571977075,17.888405390166657,418.6673741874002,49.74048972232018,23.541045967918134,0
Tripura,Post-Monsoon,7.439810478009577,1.6399540927934368,46.11619230017464,482.7186987712683,109.56070751587667,30.417877597993858,0
Manipur,Post-Monsoon,6.569216934016369,2.52699678903142,6.053617390973198,279.0252628640284,96.97169296115109,31.48785399553715,0
Meghalaya,Post-Monsoon,7.408475205237003,1.4681855999023343,27.25692572568766,572.3725650467088,89.9681878563932,19.52667700215722,0
Nagaland,Post-Monsoon,8.183721965942249,2.082882857143948,5.817005276244924,709.1490170645817,86.51293686385212,31.21796289292948,0
Assam,Winter,6.452173149819859,0.8888025608953984,16.536220352956164,300.5788046507612,72.96995444418843,31.6858548024041,0
Mizoram,Monsoon,7.890293928533987,9.856355530138416,37.13841031279107,1292.982237348799,327.2607918852715,31.97925097908421,1
Tripura,Winter,7.431065566432375,2.290225525202612,14.75905085976718,387.6286398449103,24.726817296850435,24.788265651651955,0
Tripura,Winter,8.299012567774735,2.9353849617468812,11.365591410922082,469.8655438579708,107.01724307217425,34.06053128553224,0
Assam,Pre-Monsoon,8.293379339838388,3.0274261873754313,17.408066969209745,99.01417188371111,68.05672491266931,25.206555590110817,0
Manipur,Monsoon,7.922382041291358,8.551455199475841,17.89896594070346,2242.8000613564914,602.2322092987562,23.585030328482393,1
Assam,Monsoon,8.064199967526402,11.940816889876192,38.223204439977856,3168.4021249212237,762.2792604818899,16.274058301690445,1
Arunachal Pradesh,Pre-Monsoon,8.41993031397915,1.2913327694282606,37.28038626926487,604.0413866499354,42.98275131342563,33.38027693810375,0
Sikkim,Monsoon,6.802692107545909,14.833005952275014,22.315462658783876,857.8217063872776,475.1344598999727,31.89858066105987,1
Sikkim,Pre-Monsoon,6.339827161196147,2.3486455676319893,0.7078997512226959,124.97247145361483,23.58158477923599,24.548483450167925,0
Meghalaya,Post-Monsoon,8.335447886084655,0.7584241199871655,13.308724803219906,697.2284298750933,32.87353935299981,33.65629553550134,0
Meghalaya,Post-Monsoon,6.84402659068125,2.0960436186349716,18.10480604489333,386.5832791524503,66.2052549622889,33.412630997592096,0
Sikkim,Winter,6.47778329954035,2.039143127598671,32.43685790702318,575.9446362139357,144.39287210690466,17.296074625938576,0
Assam,Post-Monsoon,7.192326286458405,2.251711047104075,20.694032406209033,571.2624611129829,121.52238078759112,22.532978979162053,0
Meghalaya,Winter,8.330673768619137,3.175193828771399,12.836023955017211,82.46930748477283,90.759622322893,25.836707253824144,0
Arunachal Pradesh,Post-Monsoon,7.563556870553702,0.9620701288385849,37.50730289920231,138.35418678175748,24.379489852456487,20.555118357298234,0
Arunachal Pradesh,Monsoon,7.974699453535678,9.922900231751324,41.83837901579705,4649.281143935583,508.3349461565645,17.359709131457986,1
Meghalaya,Post-Monsoon,6.872661838999729,0.6914367776507517,19.067269251828982,656.0750418459838,89.82596518043104,22.379741152761756,0
Nagaland,Monsoon,8.446701873138618,13.223297718411139,15.08172418394264,813.895077869915,320.89605037219917,15.118487198331145,1
Manipur,Monsoon,6.281683263952304,7.46490399649287,48.84171863603705,4573.4104208376675,795.9846572151694,15.890258629080954,1
Nagaland,Post-Monsoon,6.575281593423674,0.5455087213667166,5.146869060590353,530.2015376248928,128.09197733660346,18.690348101245853,0
Nagaland,Post-Monsoon,6.229210654617558,2.043216293270805,10.065767270933822,780.5706524061434,35.07483974802412,26.17261711320692,0
Nagaland,Monsoon,6.105913806661474,9.465889772113929,8.52107368710101,2578.1465229905225,418.80997647875336,30.921408061952395,1
Meghalaya,Monsoon,7.503616907772047,10.139306072519947,42.96967274540125,4070.4791945418306,426.597494904839,30.16255759018091,1
Manipur,Monsoon,6.440317818644889,14.818846202806569,41.076944188099745,807.3224960158769,538.5058981713341,30.281933080191386,1
Arunachal Pradesh,Post-Monsoon,6.91333040701805,2.2682580965406127,48.04233035681384,183.7660903600204,26.09086682940501,26.89897405768984,0
Tripura,Monsoon,6.1023103326345325,6.2834845813916225,7.373579349140346,2460.9631749725004,725.8637850958469,32.67480238340674,1
Manipur,Winter,7.344170926122507,2.0171759482823237,39.58539946829371,555.9736796497192,49.677573027230046,20.31931921297989,0
Tripura,Monsoon,6.7753884917912615,14.035882665114467,24.245349740584892,2417.613025494077,528.8041324413243,23.390276714472453,1
Meghalaya,Monsoon,7.626831382864058,10.13958146525209,22.5448220201829,1702.543268987057,304.44794659643156,15.417283229408847,1
Mizoram,Post-Monsoon,7.406390610557553,2.331619028484126,34.48925705437482,270.52595184778517,143.05894094017637,17.938440423630986,0
Nagaland,Winter,8.456898678463723,2.2199574555469406,38.0833785452872,668.6754807888784,22.290389575994446,20.332654987724915,0
Meghalaya,Post-Monsoon,7.392340048403694,2.0805051731760646,19.780368530071314,256.3513996908081,33.965430721794924,16.543302522137495,0
Assam,Winter,7.499231670371041,3.2819841871915685,15.320730848564734,791.9854851605169,99.20953930243157,28.5217888061184,0
Nagaland,Post-Monsoon,7.154219162617764,3.769835948807413,47.42520073633864,622.639422653415,117.40152719614058,31.015962749574577,0
Assam,Pre-Monsoon,8.174395620330229,3.358506055342221,29.995035501232227,173.1580320505333,89.86444628514624,25.482089585590703,0
Meghalaya,Winter,7.468104275998047,2.189568623039625,21.773579067426972,725.115411355454,130.41679243436596,28.03502946328703,0
Assam,Winter,6.79646883537131,3.866269172337521,37.252410603891526,547.5122217297729,60.06883851206603,18.25652761671674,0
Tripura,Winter,6.735558908834337,0.9423076599429563,26.56865827396221,744.8366627266541,129.37602282492546,16.030678360475765,0
Tripura,Post-Monsoon,7.604235258253234,3.7069197691545703,21.559934517267422,462.10247622507126,43.972959503840436,26.76014188746296,0
Tripura,Pre-Monsoon,8.466656313752601,2.3526459937635433,27.31249007455358,307.72092586285936,123.65633606460085,29.785831793419053,0
Mizoram,Pre-Monsoon,7.589108370853724,2.6477301907654107,26.975016615527082,473.7668197082281,43.51585132660656,18.507237979863994,0
Meghalaya,Monsoon,6.942893756001934,5.873549004135562,23.803562791241024,3043.5753069057846,313.6225663984383,25.071637368715514,1
Tripura,Winter,7.684602760307595,3.138383079541981,6.348192729517721,445.7891088605109,118.14907808350148,33.66682295091951,0
Manipur,Winter,7.795981396558837,2.284959035261126,33.27496849615623,639.6841792338844,115.28639598404956,31.285201893834383,0
Mizoram,Monsoon,6.997989298706558,10.716713178177812,22.907155312176553,2430.0506693950783,504.0608108413577,17.864574133208674,1
Arunachal Pradesh,Winter,8.07088223880336,0.7860260901372795,36.06128303802211,172.41821135251269,32.768025417313574,24.822691461420924,0
Nagaland,Monsoon,8.376874063656242,9.568479098027593,21.864066557273347,4816.514615593086,663.4131451372626,32.167619689487175,1
Mizoram,Monsoon,6.441354524771854,7.557749319582413,8.232675141544476,4802.132254336993,360.2998472087823,19.39400332177891,1
Arunachal Pradesh,Monsoon,8.185766800316221,11.055044460250166,12.550317057481159,2616.9738862076197,624.6250910361395,28.882344159202322,1
Assam,Pre-Monsoon,6.466147664398974,3.9049354277539243,16.343660572607472,411.81950941647847,103.17356178093311,23.855209897044933,0
Sikkim,Post-Monsoon,6.525134271487382,2.826761193751388,28.307828076873175,493.4264336874278,35.79117390231592,22.312177509709937,0
Nagaland,Pre-Monsoon,6.567129552735432,3.94119627732465,21.139808706591452,512.99759258215,144.0901118154202,27.125662468166865,0
Tripura,Monsoon,7.6193152811623115,6.7605466285223486,42.84587855494609,563.3300561153831,634.1047770458995,28.950110828603297,1
Assam,Monsoon,6.242301848147886,12.183484275533134,26.990271673103962,4852.348095573081,405.7685629955186,26.095104233420283,1
Mizoram,Winter,6.7735810061103345,0.9354172726502175,8.485319915513884,455.30691325292855,137.68102880087173,16.976910187723316,0
Tripura,Monsoon,7.498192118886896,6.99205524444134,23.943753464073573,1777.3777081688881,449.7716018258103,20.887559766254956,1
Manipur,Pre-Monsoon,6.17757031003007,2.6444757429727597,49.24680670233286,91.489211027402,89.73118804095836,25.67156244635226,0
Tripura,Winter,7.82909121896779,3.579704246924061,15.003715049983995,795.4929877468985,97.43124929255583,22.86834062635134,0
Manipur,Pre-Monsoon,7.923471661398905,3.70944589768934,17.996188285506747,97.47960725666856,81.99484239580102,26.960203609613107,0
Sikkim,Pre-Monsoon,6.330220061475665,3.578642976291541,12.170360764300476,676.2301871006061,94.58050668784773,16.449271411350225,0
Tripura,Post-Monsoon,6.160864041684419,1.52568690803289,45.971178380863954,402.66809245265426,83.27456600795678,31.451248177158334,0
Assam,Post-Monsoon,8.081285315256821,1.7594625649089424,0.6120434841998534,256.8723804043603,112.38895442654022,29.504892275285535,0
Tripura,Monsoon,7.034813866497941,8.552703519544991,33.380617658851676,3695.076356840427,639.0629651387289,29.602335944305366,1
Meghalaya,Post-Monsoon,8.231009578249532,1.5019445556741229,39.57846898937284,201.88168150081128,42.96096061432221,28.95420657252042,0
Mizoram,Pre-Monsoon,7.02932890645926,2.4186556572089533,35.48774777247195,740.9160545832573,48.214978550135264,23.07799820374386,0
Mizoram,Winter,7.237071358167896,1.4551059806100917,1.3154032643303448,473.0959955233732,11.24559327830081,27.812650388745702,0
Mizoram,Monsoon,8.032448081953444,13.50584890698351,15.472309602003303,1264.5791144224306,664.213037416542,19.75341507337665,1
Meghalaya,Monsoon,6.497613091379141,12.383132888347506,44.71699054220596,2727.1073273922916,764.3134411904258,18.473187098273154,1
Sikkim,Post-Monsoon,7.1784339486296975,0.9294804457154175,18.75355324681393,648.1455556555337,29.414116013577804,20.598573833044043,0
Manipur,Pre-Monsoon,6.503753466063036,0.5882528561577881,29.77977036148433,194.4912586854666,133.6204566897266,29.09505184180588,0
Tripura,Monsoon,6.509618629246572,10.265932769930759,30.531662174307073,1450.147737550935,344.99202871465394,15.967819613112852,1
Manipur,Winter,6.912468236585449,3.1760269131882515,41.625080911628636,589.5069407848714,71.2201412557498,26.846843537908278,0
Tripura,Monsoon,7.131746156747304,14.807741462885165,6.765187653278421,883.7387485518334,432.28247274560357,31.808352618174716,1
Nagaland,Post-Monsoon,7.79691245285575,1.9842042155166861,45.142167480392395,69.02184885711691,15.198049165506891,24.136587656050953,0
Tripura,Pre-Monsoon,8.246300232419449,2.54154086916945,24.649243956327528,360.32415853131397,62.907397286262054,26.592427820593073,0
Arunachal Pradesh,Pre-Monsoon,8.478366924084353,1.6861648419455508,43.68722730480698,179.59341803907535,113.36778323582246,16.064591703930947,0
Manipur,Post-Monsoon,6.38593276891403,3.67631257319372,21.432694519794104,575.8001073259927,119.64948002123657,30.868112167698524,0
Sikkim,Winter,7.365511418325047,0.83177053035777,2.7180210551461084,553.3584053525004,91.7297246741212,24.983833584937045,0
Arunachal Pradesh,Winter,7.361704823843288,1.1986413133702327,15.86349203356408,224.53740489629845,84.4054668994478,16.7859777328976,0
Nagaland,Post-Monsoon,6.522836200728642,0.8374236608186887,44.452407746042645,460.89043576140523,122.68603022054347,34.69397167804193,0
Mizoram,Monsoon,6.269323765804648,11.657933850544065,10.219401858648174,2912.6529694985416,592.1689397953892,29.742210038104496,1
Mizoram,Post-Monsoon,6.937327793095009,3.871099149149261,34.36188426094225,118.25664096199809,52.666167057783774,25.367831376899133,0
Nagaland,Winter,6.506526084132556,0.5186523716311182,35.40522574565516,511.80638542303086,45.84500812913343,18.53303299525715,0
Tripura,Pre-Monsoon,6.407565132675635,1.1520212488761674,45.52758795094066,228.50153324363148,145.63230618939707,29.705433358993538,0
Manipur,Pre-Monsoon,7.761296498487985,1.3908702263327817,16.990161431147826,560.3914766524937,142.66655695974188,22.638075167860272,0
Sikkim,Post-Monsoon,7.669670230080504,3.8307653822491288,24.886049191036204,42.503998024923014,111.10344925011012,15.065331390346701,0
Sikkim,Winter,6.04299150633104,2.2414072720394165,15.465611543011647,508.8079098865976,35.02258014703151,15.548515617403345,0
Assam,Winter,8.260035678592832,1.5674611805576169,2.300047341564965,730.098128156761,50.5688732576296,20.194632941410966,0
Assam,Pre-Monsoon,6.5008613917159055,3.8751830964712184,13.679978578493218,503.9940510431403,78.09026081860256,28.371900099441383,0
Nagaland,Winter,6.925497634188508,3.7258501518199676,25.167327533927843,12.633357027115395,26.647184808202834,18.236533660278027,0
Tripura,Pre-Monsoon,6.244016040492928,3.9296467746042567,11.83652043056877,108.97981357711654,13.939645539272554,26.062154468918557,0
Assam,Pre-Monsoon,6.789500577443881,1.3933755453925052,45.88275264885496,389.9566633332358,100.23832391486653,17.392315112870683,0
Sikkim,Monsoon,7.384717740389053,8.894558628271804,22.801733088278013,4058.813525702717,339.4017890254149,16.96014955950001,1
Meghalaya,Pre-Monsoon,7.914158550459629,1.6866340607526504,4.400474294897638,628.4317688090252,55.059664309864644,22.446510239988474,0
Arunachal Pradesh,Pre-Monsoon,6.582893972287739,2.9756412554331417,43.870282515709626,273.0218645095131,44.44036090701785,27.732544645982458,0
Mizoram,Pre-Monsoon,7.1292463241763455,3.137242526388372,46.751383722037666,732.47284374365,27.71781007865768,29.829210375427635,0
Assam,Winter,6.842847832632831,2.2371946775429135,10.310074132375819,657.0464796290267,22.13122716161221,20.48880533699862,0
Assam,Winter,7.4352916026620655,3.1096310807730734,17.595058227264232,166.83566274127924,123.17220487120993,18.29724792971723,0
Nagaland,Monsoon,8.226510827154812,9.21530467198857,46.125066802064076,1761.0925918646747,702.0024352887524,30.946860019664868,1
Mizoram,Post-Monsoon,7.496285310748396,2.0378350221556705,25.63542221716159,584.6938760783354,15.84763996673312,29.211493054242652,0
Meghalaya,Monsoon,6.19230365018348,7.856144971803878,45.19687992758,3699.2903055861507,737.5586421685966,21.476548697413495,1
Manipur,Pre-Monsoon,6.139006347846163,0.5797911600115704,46.538168982046344,483.16891324401405,96.73062670006405,15.124869103884906,0
Arunachal Pradesh,Pre-Monsoon,7.800498356581674,1.029406561191519,27.79296919435364,605.4331197740938,39.42509729026118,18.831642994930075,0
Sikkim,Pre-Monsoon,6.274153949647174,3.366280459650933,44.47196921707696,218.8589565949302,15.024521333143419,20.969749084633015,0
Arunachal Pradesh,Winter,7.174336023096687,3.5515175580152905,20.220728650003274,352.59083218840266,98.50965910419104,23.63445760100186,0
Arunachal Pradesh,Monsoon,6.648372831443497,8.797946965283362,38.03919154180116,2394.845265510639,397.71556455840755,28.81713295284578,1
Tripura,Winter,8.389669595038313,0.7701559644520612,11.674151939892663,477.56599350485436,98.28813786853256,18.864614826410968,0
Mizoram,Pre-Monsoon,8.39965076589936,1.1440587926518258,7.04688215224113,400.02042772745074,58.98697942164668,34.56377932585189,0
Arunachal Pradesh,Winter,6.795690026896693,2.08895960509938,12.39622764673809,188.72998471104103,30.60539173870927,24.533269673232986,0
Nagaland,Post-Monsoon,7.064874063639401,3.6295434903053443,18.794994733587867,532.9800702766726,90.08500285214181,17.242102866977138,0
Assam,Winter,7.452459708243731,0.6820753720160764,42.948270788590875,252.99607854017273,124.43009565449401,15.812931165317254,0
Arunachal Pradesh,Post-Monsoon,8.009816135724952,1.9880762664612972,10.547021328862021,328.5008918829185,45.931380050460554,21.93071924854234,0
Nagaland,Winter,7.739498864689633,3.5874301772570707,14.91234871692243,592.4647377985937,81.62422423377424,22.35174353596735,0
Manipur,Monsoon,6.562409547461298,13.62673519702942,3.6393091516201737,803.1999331054625,389.55445640496094,26.280967190807058,1
Arunachal Pradesh,Winter,6.718853617687902,3.869870713503275,46.00812380640558,109.47649579260066,74.59683585403931,21.280754746266016,0
Tripura,Pre-Monsoon,7.720614406149801,1.6626910572295936,21.098176864773265,669.864034882465,60.105487519801024,28.009146346394758,0
Nagaland,Post-Monsoon,6.066022549102833,0.9418594449729256,27.43058995424815,27.06631137258205,139.6808879922573,27.961532071725248,0
Mizoram,Post-Monsoon,6.125430787675297,2.482022197308174,41.338653450954716,117.8677360450448,65.10791665699433,28.42406391466773,0
Arunachal Pradesh,Post-Monsoon,6.1206463530974595,2.5949491770988193,30.327999166272996,446.01664337284626,20.866494075301198,22.435544580137098,0
Sikkim,Post-Monsoon,7.50376531275791,2.526543212942261,15.861629749965733,564.9167729323162,50.92065193213039,34.68832430806361,0
Tripura,Winter,6.6629555866512185,3.4525549360120955,16.692976826101873,164.67374303104847,27.91350785973325,27.389359314094285,0
Meghalaya,Pre-Monsoon,7.7248012891443345,1.8242416295804411,46.181798656644354,149.65465382760368,89.42787518022115,26.319326552865103,0
Manipur,Monsoon,8.10283258626444,8.107162976637351,11.536102014835652,1597.916287863887,403.2816493937181,15.390165556692306,1
